Date,Revenue,COGS,Split,year,month,day,day_of_week,is_weekend,quarter,is_month_start,is_month_end,month_sin,month_cos,dow_sin,dow_cos,is_holiday,is_tet,active_promos,rev_lag_1,cogs_lag_1,rev_lag_7,cogs_lag_7,rev_lag_14,cogs_lag_14,rev_lag_30,cogs_lag_30,rev_lag_365,cogs_lag_365
2013-07-04,2521315.44,2408274.98,Train,2013,7,4,3,0,3,0,0,-0.4999999999999997,-0.8660254037844388,0.43388373911755823,-0.900968867902419,0,0,1,8038680.63,7869401.17,7748199.74,7462815.86,7078652.68,5515676.8,5397308.75,4297393.33,5123547.94,3982991.19
2013-07-05,2494107.65,2432073.97,Train,2013,7,5,4,0,3,0,0,-0.4999999999999997,-0.8660254037844388,-0.433883739117558,-0.9009688679024191,0,0,1,2521315.44,2408274.98,6285354.21,6043485.1,5526354.45,4396745.86,6860958.96,5505167.85,2751773.45,2150580.23
2013-07-06,2452372.43,2331799.51,Train,2013,7,6,5,1,3,0,0,-0.4999999999999997,-0.8660254037844388,-0.9749279121818236,-0.2225209339563146,0,0,1,2494107.65,2432073.97,9546012.78,9167617.84,5117274.96,4111300.17,5692902.11,4632206.37,3054029.42,2517632.84
2013-07-07,2958215.01,2950992.63,Train,2013,7,7,6,1,3,0,0,-0.4999999999999997,-0.8660254037844388,-0.7818314824680299,0.6234898018587334,0,0,1,2452372.43,2331799.51,7372318.59,7149429.97,5844565.63,4855247.11,3843507.28,2986865.05,2667930.94,2108246.62
2013-07-08,2571901.18,2450996.77,Train,2013,7,8,0,0,3,0,0,-0.4999999999999997,-0.8660254037844388,0.0,1.0,0,0,1,2958215.01,2950992.63,6359864.53,6248239.94,5243774.5,4800223.91,3646959.35,2897196.14,2360851.9,1808622.79
2013-07-09,4624825.33,4592718.95,Train,2013,7,9,1,0,3,0,0,-0.4999999999999997,-0.8660254037844388,0.7818314824680298,0.6234898018587336,0,0,1,2571901.18,2450996.77,7209130.33,6927420.38,6728887.1,6142934.34,3880132.51,3070545.08,3548386.46,2787841.68
2013-07-10,3855254.64,3797797.81,Train,2013,7,10,2,0,3,0,0,-0.4999999999999997,-0.8660254037844388,0.9749279121818236,-0.22252093395631434,0,0,1,4624825.33,4592718.95,8038680.63,7869401.17,8817278.13,8290194.65,4476887.83,3582347.82,5234938.62,4044438.84
2013-07-11,5785320.61,5626075.87,Train,2013,7,11,3,0,3,0,0,-0.4999999999999997,-0.8660254037844388,0.43388373911755823,-0.900968867902419,0,0,1,3855254.64,3797797.81,2521315.44,2408274.98,7748199.74,7462815.86,5003847.86,3903592.44,5582884.78,4338313.07
2013-07-12,6053300.71,5886949.95,Train,2013,7,12,4,0,3,0,0,-0.4999999999999997,-0.8660254037844388,-0.433883739117558,-0.9009688679024191,0,0,1,5785320.61,5626075.87,2494107.65,2432073.97,6285354.21,6043485.1,7209020.15,5796177.46,5734632.02,4458811.27
2013-07-13,4161301.31,3995435.41,Train,2013,7,13,5,1,3,0,0,-0.4999999999999997,-0.8660254037844388,-0.9749279121818236,-0.2225209339563146,0,0,1,6053300.71,5886949.95,2452372.43,2331799.51,9546012.78,9167617.84,6845836.24,5559998.61,5309511.71,4143402.78
2013-07-14,4482102.22,4419156.67,Train,2013,7,14,6,1,3,0,0,-0.4999999999999997,-0.8660254037844388,-0.7818314824680299,0.6234898018587334,0,0,1,4161301.31,3995435.41,2958215.01,2950992.63,7372318.59,7149429.97,4871516.57,3975403.65,3820831.41,3075464.87
2013-07-15,4387240.36,4219310.04,Train,2013,7,15,0,0,3,0,0,-0.4999999999999997,-0.8660254037844388,0.0,1.0,0,0,1,4482102.22,4419156.67,2571901.18,2450996.77,6359864.53,6248239.94,5166292.57,4029821.84,3948841.28,3154482.05
2013-07-16,4411030.39,4135243.61,Train,2013,7,16,1,0,3,0,0,-0.4999999999999997,-0.8660254037844388,0.7818314824680298,0.6234898018587336,0,0,1,4387240.36,4219310.04,4624825.33,4592718.95,7209130.33,6927420.38,5794009.15,4551326.63,3503801.49,2708219.59
2013-07-17,4475453.64,4375610.63,Train,2013,7,17,2,0,3,0,0,-0.4999999999999997,-0.8660254037844388,0.9749279121818236,-0.22252093395631434,0,0,1,4411030.39,4135243.61,3855254.64,3797797.81,8038680.63,7869401.17,5795298.96,4637293.92,4476729.49,3463061.65
2013-07-18,6265533.39,6163756.55,Train,2013,7,18,3,0,3,0,0,-0.4999999999999997,-0.8660254037844388,0.43388373911755823,-0.900968867902419,0,0,1,4475453.64,4375610.63,5785320.61,5626075.87,2521315.44,2408274.98,6632615.61,5459331.17,5184141.46,4072012.16
2013-07-19,6310739.5,5960928.51,Train,2013,7,19,4,0,3,0,0,-0.4999999999999997,-0.8660254037844388,-0.433883739117558,-0.9009688679024191,0,0,1,6265533.39,6163756.55,6053300.71,5886949.95,2494107.65,2432073.97,7437341.02,6031157.35,6421487.11,5007270.91
2013-07-20,4157746.85,3978173.28,Train,2013,7,20,5,1,3,0,0,-0.4999999999999997,-0.8660254037844388,-0.9749279121818236,-0.2225209339563146,0,0,1,6310739.5,5960928.51,4161301.31,3995435.41,2452372.43,2331799.51,7078652.68,5515676.8,5171470.46,4213989.64
2013-07-21,4847680.2,4301699.27,Train,2013,7,21,6,1,3,0,0,-0.4999999999999997,-0.8660254037844388,-0.7818314824680299,0.6234898018587334,0,0,1,4157746.85,3978173.28,4482102.22,4419156.67,2958215.01,2950992.63,5526354.45,4396745.86,3442157.02,2746075.45
2013-07-22,5926190.4,5032346.99,Train,2013,7,22,0,0,3,0,0,-0.4999999999999997,-0.8660254037844388,0.0,1.0,0,0,1,4847680.2,4301699.27,4387240.36,4219310.04,2571901.18,2450996.77,5117274.96,4111300.17,3117550.57,2531656.38
2013-07-23,4436778.28,3552350.42,Train,2013,7,23,1,0,3,0,0,-0.4999999999999997,-0.8660254037844388,0.7818314824680298,0.6234898018587336,0,0,0,5926190.4,5032346.99,4411030.39,4135243.61,4624825.33,4592718.95,5844565.63,4855247.11,4730517.69,3685006.66
2013-07-24,7329505.1,5924978.27,Train,2013,7,24,2,0,3,0,0,-0.4999999999999997,-0.8660254037844388,0.9749279121818236,-0.22252093395631434,0,0,0,4436778.28,3552350.42,4475453.64,4375610.63,3855254.64,3797797.81,5243774.5,4800223.91,4096496.12,3248450.65
2013-07-25,6342757.31,4978292.65,Train,2013,7,25,3,0,3,0,0,-0.4999999999999997,-0.8660254037844388,0.43388373911755823,-0.900968867902419,0,0,0,7329505.1,5924978.27,6265533.39,6163756.55,5785320.61,5626075.87,6728887.1,6142934.34,5246688.08,4140019.37
2013-07-26,6941436.71,5543496.22,Train,2013,7,26,4,0,3,0,0,-0.4999999999999997,-0.8660254037844388,-0.433883739117558,-0.9009688679024191,0,0,0,6342757.31,4978292.65,6310739.5,5960928.51,6053300.71,5886949.95,8817278.13,8290194.65,5851965.06,4579171.74
2013-07-27,4353958.13,3499528.32,Train,2013,7,27,5,1,3,0,0,-0.4999999999999997,-0.8660254037844388,-0.9749279121818236,-0.2225209339563146,0,0,0,6941436.71,5543496.22,4157746.85,3978173.28,4161301.31,3995435.41,7748199.74,7462815.86,5156699.45,3989402.2
2013-07-28,6017516.42,4917333.26,Train,2013,7,28,6,1,3,0,0,-0.4999999999999997,-0.8660254037844388,-0.7818314824680299,0.6234898018587334,0,0,0,4353958.13,3499528.32,4847680.2,4301699.27,4482102.22,4419156.67,6285354.21,6043485.1,4326956.84,3403662.59
2013-07-29,8158241.16,6599164.67,Train,2013,7,29,0,0,3,0,0,-0.4999999999999997,-0.8660254037844388,0.0,1.0,0,0,0,6017516.42,4917333.26,5926190.4,5032346.99,4387240.36,4219310.04,9546012.78,9167617.84,4804199.65,3819645.91
2013-07-30,7711378.77,7073525.07,Train,2013,7,30,1,0,3,0,0,-0.4999999999999997,-0.8660254037844388,0.7818314824680298,0.6234898018587336,0,0,1,8158241.16,6599164.67,4436778.28,3552350.42,4411030.39,4135243.61,7372318.59,7149429.97,6586130.95,5195109.56
2013-07-31,10104475.36,10851542.12,Train,2013,7,31,2,0,3,0,1,-0.4999999999999997,-0.8660254037844388,0.9749279121818236,-0.22252093395631434,0,0,1,7711378.77,7073525.07,7329505.1,5924978.27,4475453.64,4375610.63,6359864.53,6248239.94,9151622.14,7142891.18
2013-08-01,10998208.4,12167214.07,Train,2013,8,1,3,0,3,1,0,-0.8660254037844385,-0.5000000000000004,0.43388373911755823,-0.900968867902419,0,0,1,10104475.36,10851542.12,6342757.31,4978292.65,6265533.39,6163756.55,7209130.33,6927420.38,9148357.3,7308514.33
2013-08-02,7422715.15,9601836.11,Train,2013,8,2,4,0,3,0,0,-0.8660254037844385,-0.5000000000000004,-0.433883739117558,-0.9009688679024191,0,0,1,10998208.4,12167214.07,6941436.71,5543496.22,6310739.5,5960928.51,8038680.63,7869401.17,9692427.0,7537501.15
2013-08-03,5599602.67,7786528.35,Train,2013,8,3,5,1,3,0,0,-0.8660254037844385,-0.5000000000000004,-0.9749279121818236,-0.2225209339563146,0,0,1,7422715.15,9601836.11,4353958.13,3499528.32,4157746.85,3978173.28,2521315.44,2408274.98,9297269.95,7118808.46
2013-08-04,5021938.29,7089757.76,Train,2013,8,4,6,1,3,0,0,-0.8660254037844385,-0.5000000000000004,-0.7818314824680299,0.6234898018587334,0,0,1,5599602.67,7786528.35,6017516.42,4917333.26,4847680.2,4301699.27,2494107.65,2432073.97,6384195.03,5087528.11
2013-08-05,2231563.34,3064145.21,Train,2013,8,5,0,0,3,0,0,-0.8660254037844385,-0.5000000000000004,0.0,1.0,0,0,1,5021938.29,7089757.76,8158241.16,6599164.67,5926190.4,5032346.99,2452372.43,2331799.51,2359224.19,1863413.11
2013-08-06,2493225.51,3592496.3,Train,2013,8,6,1,0,3,0,0,-0.8660254037844385,-0.5000000000000004,0.7818314824680298,0.6234898018587336,0,0,1,2231563.34,3064145.21,7711378.77,7073525.07,4436778.28,3552350.42,2958215.01,2950992.63,3630003.7,2922718.71
2013-08-07,2638845.23,3381813.66,Train,2013,8,7,2,0,3,0,0,-0.8660254037844385,-0.5000000000000004,0.9749279121818236,-0.22252093395631434,0,0,1,2493225.51,3592496.3,10104475.36,10851542.12,7329505.1,5924978.27,2571901.18,2450996.77,2240253.44,1781265.84
2013-08-08,3065089.0,4223344.7,Train,2013,8,8,3,0,3,0,0,-0.8660254037844385,-0.5000000000000004,0.43388373911755823,-0.900968867902419,0,0,1,2638845.23,3381813.66,10998208.4,12167214.07,6342757.31,4978292.65,4624825.33,4592718.95,2617553.36,1997006.42
2013-08-09,2598855.08,3418548.13,Train,2013,8,9,4,0,3,0,0,-0.8660254037844385,-0.5000000000000004,-0.433883739117558,-0.9009688679024191,0,0,1,3065089.0,4223344.7,7422715.15,9601836.11,6941436.71,5543496.22,3855254.64,3797797.81,4478691.52,3621672.71
2013-08-10,1776113.02,2320738.01,Train,2013,8,10,5,1,3,0,0,-0.8660254037844385,-0.5000000000000004,-0.9749279121818236,-0.2225209339563146,0,0,1,2598855.08,3418548.13,5599602.67,7786528.35,4353958.13,3499528.32,5785320.61,5626075.87,3412496.65,2699279.56
2013-08-11,2074476.53,2834815.33,Train,2013,8,11,6,1,3,0,0,-0.8660254037844385,-0.5000000000000004,-0.7818314824680299,0.6234898018587334,0,0,1,1776113.02,2320738.01,5021938.29,7089757.76,6017516.42,4917333.26,6053300.71,5886949.95,2732604.35,2168668.05
2013-08-12,1933036.01,2566277.36,Train,2013,8,12,0,0,3,0,0,-0.8660254037844385,-0.5000000000000004,0.0,1.0,0,0,1,2074476.53,2834815.33,2231563.34,3064145.21,8158241.16,6599164.67,4161301.31,3995435.41,3388181.83,2654275.25
2013-08-13,2531884.21,3266499.42,Train,2013,8,13,1,0,3,0,0,-0.8660254037844385,-0.5000000000000004,0.7818314824680298,0.6234898018587336,0,0,1,1933036.01,2566277.36,2493225.51,3592496.3,7711378.77,7073525.07,4482102.22,4419156.67,3928170.01,3189564.96
2013-08-14,2791478.67,3740726.27,Train,2013,8,14,2,0,3,0,0,-0.8660254037844385,-0.5000000000000004,0.9749279121818236,-0.22252093395631434,0,0,1,2531884.21,3266499.42,2638845.23,3381813.66,10104475.36,10851542.12,4387240.36,4219310.04,4033912.16,3258198.58
2013-08-15,3665019.45,4896607.22,Train,2013,8,15,3,0,3,0,0,-0.8660254037844385,-0.5000000000000004,0.43388373911755823,-0.900968867902419,0,0,1,2791478.67,3740726.27,3065089.0,4223344.7,10998208.4,12167214.07,4411030.39,4135243.61,3780293.26,2886923.59
2013-08-16,3619170.1,4661015.06,Train,2013,8,16,4,0,3,0,0,-0.8660254037844385,-0.5000000000000004,-0.433883739117558,-0.9009688679024191,0,0,1,3665019.45,4896607.22,2598855.08,3418548.13,7422715.15,9601836.11,4475453.64,4375610.63,5249978.18,4222455.97
2013-08-17,3066137.96,4129676.85,Train,2013,8,17,5,1,3,0,0,-0.8660254037844385,-0.5000000000000004,-0.9749279121818236,-0.2225209339563146,0,0,1,3619170.1,4661015.06,1776113.02,2320738.01,5599602.67,7786528.35,6265533.39,6163756.55,4089284.05,3238908.92
2013-08-18,2385617.18,2947242.18,Train,2013,8,18,6,1,3,0,0,-0.8660254037844385,-0.5000000000000004,-0.7818314824680299,0.6234898018587334,0,0,1,3066137.96,4129676.85,2074476.53,2834815.33,5021938.29,7089757.76,6310739.5,5960928.51,3450015.71,2808916.94
2013-08-19,2870843.18,3669528.41,Train,2013,8,19,0,0,3,0,0,-0.8660254037844385,-0.5000000000000004,0.0,1.0,0,0,1,2385617.18,2947242.18,1933036.01,2566277.36,2231563.34,3064145.21,4157746.85,3978173.28,3904300.93,3006801.4
2013-08-20,2730112.88,3528369.0,Train,2013,8,20,1,0,3,0,0,-0.8660254037844385,-0.5000000000000004,0.7818314824680298,0.6234898018587336,0,0,1,2870843.18,3669528.41,2531884.21,3266499.42,2493225.51,3592496.3,4847680.2,4301699.27,3541027.32,2827038.81
2013-08-21,2707776.73,3591906.04,Train,2013,8,21,2,0,3,0,0,-0.8660254037844385,-0.5000000000000004,0.9749279121818236,-0.22252093395631434,0,0,1,2730112.88,3528369.0,2791478.67,3740726.27,2638845.23,3381813.66,5926190.4,5032346.99,4147483.23,3364364.64
2013-08-22,3821233.2,5275320.79,Train,2013,8,22,3,0,3,0,0,-0.8660254037844385,-0.5000000000000004,0.43388373911755823,-0.900968867902419,0,0,1,2707776.73,3591906.04,3665019.45,4896607.22,3065089.0,4223344.7,4436778.28,3552350.42,4597682.81,3562468.33
2013-08-23,3454696.96,4693020.59,Train,2013,8,23,4,0,3,0,0,-0.8660254037844385,-0.5000000000000004,-0.433883739117558,-0.9009688679024191,0,0,1,3821233.2,5275320.79,3619170.1,4661015.06,2598855.08,3418548.13,7329505.1,5924978.27,5478869.55,4195738.04
2013-08-24,2837188.07,4087795.83,Train,2013,8,24,5,1,3,0,0,-0.8660254037844385,-0.5000000000000004,-0.9749279121818236,-0.2225209339563146,0,0,1,3454696.96,4693020.59,3066137.96,4129676.85,1776113.02,2320738.01,6342757.31,4978292.65,4637850.57,3632210.67
2013-08-25,3018860.44,3945685.24,Train,2013,8,25,6,1,3,0,0,-0.8660254037844385,-0.5000000000000004,-0.7818314824680299,0.6234898018587334,0,0,1,2837188.07,4087795.83,2385617.18,2947242.18,2074476.53,2834815.33,6941436.71,5543496.22,3589566.28,2784342.75
2013-08-26,3465971.03,4845153.03,Train,2013,8,26,0,0,3,0,0,-0.8660254037844385,-0.5000000000000004,0.0,1.0,0,0,1,3018860.44,3945685.24,2870843.18,3669528.41,1933036.01,2566277.36,4353958.13,3499528.32,4280204.53,3476942.48
2013-08-27,3008572.56,3950990.04,Train,2013,8,27,1,0,3,0,0,-0.8660254037844385,-0.5000000000000004,0.7818314824680298,0.6234898018587336,0,0,1,3465971.03,4845153.03,2730112.88,3528369.0,2531884.21,3266499.42,6017516.42,4917333.26,3038895.84,2365260.68
2013-08-28,3749158.5,4845899.79,Train,2013,8,28,2,0,3,0,0,-0.8660254037844385,-0.5000000000000004,0.9749279121818236,-0.22252093395631434,0,0,1,3008572.56,3950990.04,2707776.73,3591906.04,2791478.67,3740726.27,8158241.16,6599164.67,9508676.62,7439851.59
2013-08-29,6385124.62,8251851.88,Train,2013,8,29,3,0,3,0,0,-0.8660254037844385,-0.5000000000000004,0.43388373911755823,-0.900968867902419,0,0,1,3749158.5,4845899.79,3821233.2,5275320.79,3665019.45,4896607.22,7711378.77,7073525.07,9260558.32,7336294.54
2013-08-30,5499141.72,7247803.25,Train,2013,8,30,4,0,3,0,0,-0.8660254037844385,-0.5000000000000004,-0.433883739117558,-0.9009688679024191,0,0,2,6385124.62,8251851.88,3454696.96,4693020.59,3619170.1,4661015.06,10104475.36,10851542.12,10086534.1,7950911.72
2013-08-31,6810100.27,8325085.12,Train,2013,8,31,5,1,3,0,1,-0.8660254037844385,-0.5000000000000004,-0.9749279121818236,-0.2225209339563146,0,0,2,5499141.72,7247803.25,2837188.07,4087795.83,3066137.96,4129676.85,10998208.4,12167214.07,9104678.52,7277460.12
2013-09-01,6018993.92,6937336.62,Train,2013,9,1,6,1,3,1,0,-1.0,-1.8369701987210297e-16,-0.7818314824680299,0.6234898018587334,0,0,2,6810100.27,8325085.12,3018860.44,3945685.24,2385617.18,2947242.18,7422715.15,9601836.11,8560208.92,6738335.17
2013-09-02,5386759.65,5986639.99,Train,2013,9,2,0,0,3,0,0,-1.0,-1.8369701987210297e-16,0.0,1.0,1,0,2,6018993.92,6937336.62,3465971.03,4845153.03,2870843.18,3669528.41,5599602.67,7786528.35,2587099.44,1946097.28
2013-09-03,4126941.12,3701795.41,Train,2013,9,3,1,0,3,0,0,-1.0,-1.8369701987210297e-16,0.7818314824680298,0.6234898018587336,0,0,1,5386759.65,5986639.99,3008572.56,3950990.04,2730112.88,3528369.0,5021938.29,7089757.76,3865505.01,3063431.08
2013-09-04,5401049.96,4808183.3,Train,2013,9,4,2,0,3,0,0,-1.0,-1.8369701987210297e-16,0.9749279121818236,-0.22252093395631434,0,0,1,4126941.12,3701795.41,3749158.5,4845899.79,2707776.73,3591906.04,2231563.34,3064145.21,3645749.44,2876968.79
2013-09-05,3168900.6,2729766.04,Train,2013,9,5,3,0,3,0,0,-1.0,-1.8369701987210297e-16,0.43388373911755823,-0.900968867902419,0,0,1,5401049.96,4808183.3,6385124.62,8251851.88,3821233.2,5275320.79,2493225.51,3592496.3,2398185.51,1966376.48
2013-09-06,2705040.33,2367475.06,Train,2013,9,6,4,0,3,0,0,-1.0,-1.8369701987210297e-16,-0.433883739117558,-0.9009688679024191,0,0,1,3168900.6,2729766.04,5499141.72,7247803.25,3454696.96,4693020.59,2638845.23,3381813.66,2858227.37,2147909.96
2013-09-07,2468479.29,2187848.67,Train,2013,9,7,5,1,3,0,0,-1.0,-1.8369701987210297e-16,-0.9749279121818236,-0.2225209339563146,0,0,1,2705040.33,2367475.06,6810100.27,8325085.12,2837188.07,4087795.83,3065089.0,4223344.7,3282753.8,2580035.06
2013-09-08,3056823.21,2611808.27,Train,2013,9,8,6,1,3,0,0,-1.0,-1.8369701987210297e-16,-0.7818314824680299,0.6234898018587334,0,0,1,2468479.29,2187848.67,6018993.92,6937336.62,3018860.44,3945685.24,2598855.08,3418548.13,3666204.89,2804001.32
2013-09-09,3771227.87,3399993.99,Train,2013,9,9,0,0,3,0,0,-1.0,-1.8369701987210297e-16,0.0,1.0,0,0,1,3056823.21,2611808.27,5386759.65,5986639.99,3465971.03,4845153.03,1776113.02,2320738.01,4458501.42,3589475.8
2013-09-10,5357130.97,4737093.81,Train,2013,9,10,1,0,3,0,0,-1.0,-1.8369701987210297e-16,0.7818314824680298,0.6234898018587336,0,0,1,3771227.87,3399993.99,4126941.12,3701795.41,3008572.56,3950990.04,2074476.53,2834815.33,4548962.79,3517300.88
2013-09-11,4636476.74,4075727.91,Train,2013,9,11,2,0,3,0,0,-1.0,-1.8369701987210297e-16,0.9749279121818236,-0.22252093395631434,0,0,1,5357130.97,4737093.81,5401049.96,4808183.3,3749158.5,4845899.79,1933036.01,2566277.36,4021565.55,3264364.41
2013-09-12,3865949.23,3502787.78,Train,2013,9,12,3,0,3,0,0,-1.0,-1.8369701987210297e-16,0.43388373911755823,-0.900968867902419,0,0,1,4636476.74,4075727.91,3168900.6,2729766.04,6385124.62,8251851.88,2531884.21,3266499.42,3335978.29,2673690.65
2013-09-13,3034568.95,2783517.1,Train,2013,9,13,4,0,3,0,0,-1.0,-1.8369701987210297e-16,-0.433883739117558,-0.9009688679024191,0,0,1,3865949.23,3502787.78,2705040.33,2367475.06,5499141.72,7247803.25,2791478.67,3740726.27,2609609.29,2103806.97
2013-09-14,3664631.38,3289032.18,Train,2013,9,14,5,1,3,0,0,-1.0,-1.8369701987210297e-16,-0.9749279121818236,-0.2225209339563146,0,0,1,3034568.95,2783517.1,2468479.29,2187848.67,6810100.27,8325085.12,3665019.45,4896607.22,3729228.43,2835412.27
2013-09-15,3078369.62,2753095.6,Train,2013,9,15,6,1,3,0,0,-1.0,-1.8369701987210297e-16,-0.7818314824680299,0.6234898018587334,0,0,1,3664631.38,3289032.18,3056823.21,2611808.27,6018993.92,6937336.62,3619170.1,4661015.06,3605125.64,2849539.9
2013-09-16,3927167.34,3489729.16,Train,2013,9,16,0,0,3,0,0,-1.0,-1.8369701987210297e-16,0.0,1.0,0,0,1,3078369.62,2753095.6,3771227.87,3399993.99,5386759.65,5986639.99,3066137.96,4129676.85,4452012.44,3561492.95
2013-09-17,5410121.46,4728526.43,Train,2013,9,17,1,0,3,0,0,-1.0,-1.8369701987210297e-16,0.7818314824680298,0.6234898018587336,0,0,1,3927167.34,3489729.16,5357130.97,4737093.81,4126941.12,3701795.41,2385617.18,2947242.18,4811788.67,3932069.23
2013-09-18,4460453.69,3992756.75,Train,2013,9,18,2,0,3,0,0,-1.0,-1.8369701987210297e-16,0.9749279121818236,-0.22252093395631434,0,0,1,5410121.46,4728526.43,4636476.74,4075727.91,5401049.96,4808183.3,2870843.18,3669528.41,5078878.07,4123200.89
2013-09-19,2995364.48,2599191.98,Train,2013,9,19,3,0,3,0,0,-1.0,-1.8369701987210297e-16,0.43388373911755823,-0.900968867902419,0,0,1,4460453.69,3992756.75,3865949.23,3502787.78,3168900.6,2729766.04,2730112.88,3528369.0,3680241.62,3014323.76
2013-09-20,3316913.08,3045593.87,Train,2013,9,20,4,0,3,0,0,-1.0,-1.8369701987210297e-16,-0.433883739117558,-0.9009688679024191,0,0,1,2995364.48,2599191.98,3034568.95,2783517.1,2705040.33,2367475.06,2707776.73,3591906.04,3763143.75,3080273.62
2013-09-21,3799564.88,3399323.86,Train,2013,9,21,5,1,3,0,0,-1.0,-1.8369701987210297e-16,-0.9749279121818236,-0.2225209339563146,0,0,1,3316913.08,3045593.87,3664631.38,3289032.18,2468479.29,2187848.67,3821233.2,5275320.79,3943768.14,2978697.93
2013-09-22,3243304.2,2980813.06,Train,2013,9,22,6,1,3,0,0,-1.0,-1.8369701987210297e-16,-0.7818314824680299,0.6234898018587334,0,0,1,3799564.88,3399323.86,3078369.62,2753095.6,3056823.21,2611808.27,3454696.96,4693020.59,3872374.03,3011266.74
2013-09-23,4426354.9,3977701.82,Train,2013,9,23,0,0,3,0,0,-1.0,-1.8369701987210297e-16,0.0,1.0,0,0,1,3243304.2,2980813.06,3927167.34,3489729.16,3771227.87,3399993.99,2837188.07,4087795.83,4118299.54,3294951.2
2013-09-24,4673257.46,4051335.39,Train,2013,9,24,1,0,3,0,0,-1.0,-1.8369701987210297e-16,0.7818314824680298,0.6234898018587336,0,0,1,4426354.9,3977701.82,5410121.46,4728526.43,5357130.97,4737093.81,3018860.44,3945685.24,5733263.53,4585762.62
2013-09-25,4851490.55,4336304.71,Train,2013,9,25,2,0,3,0,0,-1.0,-1.8369701987210297e-16,0.9749279121818236,-0.22252093395631434,0,0,1,4673257.46,4051335.39,4460453.69,3992756.75,4636476.74,4075727.91,3465971.03,4845153.03,5639897.53,4502395.62
2013-09-26,4120039.5,3761711.17,Train,2013,9,26,3,0,3,0,0,-1.0,-1.8369701987210297e-16,0.43388373911755823,-0.900968867902419,0,0,1,4851490.55,4336304.71,2995364.48,2599191.98,3865949.23,3502787.78,3008572.56,3950990.04,4592282.59,3670417.04
2013-09-27,4676571.41,4202205.54,Train,2013,9,27,4,0,3,0,0,-1.0,-1.8369701987210297e-16,-0.433883739117558,-0.9009688679024191,0,0,1,4120039.5,3761711.17,3316913.08,3045593.87,3034568.95,2783517.1,3749158.5,4845899.79,7556892.66,6017108.13
2013-09-28,7035889.97,6246182.51,Train,2013,9,28,5,1,3,0,0,-1.0,-1.8369701987210297e-16,-0.9749279121818236,-0.2225209339563146,0,0,1,4676571.41,4202205.54,3799564.88,3399323.86,3664631.38,3289032.18,6385124.62,8251851.88,4892631.14,3884590.92
2013-09-29,5087376.98,4359895.07,Train,2013,9,29,6,1,3,0,0,-1.0,-1.8369701987210297e-16,-0.7818314824680299,0.6234898018587334,0,0,1,7035889.97,6246182.51,3243304.2,2980813.06,3078369.62,2753095.6,5499141.72,7247803.25,5304374.46,4170120.63
2013-09-30,5768935.23,5117966.77,Train,2013,9,30,0,0,3,0,1,-1.0,-1.8369701987210297e-16,0.0,1.0,0,0,1,5087376.98,4359895.07,4426354.9,3977701.82,3927167.34,3489729.16,6810100.27,8325085.12,4694379.86,3812737.52
2013-10-01,5389130.81,4591599.54,Train,2013,10,1,1,0,4,1,0,-0.8660254037844386,0.5000000000000001,0.7818314824680298,0.6234898018587336,0,0,1,5768935.23,5117966.77,4673257.46,4051335.39,5410121.46,4728526.43,6018993.92,6937336.62,4752532.1,3764447.04
2013-10-02,5393969.29,4651419.05,Train,2013,10,2,2,0,4,0,0,-0.8660254037844386,0.5000000000000001,0.9749279121818236,-0.22252093395631434,0,0,1,5389130.81,4591599.54,4851490.55,4336304.71,4460453.69,3992756.75,5386759.65,5986639.99,3233135.78,2566510.62
2013-10-03,2026611.74,1672946.51,Train,2013,10,3,3,0,4,0,0,-0.8660254037844386,0.5000000000000001,0.43388373911755823,-0.900968867902419,0,0,0,5393969.29,4651419.05,4120039.5,3761711.17,2995364.48,2599191.98,4126941.12,3701795.41,3515132.03,2762823.63
2013-10-04,2912944.43,2284930.64,Train,2013,10,4,4,0,4,0,0,-0.8660254037844386,0.5000000000000001,-0.433883739117558,-0.9009688679024191,0,0,0,2026611.74,1672946.51,4676571.41,4202205.54,3316913.08,3045593.87,5401049.96,4808183.3,2398137.74,1902425.74
2013-10-05,2463961.82,1952842.64,Train,2013,10,5,5,1,4,0,0,-0.8660254037844386,0.5000000000000001,-0.9749279121818236,-0.2225209339563146,0,0,0,2912944.43,2284930.64,7035889.97,6246182.51,3799564.88,3399323.86,3168900.6,2729766.04,2665953.06,2064899.19
2013-10-06,2875234.12,2170808.86,Train,2013,10,6,6,1,4,0,0,-0.8660254037844386,0.5000000000000001,-0.7818314824680299,0.6234898018587334,0,0,0,2463961.82,1952842.64,5087376.98,4359895.07,3243304.2,2980813.06,2705040.33,2367475.06,2205266.94,1755004.4
2013-10-07,2084519.3,1674894.34,Train,2013,10,7,0,0,4,0,0,-0.8660254037844386,0.5000000000000001,0.0,1.0,0,0,0,2875234.12,2170808.86,5768935.23,5117966.77,4426354.9,3977701.82,2468479.29,2187848.67,3389598.07,2725469.75
2013-10-08,2982770.86,2404722.52,Train,2013,10,8,1,0,4,0,0,-0.8660254037844386,0.5000000000000001,0.7818314824680298,0.6234898018587336,0,0,0,2084519.3,1674894.34,5389130.81,4591599.54,4673257.46,4051335.39,3056823.21,2611808.27,4037039.45,3285493.04
2013-10-09,3524600.98,2822967.5,Train,2013,10,9,2,0,4,0,0,-0.8660254037844386,0.5000000000000001,0.9749279121818236,-0.22252093395631434,0,0,0,2982770.86,2404722.52,5393969.29,4651419.05,4851490.55,4336304.71,3771227.87,3399993.99,4298675.76,3472700.63
2013-10-10,4018321.34,3267316.51,Train,2013,10,10,3,0,4,0,0,-0.8660254037844386,0.5000000000000001,0.43388373911755823,-0.900968867902419,0,0,0,3524600.98,2822967.5,2026611.74,1672946.51,4120039.5,3761711.17,5357130.97,4737093.81,3548716.67,2839202.59
2013-10-11,1938342.36,1556262.82,Train,2013,10,11,4,0,4,0,0,-0.8660254037844386,0.5000000000000001,-0.433883739117558,-0.9009688679024191,0,0,0,4018321.34,3267316.51,2912944.43,2284930.64,4676571.41,4202205.54,4636476.74,4075727.91,3421490.39,2765374.16
2013-10-12,3170838.37,2562812.71,Train,2013,10,12,5,1,4,0,0,-0.8660254037844386,0.5000000000000001,-0.9749279121818236,-0.2225209339563146,0,0,0,1938342.36,1556262.82,2463961.82,1952842.64,7035889.97,6246182.51,3865949.23,3502787.78,2380119.87,1830898.15
2013-10-13,3719451.39,2946745.46,Train,2013,10,13,6,1,4,0,0,-0.8660254037844386,0.5000000000000001,-0.7818314824680299,0.6234898018587334,0,0,0,3170838.37,2562812.71,2875234.12,2170808.86,5087376.98,4359895.07,3034568.95,2783517.1,2798011.44,2256579.15
2013-10-14,3097590.81,2398025.79,Train,2013,10,14,0,0,4,0,0,-0.8660254037844386,0.5000000000000001,0.0,1.0,0,0,0,3719451.39,2946745.46,2084519.3,1674894.34,5768935.23,5117966.77,3664631.38,3289032.18,3055629.78,2516987.32
2013-10-15,4062456.23,3281418.54,Train,2013,10,15,1,0,4,0,0,-0.8660254037844386,0.5000000000000001,0.7818314824680298,0.6234898018587336,0,0,0,3097590.81,2398025.79,2982770.86,2404722.52,5389130.81,4591599.54,3078369.62,2753095.6,3234517.3,2632811.8
2013-10-16,4801027.51,3944302.72,Train,2013,10,16,2,0,4,0,0,-0.8660254037844386,0.5000000000000001,0.9749279121818236,-0.22252093395631434,0,0,0,4062456.23,3281418.54,3524600.98,2822967.5,5393969.29,4651419.05,3927167.34,3489729.16,3549298.21,2763325.25
2013-10-17,3348412.32,2713865.33,Train,2013,10,17,3,0,4,0,0,-0.8660254037844386,0.5000000000000001,0.43388373911755823,-0.900968867902419,0,0,0,4801027.51,3944302.72,4018321.34,3267316.51,2026611.74,1672946.51,5410121.46,4728526.43,3818048.0,3108682.75
2013-10-18,3238854.55,2560313.88,Train,2013,10,18,4,0,4,0,0,-0.8660254037844386,0.5000000000000001,-0.433883739117558,-0.9009688679024191,0,0,0,3348412.32,2713865.33,1938342.36,1556262.82,2912944.43,2284930.64,4460453.69,3992756.75,2909728.89,2301277.14
2013-10-19,3376648.2,2769325.22,Train,2013,10,19,5,1,4,0,0,-0.8660254037844386,0.5000000000000001,-0.9749279121818236,-0.2225209339563146,0,0,0,3238854.55,2560313.88,3170838.37,2562812.71,2463961.82,1952842.64,2995364.48,2599191.98,2877379.81,2352068.71
2013-10-20,2888479.98,2302148.44,Train,2013,10,20,6,1,4,0,0,-0.8660254037844386,0.5000000000000001,-0.7818314824680299,0.6234898018587334,0,0,0,3376648.2,2769325.22,3719451.39,2946745.46,2875234.12,2170808.86,3316913.08,3045593.87,3242557.3,2647331.71
2013-10-21,3409990.75,2751364.44,Train,2013,10,21,0,0,4,0,0,-0.8660254037844386,0.5000000000000001,0.0,1.0,0,0,0,2888479.98,2302148.44,3097590.81,2398025.79,2084519.3,1674894.34,3799564.88,3399323.86,2395609.91,1920246.47
2013-10-22,3932052.89,3189287.97,Train,2013,10,22,1,0,4,0,0,-0.8660254037844386,0.5000000000000001,0.7818314824680298,0.6234898018587336,0,0,0,3409990.75,2751364.44,4062456.23,3281418.54,2982770.86,2404722.52,3243304.2,2980813.06,3596158.34,2873316.18
2013-10-23,4895108.72,3861527.06,Train,2013,10,23,2,0,4,0,0,-0.8660254037844386,0.5000000000000001,0.9749279121818236,-0.22252093395631434,0,0,0,3932052.89,3189287.97,4801027.51,3944302.72,3524600.98,2822967.5,4426354.9,3977701.82,3999141.88,3151858.27
2013-10-24,4333852.18,3403031.49,Train,2013,10,24,3,0,4,0,0,-0.8660254037844386,0.5000000000000001,0.43388373911755823,-0.900968867902419,0,0,0,4895108.72,3861527.06,3348412.32,2713865.33,4018321.34,3267316.51,4673257.46,4051335.39,3829179.99,3037851.31
2013-10-25,3503713.92,2743366.59,Train,2013,10,25,4,0,4,0,0,-0.8660254037844386,0.5000000000000001,-0.433883739117558,-0.9009688679024191,0,0,0,4333852.18,3403031.49,3238854.55,2560313.88,1938342.36,1556262.82,4851490.55,4336304.71,3104460.52,2528526.7
2013-10-26,2923604.47,2331573.03,Train,2013,10,26,5,1,4,0,0,-0.8660254037844386,0.5000000000000001,-0.9749279121818236,-0.2225209339563146,0,0,0,3503713.92,2743366.59,3376648.2,2769325.22,3170838.37,2562812.71,4120039.5,3761711.17,2138927.17,1671777.12
2013-10-27,2949737.88,2365410.99,Train,2013,10,27,6,1,4,0,0,-0.8660254037844386,0.5000000000000001,-0.7818314824680299,0.6234898018587334,0,0,0,2923604.47,2331573.03,2888479.98,2302148.44,3719451.39,2946745.46,4676571.41,4202205.54,2816872.34,2296869.06
2013-10-28,3235799.73,2588267.2,Train,2013,10,28,0,0,4,0,0,-0.8660254037844386,0.5000000000000001,0.0,1.0,0,0,0,2949737.88,2365410.99,3409990.75,2751364.44,3097590.81,2398025.79,7035889.97,6246182.51,6259883.83,5044146.85
2013-10-29,5981959.98,4833162.34,Train,2013,10,29,1,0,4,0,0,-0.8660254037844386,0.5000000000000001,0.7818314824680298,0.6234898018587336,0,0,0,3235799.73,2588267.2,3932052.89,3189287.97,4062456.23,3281418.54,5087376.98,4359895.07,5424539.1,4294440.71
2013-10-30,6960811.52,5563340.73,Train,2013,10,30,2,0,4,0,0,-0.8660254037844386,0.5000000000000001,0.9749279121818236,-0.22252093395631434,0,0,0,5981959.98,4833162.34,4895108.72,3861527.06,4801027.51,3944302.72,5768935.23,5117966.77,6347274.89,5049887.71
2013-10-31,5649038.29,4525813.51,Train,2013,10,31,3,0,4,0,1,-0.8660254037844386,0.5000000000000001,0.43388373911755823,-0.900968867902419,0,0,0,6960811.52,5563340.73,4333852.18,3403031.49,3348412.32,2713865.33,5389130.81,4591599.54,4942677.89,3871571.88
2013-11-01,4823330.61,3780905.84,Train,2013,11,1,4,0,4,1,0,-0.5000000000000004,0.8660254037844384,-0.433883739117558,-0.9009688679024191,0,0,0,5649038.29,4525813.51,3503713.92,2743366.59,3238854.55,2560313.88,5393969.29,4651419.05,5536748.35,4440955.34
2013-11-02,4871579.51,3874376.58,Train,2013,11,2,5,1,4,0,0,-0.5000000000000004,0.8660254037844384,-0.9749279121818236,-0.2225209339563146,0,0,0,4823330.61,3780905.84,2923604.47,2331573.03,3376648.2,2769325.22,2026611.74,1672946.51,1936831.08,1547786.14
2013-11-03,2310551.56,1894570.42,Train,2013,11,3,6,1,4,0,0,-0.5000000000000004,0.8660254037844384,-0.7818314824680299,0.6234898018587334,0,0,0,4871579.51,3874376.58,2949737.88,2365410.99,2888479.98,2302148.44,2912944.43,2284930.64,2911848.61,2151815.97
2013-11-04,2638652.15,2128739.96,Train,2013,11,4,0,0,4,0,0,-0.5000000000000004,0.8660254037844384,0.0,1.0,0,0,0,2310551.56,1894570.42,3235799.73,2588267.2,3409990.75,2751364.44,2463961.82,1952842.64,2658832.75,2131401.7
2013-11-05,3529966.51,2818098.89,Train,2013,11,5,1,0,4,0,0,-0.5000000000000004,0.8660254037844384,0.7818314824680298,0.6234898018587336,0,0,0,2638652.15,2128739.96,5981959.98,4833162.34,3932052.89,3189287.97,2875234.12,2170808.86,3332448.46,2732792.99
2013-11-06,2440647.75,1890461.99,Train,2013,11,6,2,0,4,0,0,-0.5000000000000004,0.8660254037844384,0.9749279121818236,-0.22252093395631434,0,0,0,3529966.51,2818098.89,6960811.52,5563340.73,4895108.72,3861527.06,2084519.3,1674894.34,3439495.01,2809375.18
2013-11-07,2145217.46,1755584.37,Train,2013,11,7,3,0,4,0,0,-0.5000000000000004,0.8660254037844384,0.43388373911755823,-0.900968867902419,0,0,0,2440647.75,1890461.99,5649038.29,4525813.51,4333852.18,3403031.49,2982770.86,2404722.52,1969815.91,1538155.1
2013-11-08,2200221.02,1790704.8,Train,2013,11,8,4,0,4,0,0,-0.5000000000000004,0.8660254037844384,-0.433883739117558,-0.9009688679024191,0,0,0,2145217.46,1755584.37,4823330.61,3780905.84,3503713.92,2743366.59,3524600.98,2822967.5,2197716.17,1723412.77
2013-11-09,2018930.67,1594615.53,Train,2013,11,9,5,1,4,0,0,-0.5000000000000004,0.8660254037844384,-0.9749279121818236,-0.2225209339563146,0,0,0,2200221.02,1790704.8,4871579.51,3874376.58,2923604.47,2331573.03,4018321.34,3267316.51,2920310.06,2308918.6
2013-11-10,2722218.97,2099682.78,Train,2013,11,10,6,1,4,0,0,-0.5000000000000004,0.8660254037844384,-0.7818314824680299,0.6234898018587334,0,0,0,2018930.67,1594615.53,2310551.56,1894570.42,2949737.88,2365410.99,1938342.36,1556262.82,3124993.27,2475389.25
2013-11-11,3495969.18,2676318.51,Train,2013,11,11,0,0,4,0,0,-0.5000000000000004,0.8660254037844384,0.0,1.0,0,0,0,2722218.97,2099682.78,2638652.15,2128739.96,3235799.73,2588267.2,3170838.37,2562812.71,3484874.3,2713727.18
2013-11-12,5162437.56,3979066.87,Train,2013,11,12,1,0,4,0,0,-0.5000000000000004,0.8660254037844384,0.7818314824680298,0.6234898018587336,0,0,0,3495969.18,2676318.51,3529966.51,2818098.89,5981959.98,4833162.34,3719451.39,2946745.46,3806978.06,3077336.49
2013-11-13,4681263.25,3622930.35,Train,2013,11,13,2,0,4,0,0,-0.5000000000000004,0.8660254037844384,0.9749279121818236,-0.22252093395631434,0,0,0,5162437.56,3979066.87,2440647.75,1890461.99,6960811.52,5563340.73,3097590.81,2398025.79,3848498.06,3048755.92
2013-11-14,3118904.74,2460188.52,Train,2013,11,14,3,0,4,0,0,-0.5000000000000004,0.8660254037844384,0.43388373911755823,-0.900968867902419,0,0,0,4681263.25,3622930.35,2145217.46,1755584.37,5649038.29,4525813.51,4062456.23,3281418.54,3213518.64,2550177.92
2013-11-15,3370811.62,2719077.99,Train,2013,11,15,4,0,4,0,0,-0.5000000000000004,0.8660254037844384,-0.433883739117558,-0.9009688679024191,0,0,0,3118904.74,2460188.52,2200221.02,1790704.8,4823330.61,3780905.84,4801027.51,3944302.72,2996358.37,2282178.26
2013-11-16,3365890.12,2733920.22,Train,2013,11,16,5,1,4,0,0,-0.5000000000000004,0.8660254037844384,-0.9749279121818236,-0.2225209339563146,0,0,0,3370811.62,2719077.99,2018930.67,1594615.53,4871579.51,3874376.58,3348412.32,2713865.33,2851503.98,2255928.16
2013-11-17,2416530.15,1906202.04,Train,2013,11,17,6,1,4,0,0,-0.5000000000000004,0.8660254037844384,-0.7818314824680299,0.6234898018587334,0,0,0,3365890.12,2733920.22,2722218.97,2099682.78,2310551.56,1894570.42,3238854.55,2560313.88,3258479.4,2499839.57
2013-11-18,2109164.6,1778409.36,Train,2013,11,18,0,0,4,0,0,-0.5000000000000004,0.8660254037844384,0.0,1.0,0,0,1,2416530.15,1906202.04,3495969.18,2676318.51,2638652.15,2128739.96,3376648.2,2769325.22,3292697.97,2632996.71
2013-11-19,3237660.32,2746026.34,Train,2013,11,19,1,0,4,0,0,-0.5000000000000004,0.8660254037844384,0.7818314824680298,0.6234898018587336,0,0,1,2109164.6,1778409.36,5162437.56,3979066.87,3529966.51,2818098.89,2888479.98,2302148.44,4654711.93,3714724.53
2013-11-20,3321114.32,2983892.23,Train,2013,11,20,2,0,4,0,0,-0.5000000000000004,0.8660254037844384,0.9749279121818236,-0.22252093395631434,0,0,1,3237660.32,2746026.34,4681263.25,3622930.35,2440647.75,1890461.99,3409990.75,2751364.44,3532139.01,2841184.71
2013-11-21,2595234.4,2362389.95,Train,2013,11,21,3,0,4,0,0,-0.5000000000000004,0.8660254037844384,0.43388373911755823,-0.900968867902419,0,0,1,3321114.32,2983892.23,3118904.74,2460188.52,2145217.46,1755584.37,3932052.89,3189287.97,3144567.59,2465022.82
2013-11-22,2550262.64,2542345.82,Train,2013,11,22,4,0,4,0,0,-0.5000000000000004,0.8660254037844384,-0.433883739117558,-0.9009688679024191,0,0,1,2595234.4,2362389.95,3370811.62,2719077.99,2200221.02,1790704.8,4895108.72,3861527.06,2661394.83,2082526.75
2013-11-23,2054330.57,2011741.48,Train,2013,11,23,5,1,4,0,0,-0.5000000000000004,0.8660254037844384,-0.9749279121818236,-0.2225209339563146,0,0,1,2550262.64,2542345.82,3365890.12,2733920.22,2018930.67,1594615.53,4333852.18,3403031.49,3625609.77,2879673.14
2013-11-24,2519706.85,2537974.67,Train,2013,11,24,6,1,4,0,0,-0.5000000000000004,0.8660254037844384,-0.7818314824680299,0.6234898018587334,0,0,1,2054330.57,2011741.48,2416530.15,1906202.04,2722218.97,2099682.78,3503713.92,2743366.59,2283866.51,1759438.38
2013-11-25,2406331.38,2358037.25,Train,2013,11,25,0,0,4,0,0,-0.5000000000000004,0.8660254037844384,0.0,1.0,0,0,1,2519706.85,2537974.67,2109164.6,1778409.36,3495969.18,2676318.51,2923604.47,2331573.03,2891169.43,2288045.69
2013-11-26,3107204.99,3083734.78,Train,2013,11,26,1,0,4,0,0,-0.5000000000000004,0.8660254037844384,0.7818314824680298,0.6234898018587336,0,0,1,2406331.38,2358037.25,3237660.32,2746026.34,5162437.56,3979066.87,2949737.88,2365410.99,3626699.25,2942841.67
2013-11-27,3123410.59,3027393.58,Train,2013,11,27,2,0,4,0,0,-0.5000000000000004,0.8660254037844384,0.9749279121818236,-0.22252093395631434,0,0,1,3107204.99,3083734.78,3321114.32,2983892.23,4681263.25,3622930.35,3235799.73,2588267.2,4703189.22,3751057.26
2013-11-28,3580033.44,3514991.8,Train,2013,11,28,3,0,4,0,0,-0.5000000000000004,0.8660254037844384,0.43388373911755823,-0.900968867902419,0,0,1,3123410.59,3027393.58,2595234.4,2362389.95,3118904.74,2460188.52,5981959.98,4833162.34,3980270.66,3143037.5
2013-11-29,1768057.43,1773822.57,Train,2013,11,29,4,0,4,0,0,-0.5000000000000004,0.8660254037844384,-0.433883739117558,-0.9009688679024191,0,0,1,3580033.44,3514991.8,2550262.64,2542345.82,3370811.62,2719077.99,6960811.52,5563340.73,3116036.61,2564940.27
2013-11-30,2685677.46,2672025.29,Train,2013,11,30,5,1,4,0,1,-0.5000000000000004,0.8660254037844384,-0.9749279121818236,-0.2225209339563146,0,0,1,1768057.43,1773822.57,2054330.57,2011741.48,3365890.12,2733920.22,5649038.29,4525813.51,3184691.98,2466641.44
2013-12-01,2391698.09,2420438.06,Train,2013,12,1,6,1,4,1,0,-2.4492935982947064e-16,1.0,-0.7818314824680299,0.6234898018587334,0,0,1,2685677.46,2672025.29,2519706.85,2537974.67,2416530.15,1906202.04,4823330.61,3780905.84,3064822.76,2435991.34
2013-12-02,2263746.75,2226485.61,Train,2013,12,2,0,0,4,0,0,-2.4492935982947064e-16,1.0,0.0,1.0,0,0,1,2391698.09,2420438.06,2406331.38,2358037.25,2109164.6,1778409.36,4871579.51,3874376.58,1765509.34,1464812.23
2013-12-03,1933337.47,1904782.57,Train,2013,12,3,1,0,4,0,0,-2.4492935982947064e-16,1.0,0.7818314824680298,0.6234898018587336,0,0,1,2263746.75,2226485.61,3107204.99,3083734.78,3237660.32,2746026.34,2310551.56,1894570.42,2315389.05,1807129.65
2013-12-04,2924599.17,2877557.67,Train,2013,12,4,2,0,4,0,0,-2.4492935982947064e-16,1.0,0.9749279121818236,-0.22252093395631434,0,0,1,1933337.47,1904782.57,3123410.59,3027393.58,3321114.32,2983892.23,2638652.15,2128739.96,2382954.42,1864688.02
2013-12-05,2231578.75,2246889.53,Train,2013,12,5,3,0,4,0,0,-2.4492935982947064e-16,1.0,0.43388373911755823,-0.900968867902419,0,0,1,2924599.17,2877557.67,3580033.44,3514991.8,2595234.4,2362389.95,3529966.51,2818098.89,2286277.45,1849992.69
2013-12-06,1718341.54,1744505.5,Train,2013,12,6,4,0,4,0,0,-2.4492935982947064e-16,1.0,-0.433883739117558,-0.9009688679024191,0,0,1,2231578.75,2246889.53,1768057.43,1773822.57,2550262.64,2542345.82,2440647.75,1890461.99,2733678.5,2184618.1
2013-12-07,1444180.43,1408359.66,Train,2013,12,7,5,1,4,0,0,-2.4492935982947064e-16,1.0,-0.9749279121818236,-0.2225209339563146,0,0,1,1718341.54,1744505.5,2685677.46,2672025.29,2054330.57,2011741.48,2145217.46,1755584.37,2065198.04,1633326.72
2013-12-08,1714762.98,1677034.75,Train,2013,12,8,6,1,4,0,0,-2.4492935982947064e-16,1.0,-0.7818314824680299,0.6234898018587334,0,0,1,1444180.43,1408359.66,2391698.09,2420438.06,2519706.85,2537974.67,2200221.02,1790704.8,2087384.34,1719369.91
2013-12-09,1959405.6,1928205.78,Train,2013,12,9,0,0,4,0,0,-2.4492935982947064e-16,1.0,0.0,1.0,0,0,1,1714762.98,1677034.75,2263746.75,2226485.61,2406331.38,2358037.25,2018930.67,1594615.53,2430122.78,1883727.02
2013-12-10,2256213.74,2198430.55,Train,2013,12,10,1,0,4,0,0,-2.4492935982947064e-16,1.0,0.7818314824680298,0.6234898018587336,0,0,1,1959405.6,1928205.78,1933337.47,1904782.57,3107204.99,3083734.78,2722218.97,2099682.78,2542389.69,2015472.58
2013-12-11,3016597.65,3024225.14,Train,2013,12,11,2,0,4,0,0,-2.4492935982947064e-16,1.0,0.9749279121818236,-0.22252093395631434,0,0,1,2256213.74,2198430.55,2924599.17,2877557.67,3123410.59,3027393.58,3495969.18,2676318.51,3699430.17,3001083.16
2013-12-12,2988571.87,2946591.17,Train,2013,12,12,3,0,4,0,0,-2.4492935982947064e-16,1.0,0.43388373911755823,-0.900968867902419,0,0,1,3016597.65,3024225.14,2231578.75,2246889.53,3580033.44,3514991.8,5162437.56,3979066.87,4386420.92,3545221.89
2013-12-13,2131538.29,2083673.81,Train,2013,12,13,4,0,4,0,0,-2.4492935982947064e-16,1.0,-0.433883739117558,-0.9009688679024191,0,0,1,2988571.87,2946591.17,1718341.54,1744505.5,1768057.43,1773822.57,4681263.25,3622930.35,2326824.81,1839144.84
2013-12-14,2245758.87,2305729.18,Train,2013,12,14,5,1,4,0,0,-2.4492935982947064e-16,1.0,-0.9749279121818236,-0.2225209339563146,0,0,1,2131538.29,2083673.81,1444180.43,1408359.66,2685677.46,2672025.29,3118904.74,2460188.52,2659317.57,2101555.8
2013-12-15,2154695.59,2095032.07,Train,2013,12,15,6,1,4,0,0,-2.4492935982947064e-16,1.0,-0.7818314824680299,0.6234898018587334,0,0,1,2245758.87,2305729.18,1714762.98,1677034.75,2391698.09,2420438.06,3370811.62,2719077.99,3385542.75,2693057.28
2013-12-16,2694197.04,2720062.14,Train,2013,12,16,0,0,4,0,0,-2.4492935982947064e-16,1.0,0.0,1.0,0,0,1,2154695.59,2095032.07,1959405.6,1928205.78,2263746.75,2226485.61,3365890.12,2733920.22,3484853.43,2706611.68
2013-12-17,3167410.81,3021649.06,Train,2013,12,17,1,0,4,0,0,-2.4492935982947064e-16,1.0,0.7818314824680298,0.6234898018587336,0,0,1,2694197.04,2720062.14,2256213.74,2198430.55,1933337.47,1904782.57,2416530.15,1906202.04,4281691.85,3433745.61
2013-12-18,3189533.36,3219583.56,Train,2013,12,18,2,0,4,0,0,-2.4492935982947064e-16,1.0,0.9749279121818236,-0.22252093395631434,0,0,1,3167410.81,3021649.06,3016597.65,3024225.14,2924599.17,2877557.67,2109164.6,1778409.36,4394537.67,3473710.24
2013-12-19,3062553.19,2981811.67,Train,2013,12,19,3,0,4,0,0,-2.4492935982947064e-16,1.0,0.43388373911755823,-0.900968867902419,0,0,1,3189533.36,3219583.56,2988571.87,2946591.17,2231578.75,2246889.53,3237660.32,2746026.34,3785472.73,3004383.53
2013-12-20,2500743.7,2516358.41,Train,2013,12,20,4,0,4,0,0,-2.4492935982947064e-16,1.0,-0.433883739117558,-0.9009688679024191,0,0,1,3062553.19,2981811.67,2131538.29,2083673.81,1718341.54,1744505.5,3321114.32,2983892.23,3905985.95,3132486.67
2013-12-21,3213344.27,3159953.94,Train,2013,12,21,5,1,4,0,0,-2.4492935982947064e-16,1.0,-0.9749279121818236,-0.2225209339563146,0,0,1,2500743.7,2516358.41,2245758.87,2305729.18,1444180.43,1408359.66,2595234.4,2362389.95,3966203.09,3174444.37
2013-12-22,3476225.97,3458589.82,Train,2013,12,22,6,1,4,0,0,-2.4492935982947064e-16,1.0,-0.7818314824680299,0.6234898018587334,0,0,1,3213344.27,3159953.94,2154695.59,2095032.07,1714762.98,1677034.75,2550262.64,2542345.82,3225123.87,2559516.54
2013-12-23,2932660.62,2856672.71,Train,2013,12,23,0,0,4,0,0,-2.4492935982947064e-16,1.0,0.0,1.0,0,0,1,3476225.97,3458589.82,2694197.04,2720062.14,1959405.6,1928205.78,2054330.57,2011741.48,2151580.15,1770780.57
2013-12-24,2629786.52,2542278.8,Train,2013,12,24,1,0,4,0,0,-2.4492935982947064e-16,1.0,0.7818314824680298,0.6234898018587336,0,0,1,2932660.62,2856672.71,3167410.81,3021649.06,2256213.74,2198430.55,2519706.85,2537974.67,3297376.6,2599138.83
2013-12-25,3807864.44,3711704.9,Train,2013,12,25,2,0,4,0,0,-2.4492935982947064e-16,1.0,0.9749279121818236,-0.22252093395631434,0,0,1,2629786.52,2542278.8,3189533.36,3219583.56,3016597.65,3024225.14,2406331.38,2358037.25,4917024.98,3856446.89
2013-12-26,3278628.42,3269160.78,Train,2013,12,26,3,0,4,0,0,-2.4492935982947064e-16,1.0,0.43388373911755823,-0.900968867902419,0,0,1,3807864.44,3711704.9,3062553.19,2981811.67,2988571.87,2946591.17,3107204.99,3083734.78,3285221.25,2658633.45
2013-12-27,1853472.36,1854636.14,Train,2013,12,27,4,0,4,0,0,-2.4492935982947064e-16,1.0,-0.433883739117558,-0.9009688679024191,0,0,1,3278628.42,3269160.78,2500743.7,2516358.41,2131538.29,2083673.81,3123410.59,3027393.58,4994041.71,3924374.73
2013-12-28,3547336.16,3487806.62,Train,2013,12,28,5,1,4,0,0,-2.4492935982947064e-16,1.0,-0.9749279121818236,-0.2225209339563146,0,0,1,1853472.36,1854636.14,3213344.27,3159953.94,2245758.87,2305729.18,3580033.44,3514991.8,8573663.31,6682336.48
2013-12-29,6516622.75,6506519.56,Train,2013,12,29,6,1,4,0,0,-2.4492935982947064e-16,1.0,-0.7818314824680299,0.6234898018587334,0,0,1,3547336.16,3487806.62,3476225.97,3458589.82,2154695.59,2095032.07,1768057.43,1773822.57,7842913.37,6260959.87
2013-12-30,5792994.45,5695206.04,Train,2013,12,30,0,0,4,0,0,-2.4492935982947064e-16,1.0,0.0,1.0,0,0,1,6516622.75,6506519.56,2932660.62,2856672.71,2694197.04,2720062.14,2685677.46,2672025.29,6511908.92,5180121.12
2013-12-31,6247467.59,6080338.22,Train,2013,12,31,1,0,4,0,1,-2.4492935982947064e-16,1.0,0.7818314824680298,0.6234898018587336,0,0,1,5792994.45,5695206.04,2629786.52,2542278.8,3167410.81,3021649.06,2391698.09,2420438.06,5573749.22,4432224.44
2014-01-01,5743739.48,5563113.31,Train,2014,1,1,2,0,1,1,0,0.49999999999999994,0.8660254037844387,0.9749279121818236,-0.22252093395631434,1,0,1,6247467.59,6080338.22,3807864.44,3711704.9,3189533.36,3219583.56,2263746.75,2226485.61,5304546.99,4156070.2
2014-01-02,3787850.5,3666330.68,Train,2014,1,2,3,0,1,0,0,0.49999999999999994,0.8660254037844387,0.43388373911755823,-0.900968867902419,0,0,1,5743739.48,5563113.31,3278628.42,3269160.78,3062553.19,2981811.67,1933337.47,1904782.57,1606940.44,1237497.84
2014-01-03,2354832.6,1871645.41,Train,2014,1,3,4,0,1,0,0,0.49999999999999994,0.8660254037844387,-0.433883739117558,-0.9009688679024191,0,0,0,3787850.5,3666330.68,1853472.36,1854636.14,2500743.7,2516358.41,2924599.17,2877557.67,2281680.01,1832133.02
2014-01-04,2243604.06,1747621.88,Train,2014,1,4,5,1,1,0,0,0.49999999999999994,0.8660254037844387,-0.9749279121818236,-0.2225209339563146,0,0,0,2354832.6,1871645.41,3547336.16,3487806.62,3213344.27,3159953.94,2231578.75,2246889.53,2376895.46,1940747.07
2014-01-05,2361866.5,1851453.14,Train,2014,1,5,6,1,1,0,0,0.49999999999999994,0.8660254037844387,-0.7818314824680299,0.6234898018587334,0,0,0,2243604.06,1747621.88,6516622.75,6506519.56,3476225.97,3458589.82,1718341.54,1744505.5,2509462.77,1977027.71
2014-01-06,2639202.87,2146455.69,Train,2014,1,6,0,0,1,0,0,0.49999999999999994,0.8660254037844387,0.0,1.0,0,0,0,2361866.5,1851453.14,5792994.45,5695206.04,2932660.62,2856672.71,1444180.43,1408359.66,2603356.52,2060481.76
2014-01-07,3437125.39,2809411.95,Train,2014,1,7,1,0,1,0,0,0.49999999999999994,0.8660254037844387,0.7818314824680298,0.6234898018587336,0,0,0,2639202.87,2146455.69,6247467.59,6080338.22,2629786.52,2542278.8,1714762.98,1677034.75,3048100.39,2452517.39
2014-01-08,2250519.73,1808614.16,Train,2014,1,8,2,0,1,0,0,0.49999999999999994,0.8660254037844387,0.9749279121818236,-0.22252093395631434,0,0,0,3437125.39,2809411.95,5743739.48,5563113.31,3807864.44,3711704.9,1959405.6,1928205.78,2449700.42,1973182.14
2014-01-09,2214274.18,1884156.18,Train,2014,1,9,3,0,1,0,0,0.49999999999999994,0.8660254037844387,0.43388373911755823,-0.900968867902419,0,0,0,2250519.73,1808614.16,3787850.5,3666330.68,3278628.42,3269160.78,2256213.74,2198430.55,2049715.7,1654806.5
2014-01-10,1886360.71,1560748.05,Train,2014,1,10,4,0,1,0,0,0.49999999999999994,0.8660254037844387,-0.433883739117558,-0.9009688679024191,0,0,0,2214274.18,1884156.18,2354832.6,1871645.41,1853472.36,1854636.14,3016597.65,3024225.14,2794331.46,2122153.07
2014-01-11,2550841.93,2031865.95,Train,2014,1,11,5,1,1,0,0,0.49999999999999994,0.8660254037844387,-0.9749279121818236,-0.2225209339563146,0,0,0,1886360.71,1560748.05,2243604.06,1747621.88,3547336.16,3487806.62,2988571.87,2946591.17,2343077.25,1805692.13
2014-01-12,2172729.29,1773388.32,Train,2014,1,12,6,1,1,0,0,0.49999999999999994,0.8660254037844387,-0.7818314824680299,0.6234898018587334,0,0,0,2550841.93,2031865.95,2361866.5,1851453.14,6516622.75,6506519.56,2131538.29,2083673.81,2814596.53,2241879.07
2014-01-13,2467719.52,1991302.84,Train,2014,1,13,0,0,1,0,0,0.49999999999999994,0.8660254037844387,0.0,1.0,0,0,0,2172729.29,1773388.32,2639202.87,2146455.69,5792994.45,5695206.04,2245758.87,2305729.18,2919719.62,2279740.92
2014-01-14,3356963.59,2731972.75,Train,2014,1,14,1,0,1,0,0,0.49999999999999994,0.8660254037844387,0.7818314824680298,0.6234898018587336,0,0,0,2467719.52,1991302.84,3437125.39,2809411.95,6247467.59,6080338.22,2154695.59,2095032.07,3077677.28,2477490.97
2014-01-15,3637788.72,2842296.43,Train,2014,1,15,2,0,1,0,0,0.49999999999999994,0.8660254037844387,0.9749279121818236,-0.22252093395631434,0,0,0,3356963.59,2731972.75,2250519.73,1808614.16,5743739.48,5563113.31,2694197.04,2720062.14,2536405.93,2094291.34
2014-01-16,2005770.41,1635446.76,Train,2014,1,16,3,0,1,0,0,0.49999999999999994,0.8660254037844387,0.43388373911755823,-0.900968867902419,0,0,0,3637788.72,2842296.43,2214274.18,1884156.18,3787850.5,3666330.68,3167410.81,3021649.06,1849789.43,1445623.48
2014-01-17,2464459.86,2002144.2,Train,2014,1,17,4,0,1,0,0,0.49999999999999994,0.8660254037844387,-0.433883739117558,-0.9009688679024191,0,0,0,2005770.41,1635446.76,1886360.71,1560748.05,2354832.6,1871645.41,3189533.36,3219583.56,2173214.95,1763012.0
2014-01-18,1718246.3,1332157.65,Train,2014,1,18,5,1,1,0,0,0.49999999999999994,0.8660254037844387,-0.9749279121818236,-0.2225209339563146,0,0,0,2464459.86,2002144.2,2550841.93,2031865.95,2243604.06,1747621.88,3062553.19,2981811.67,2099249.56,1615535.57
2014-01-19,2453121.94,1918965.99,Train,2014,1,19,6,1,1,0,0,0.49999999999999994,0.8660254037844387,-0.7818314824680299,0.6234898018587334,0,0,0,1718246.3,1332157.65,2172729.29,1773388.32,2361866.5,1851453.14,2500743.7,2516358.41,2477132.79,2033637.15
2014-01-20,3133739.97,2422846.03,Train,2014,1,20,0,0,1,0,0,0.49999999999999994,0.8660254037844387,0.0,1.0,0,0,0,2453121.94,1918965.99,2467719.52,1991302.84,2639202.87,2146455.69,3213344.27,3159953.94,2522776.58,2018671.04
2014-01-21,3590697.9,2848601.86,Train,2014,1,21,1,0,1,0,0,0.49999999999999994,0.8660254037844387,0.7818314824680298,0.6234898018587336,0,0,0,3133739.97,2422846.03,3356963.59,2731972.75,3437125.39,2809411.95,3476225.97,3458589.82,4100379.42,3250868.59
2014-01-22,3244854.06,2563525.38,Train,2014,1,22,2,0,1,0,0,0.49999999999999994,0.8660254037844387,0.9749279121818236,-0.22252093395631434,0,0,0,3590697.9,2848601.86,3637788.72,2842296.43,2250519.73,1808614.16,2932660.62,2856672.71,3538734.12,2801650.02
2014-01-23,3187811.81,2528375.63,Train,2014,1,23,3,0,1,0,0,0.49999999999999994,0.8660254037844387,0.43388373911755823,-0.900968867902419,0,0,0,3244854.06,2563525.38,2005770.41,1635446.76,2214274.18,1884156.18,2629786.52,2542278.8,2836455.88,2322088.98
2014-01-24,1812010.8,1397879.36,Train,2014,1,24,4,0,1,0,0,0.49999999999999994,0.8660254037844387,-0.433883739117558,-0.9009688679024191,0,0,0,3187811.81,2528375.63,2464459.86,2002144.2,1886360.71,1560748.05,3807864.44,3711704.9,2522924.71,2102458.71
2014-01-25,2221742.74,1777122.99,Train,2014,1,25,5,1,1,0,0,0.49999999999999994,0.8660254037844387,-0.9749279121818236,-0.2225209339563146,0,0,0,1812010.8,1397879.36,1718246.3,1332157.65,2550841.93,2031865.95,3278628.42,3269160.78,2823082.71,2273250.41
2014-01-26,2002533.83,1553846.68,Train,2014,1,26,6,1,1,0,0,0.49999999999999994,0.8660254037844387,-0.7818314824680299,0.6234898018587334,0,0,0,2221742.74,1777122.99,2453121.94,1918965.99,2172729.29,1773388.32,1853472.36,1854636.14,2312290.79,1869897.73
2014-01-27,2983790.31,2360438.19,Train,2014,1,27,0,0,1,0,0,0.49999999999999994,0.8660254037844387,0.0,1.0,0,0,0,2002533.83,1553846.68,3133739.97,2422846.03,2467719.52,1991302.84,3547336.16,3487806.62,3818881.29,3023842.24
2014-01-28,5411096.61,4320849.3,Train,2014,1,28,1,0,1,0,0,0.49999999999999994,0.8660254037844387,0.7818314824680298,0.6234898018587336,0,0,0,2983790.31,2360438.19,3590697.9,2848601.86,3356963.59,2731972.75,6516622.75,6506519.56,5008712.77,4035190.91
2014-01-29,4892083.36,3928929.64,Train,2014,1,29,2,0,1,0,0,0.49999999999999994,0.8660254037844387,0.9749279121818236,-0.22252093395631434,0,0,0,5411096.61,4320849.3,3244854.06,2563525.38,3637788.72,2842296.43,5792994.45,5695206.04,4833870.43,4015854.7
2014-01-30,3844256.32,3007196.76,Train,2014,1,30,3,0,1,0,0,0.49999999999999994,0.8660254037844387,0.43388373911755823,-0.900968867902419,0,0,0,4892083.36,3928929.64,3187811.81,2528375.63,2005770.41,1635446.76,6247467.59,6080338.22,4296295.37,3414688.28
2014-01-31,3732079.59,2938223.15,Train,2014,1,31,4,0,1,0,1,0.49999999999999994,0.8660254037844387,-0.433883739117558,-0.9009688679024191,0,0,0,3844256.32,3007196.76,1812010.8,1397879.36,2464459.86,2002144.2,5743739.48,5563113.31,3378679.46,2731823.14
2014-02-01,3825094.63,3049434.19,Train,2014,2,1,5,1,1,1,0,0.8660254037844386,0.5000000000000001,-0.9749279121818236,-0.2225209339563146,0,0,0,3732079.59,2938223.15,2221742.74,1777122.99,1718246.3,1332157.65,3787850.5,3666330.68,4073777.92,3289266.58
2014-02-02,2382294.19,1885054.33,Train,2014,2,2,6,1,1,0,0,0.8660254037844386,0.5000000000000001,-0.7818314824680299,0.6234898018587334,0,0,0,3825094.63,3049434.19,2002533.83,1553846.68,2453121.94,1918965.99,2354832.6,1871645.41,2351969.75,1915236.16
2014-02-03,2051412.93,1563684.31,Train,2014,2,3,0,0,1,0,0,0.8660254037844386,0.5000000000000001,0.0,1.0,0,0,0,2382294.19,1885054.33,2983790.31,2360438.19,3133739.97,2422846.03,2243604.06,1747621.88,2743224.75,2293960.05
2014-02-04,2787111.54,2197609.21,Train,2014,2,4,1,0,1,0,0,0.8660254037844386,0.5000000000000001,0.7818314824680298,0.6234898018587336,0,0,0,2051412.93,1563684.31,5411096.61,4320849.3,3590697.9,2848601.86,2361866.5,1851453.14,3599084.22,2986552.92
2014-02-05,2599325.56,2019260.92,Train,2014,2,5,2,0,1,0,0,0.8660254037844386,0.5000000000000001,0.9749279121818236,-0.22252093395631434,0,0,0,2787111.54,2197609.21,4892083.36,3928929.64,3244854.06,2563525.38,2639202.87,2146455.69,3829186.14,3181079.49
2014-02-06,2415914.42,1966150.9,Train,2014,2,6,3,0,1,0,0,0.8660254037844386,0.5000000000000001,0.43388373911755823,-0.900968867902419,0,0,0,2599325.56,2019260.92,3844256.32,3007196.76,3187811.81,2528375.63,3437125.39,2809411.95,2313071.08,1919077.04
2014-02-07,3381887.13,2654650.93,Train,2014,2,7,4,0,1,0,0,0.8660254037844386,0.5000000000000001,-0.433883739117558,-0.9009688679024191,0,0,0,2415914.42,1966150.9,3732079.59,2938223.15,1812010.8,1397879.36,2250519.73,1808614.16,2839296.13,2338660.54
2014-02-08,2907660.51,2328115.15,Train,2014,2,8,5,1,1,0,0,0.8660254037844386,0.5000000000000001,-0.9749279121818236,-0.2225209339563146,0,0,0,3381887.13,2654650.93,3825094.63,3049434.19,2221742.74,1777122.99,2214274.18,1884156.18,2648161.4,2136088.4
2014-02-09,2947940.87,2410207.36,Train,2014,2,9,6,1,1,0,0,0.8660254037844386,0.5000000000000001,-0.7818314824680299,0.6234898018587334,0,0,0,2907660.51,2328115.15,2382294.19,1885054.33,2002533.83,1553846.68,1886360.71,1560748.05,2957587.36,2354253.06
2014-02-10,3705563.44,2772562.54,Train,2014,2,10,0,0,1,0,0,0.8660254037844386,0.5000000000000001,0.0,1.0,0,0,0,2947940.87,2410207.36,2051412.93,1563684.31,2983790.31,2360438.19,2550841.93,2031865.95,3380985.73,2832001.18
2014-02-11,4637151.61,3649526.8,Train,2014,2,11,1,0,1,0,0,0.8660254037844386,0.5000000000000001,0.7818314824680298,0.6234898018587336,0,0,0,3705563.44,2772562.54,2787111.54,2197609.21,5411096.61,4320849.3,2172729.29,1773388.32,4189315.44,3426089.62
2014-02-12,3457342.17,2728834.4,Train,2014,2,12,2,0,1,0,0,0.8660254037844386,0.5000000000000001,0.9749279121818236,-0.22252093395631434,0,0,0,4637151.61,3649526.8,2599325.56,2019260.92,4892083.36,3928929.64,2467719.52,1991302.84,3967295.55,3276616.25
2014-02-13,3190217.92,2601375.48,Train,2014,2,13,3,0,1,0,0,0.8660254037844386,0.5000000000000001,0.43388373911755823,-0.900968867902419,0,0,0,3457342.17,2728834.4,2415914.42,1966150.9,3844256.32,3007196.76,3356963.59,2731972.75,3156812.35,2628245.52
2014-02-14,2632487.0,2058838.35,Train,2014,2,14,4,0,1,0,0,0.8660254037844386,0.5000000000000001,-0.433883739117558,-0.9009688679024191,0,0,0,3190217.92,2601375.48,3381887.13,2654650.93,3732079.59,2938223.15,3637788.72,2842296.43,3286622.13,2725794.93
2014-02-15,2873057.42,2155414.19,Train,2014,2,15,5,1,1,0,0,0.8660254037844386,0.5000000000000001,-0.9749279121818236,-0.2225209339563146,0,0,0,2632487.0,2058838.35,2907660.51,2328115.15,3825094.63,3049434.19,2005770.41,1635446.76,2860640.37,2293142.09
2014-02-16,3990264.22,3220526.51,Train,2014,2,16,6,1,1,0,0,0.8660254037844386,0.5000000000000001,-0.7818314824680299,0.6234898018587334,0,0,0,2873057.42,2155414.19,2947940.87,2410207.36,2382294.19,1885054.33,2464459.86,2002144.2,3339909.75,2755975.45
2014-02-17,3757742.25,3005221.34,Train,2014,2,17,0,0,1,0,0,0.8660254037844386,0.5000000000000001,0.0,1.0,0,0,0,3990264.22,3220526.51,3705563.44,2772562.54,2051412.93,1563684.31,1718246.3,1332157.65,3433567.61,2907659.44
2014-02-18,4902775.35,3900047.01,Train,2014,2,18,1,0,1,0,0,0.8660254037844386,0.5000000000000001,0.7818314824680298,0.6234898018587336,0,0,0,3757742.25,3005221.34,4637151.61,3649526.8,2787111.54,2197609.21,2453121.94,1918965.99,4473211.04,3823113.82
2014-02-19,4469573.84,3530912.16,Train,2014,2,19,2,0,1,0,0,0.8660254037844386,0.5000000000000001,0.9749279121818236,-0.22252093395631434,0,0,0,4902775.35,3900047.01,3457342.17,2728834.4,2599325.56,2019260.92,3133739.97,2422846.03,4318301.23,3421155.04
2014-02-20,3050037.65,2452045.97,Train,2014,2,20,3,0,1,0,0,0.8660254037844386,0.5000000000000001,0.43388373911755823,-0.900968867902419,0,0,0,4469573.84,3530912.16,3190217.92,2601375.48,2415914.42,1966150.9,3590697.9,2848601.86,3392471.04,2787089.48
2014-02-21,3394380.68,2732646.22,Train,2014,2,21,4,0,1,0,0,0.8660254037844386,0.5000000000000001,-0.433883739117558,-0.9009688679024191,0,0,0,3050037.65,2452045.97,2632487.0,2058838.35,3381887.13,2654650.93,3244854.06,2563525.38,3412803.18,2676550.95
2014-02-22,4262143.74,3402076.06,Train,2014,2,22,5,1,1,0,0,0.8660254037844386,0.5000000000000001,-0.9749279121818236,-0.2225209339563146,0,0,0,3394380.68,2732646.22,2873057.42,2155414.19,2907660.51,2328115.15,3187811.81,2528375.63,3535377.38,2908690.59
2014-02-23,3997442.72,3186343.91,Train,2014,2,23,6,1,1,0,0,0.8660254037844386,0.5000000000000001,-0.7818314824680299,0.6234898018587334,0,0,0,4262143.74,3402076.06,3990264.22,3220526.51,2947940.87,2410207.36,1812010.8,1397879.36,4286140.45,3439856.85
2014-02-24,4743111.4,3834496.32,Train,2014,2,24,0,0,1,0,0,0.8660254037844386,0.5000000000000001,0.0,1.0,0,0,0,3997442.72,3186343.91,3757742.25,3005221.34,3705563.44,2772562.54,2221742.74,1777122.99,5419232.89,4431878.1
2014-02-25,6869199.08,5572490.58,Train,2014,2,25,1,0,1,0,0,0.8660254037844386,0.5000000000000001,0.7818314824680298,0.6234898018587336,0,0,0,4743111.4,3834496.32,4902775.35,3900047.01,4637151.61,3649526.8,2002533.83,1553846.68,9128225.25,7430696.94
2014-02-26,7766238.39,6157127.45,Train,2014,2,26,2,0,1,0,0,0.8660254037844386,0.5000000000000001,0.9749279121818236,-0.22252093395631434,0,0,0,6869199.08,5572490.58,4469573.84,3530912.16,3457342.17,2728834.4,2983790.31,2360438.19,6762535.71,5653323.87
2014-02-27,5932389.78,4717814.02,Train,2014,2,27,3,0,1,0,0,0.8660254037844386,0.5000000000000001,0.43388373911755823,-0.900968867902419,0,0,0,7766238.39,6157127.45,3050037.65,2452045.97,3190217.92,2601375.48,5411096.61,4320849.3,5716765.68,4880975.48
2014-02-28,5511196.67,4511480.57,Train,2014,2,28,4,0,1,0,1,0.8660254037844386,0.5000000000000001,-0.433883739117558,-0.9009688679024191,0,0,0,5932389.78,4717814.02,3394380.68,2732646.22,2632487.0,2058838.35,4892083.36,3928929.64,4367566.41,3573846.75
2014-03-01,4400079.49,3611872.46,Train,2014,3,1,5,1,1,1,0,1.0,6.123233995736766e-17,-0.9749279121818236,-0.2225209339563146,0,0,0,5511196.67,4511480.57,4262143.74,3402076.06,2873057.42,2155414.19,3844256.32,3007196.76,2693901.21,2256905.73
2014-03-02,4943352.33,3968450.0,Train,2014,3,2,6,1,1,0,0,1.0,6.123233995736766e-17,-0.7818314824680299,0.6234898018587334,0,0,0,4400079.49,3611872.46,3997442.72,3186343.91,3990264.22,3220526.51,3732079.59,2938223.15,279813.94,236576.31
2014-03-03,3637156.46,2881941.03,Train,2014,3,3,0,0,1,0,0,1.0,6.123233995736766e-17,0.0,1.0,0,0,0,4943352.33,3968450.0,4743111.4,3834496.32,3757742.25,3005221.34,3825094.63,3049434.19,1959484.08,1505793.8
2014-03-04,4742209.79,3846248.96,Train,2014,3,4,1,0,1,0,0,1.0,6.123233995736766e-17,0.7818314824680298,0.6234898018587336,0,0,0,3637156.46,2881941.03,6869199.08,5572490.58,4902775.35,3900047.01,2382294.19,1885054.33,1412869.43,1130489.5
2014-03-05,5310211.41,4366670.54,Train,2014,3,5,2,0,1,0,0,1.0,6.123233995736766e-17,0.9749279121818236,-0.22252093395631434,0,0,0,4742209.79,3846248.96,7766238.39,6157127.45,4469573.84,3530912.16,2051412.93,1563684.31,2440470.72,1954056.55
2014-03-06,5506734.13,4454685.13,Train,2014,3,6,3,0,1,0,0,1.0,6.123233995736766e-17,0.43388373911755823,-0.900968867902419,0,0,0,5310211.41,4366670.54,5932389.78,4717814.02,3050037.65,2452045.97,2787111.54,2197609.21,3247761.18,2622451.1
2014-03-07,3167820.98,2582186.62,Train,2014,3,7,4,0,1,0,0,1.0,6.123233995736766e-17,-0.433883739117558,-0.9009688679024191,0,0,0,5506734.13,4454685.13,5511196.67,4511480.57,3394380.68,2732646.22,2599325.56,2019260.92,4017685.67,3191424.08
2014-03-08,3577664.95,2914921.51,Train,2014,3,8,5,1,1,0,0,1.0,6.123233995736766e-17,-0.9749279121818236,-0.2225209339563146,0,0,0,3167820.98,2582186.62,4400079.49,3611872.46,4262143.74,3402076.06,2415914.42,1966150.9,3622255.55,2838056.23
2014-03-09,3828277.38,3070464.44,Train,2014,3,9,6,1,1,0,0,1.0,6.123233995736766e-17,-0.7818314824680299,0.6234898018587334,0,0,0,3577664.95,2914921.51,4943352.33,3968450.0,3997442.72,3186343.91,3381887.13,2654650.93,3263371.09,2560913.71
2014-03-10,4725035.68,3759283.28,Train,2014,3,10,0,0,1,0,0,1.0,6.123233995736766e-17,0.0,1.0,0,0,0,3828277.38,3070464.44,3637156.46,2881941.03,4743111.4,3834496.32,2907660.51,2328115.15,3510986.19,2877727.07
2014-03-11,5775004.59,4559934.88,Train,2014,3,11,1,0,1,0,0,1.0,6.123233995736766e-17,0.7818314824680298,0.6234898018587336,0,0,0,4725035.68,3759283.28,4742209.79,3846248.96,6869199.08,5572490.58,2947940.87,2410207.36,3242639.13,2568418.97
2014-03-12,6930320.53,5534691.64,Train,2014,3,12,2,0,1,0,0,1.0,6.123233995736766e-17,0.9749279121818236,-0.22252093395631434,0,0,0,5775004.59,4559934.88,5310211.41,4366670.54,7766238.39,6157127.45,3705563.44,2772562.54,3660190.99,2853606.73
2014-03-13,5304893.97,4244468.26,Train,2014,3,13,3,0,1,0,0,1.0,6.123233995736766e-17,0.43388373911755823,-0.900968867902419,0,0,0,6930320.53,5534691.64,5506734.13,4454685.13,5932389.78,4717814.02,4637151.61,3649526.8,4335373.37,3463021.54
2014-03-14,4544809.4,3647946.39,Train,2014,3,14,4,0,1,0,0,1.0,6.123233995736766e-17,-0.433883739117558,-0.9009688679024191,0,0,0,5304893.97,4244468.26,3167820.98,2582186.62,5511196.67,4511480.57,3457342.17,2728834.4,6692797.3,5359353.2
2014-03-15,4691387.16,3744464.98,Train,2014,3,15,5,1,1,0,0,1.0,6.123233995736766e-17,-0.9749279121818236,-0.2225209339563146,0,0,0,4544809.4,3647946.39,3577664.95,2914921.51,4400079.49,3611872.46,3190217.92,2601375.48,5330057.69,4206775.58
2014-03-16,5553669.8,4426899.92,Train,2014,3,16,6,1,1,0,0,1.0,6.123233995736766e-17,-0.7818314824680299,0.6234898018587334,0,0,0,4691387.16,3744464.98,3828277.38,3070464.44,4943352.33,3968450.0,2632487.0,2058838.35,3591734.21,2762570.88
2014-03-17,6623777.28,5406586.76,Train,2014,3,17,0,0,1,0,0,1.0,6.123233995736766e-17,0.0,1.0,0,0,0,5553669.8,4426899.92,4725035.68,3759283.28,3637156.46,2881941.03,2873057.42,2155414.19,4401297.64,3565497.63
2014-03-18,5707570.51,4657479.17,Train,2014,3,18,1,0,1,0,0,1.0,6.123233995736766e-17,0.7818314824680298,0.6234898018587336,0,0,1,6623777.28,5406586.76,5775004.59,4559934.88,4742209.79,3846248.96,3990264.22,3220526.51,4567013.37,3743618.37
2014-03-19,7282983.0,6147005.74,Train,2014,3,19,2,0,1,0,0,1.0,6.123233995736766e-17,0.9749279121818236,-0.22252093395631434,0,0,1,5707570.51,4657479.17,6930320.53,5534691.64,5310211.41,4366670.54,3757742.25,3005221.34,4645433.62,3929520.42
2014-03-20,6459634.76,5394910.61,Train,2014,3,20,3,0,1,0,0,1.0,6.123233995736766e-17,0.43388373911755823,-0.900968867902419,0,0,1,7282983.0,6147005.74,5304893.97,4244468.26,5506734.13,4454685.13,4902775.35,3900047.01,4992105.19,4308112.41
2014-03-21,4506741.28,3883392.78,Train,2014,3,21,4,0,1,0,0,1.0,6.123233995736766e-17,-0.433883739117558,-0.9009688679024191,0,0,1,6459634.76,5394910.61,4544809.4,3647946.39,3167820.98,2582186.62,4469573.84,3530912.16,7355693.45,6496769.78
2014-03-22,4682426.76,4390336.24,Train,2014,3,22,5,1,1,0,0,1.0,6.123233995736766e-17,-0.9749279121818236,-0.2225209339563146,0,0,1,4506741.28,3883392.78,4691387.16,3744464.98,3577664.95,2914921.51,3050037.65,2452045.97,6603332.26,6021167.98
2014-03-23,5239607.0,4727286.58,Train,2014,3,23,6,1,1,0,0,1.0,6.123233995736766e-17,-0.7818314824680299,0.6234898018587334,0,0,1,4682426.76,4390336.24,5553669.8,4426899.92,3828277.38,3070464.44,3394380.68,2732646.22,6009508.61,5393148.03
2014-03-24,5516390.06,5135733.73,Train,2014,3,24,0,0,1,0,0,1.0,6.123233995736766e-17,0.0,1.0,0,0,1,5239607.0,4727286.58,6623777.28,5406586.76,4725035.68,3759283.28,4262143.74,3402076.06,5088153.2,4610104.28
2014-03-25,6858764.17,6248964.6,Train,2014,3,25,1,0,1,0,0,1.0,6.123233995736766e-17,0.7818314824680298,0.6234898018587336,0,0,1,5516390.06,5135733.73,5707570.51,4657479.17,5775004.59,4559934.88,3997442.72,3186343.91,4694308.82,4169990.65
2014-03-26,7966063.19,7366934.0,Train,2014,3,26,2,0,1,0,0,1.0,6.123233995736766e-17,0.9749279121818236,-0.22252093395631434,0,0,1,6858764.17,6248964.6,7282983.0,6147005.74,6930320.53,5534691.64,4743111.4,3834496.32,5731432.22,5192620.7
2014-03-27,8330175.47,7600114.49,Train,2014,3,27,3,0,1,0,0,1.0,6.123233995736766e-17,0.43388373911755823,-0.900968867902419,0,0,1,7966063.19,7366934.0,6459634.76,5394910.61,5304893.97,4244468.26,6869199.08,5572490.58,6872130.59,6081507.57
2014-03-28,5747360.19,5214181.96,Train,2014,3,28,4,0,1,0,0,1.0,6.123233995736766e-17,-0.433883739117558,-0.9009688679024191,0,0,1,8330175.47,7600114.49,4506741.28,3883392.78,4544809.4,3647946.39,7766238.39,6157127.45,8099154.93,7239463.63
2014-03-29,6857129.34,6302802.0,Train,2014,3,29,5,1,1,0,0,1.0,6.123233995736766e-17,-0.9749279121818236,-0.2225209339563146,0,0,1,5747360.19,5214181.96,4682426.76,4390336.24,4691387.16,3744464.98,5932389.78,4717814.02,8381683.44,7644413.84
2014-03-30,12784107.1,11757805.12,Train,2014,3,30,6,1,1,0,0,1.0,6.123233995736766e-17,-0.7818314824680299,0.6234898018587334,0,0,1,6857129.34,6302802.0,5239607.0,4727286.58,5553669.8,4426899.92,5511196.67,4511480.57,11636994.38,10600188.31
2014-03-31,12312523.89,11321960.71,Train,2014,3,31,0,0,1,0,1,1.0,6.123233995736766e-17,0.0,1.0,0,0,1,12784107.1,11757805.12,5516390.06,5135733.73,6623777.28,5406586.76,4400079.49,3611872.46,9455023.8,8513517.85
2014-04-01,12163891.23,11150883.99,Train,2014,4,1,1,0,2,1,0,0.8660254037844387,-0.4999999999999998,0.7818314824680298,0.6234898018587336,0,0,1,12312523.89,11321960.71,6858764.17,6248964.6,5707570.51,4657479.17,4943352.33,3968450.0,10313848.23,9188774.52
2014-04-02,13046471.25,11843249.22,Train,2014,4,2,2,0,2,0,0,0.8660254037844387,-0.4999999999999998,0.9749279121818236,-0.22252093395631434,0,0,1,12163891.23,11150883.99,7966063.19,7366934.0,7282983.0,6147005.74,3637156.46,2881941.03,8250013.05,7374699.1
2014-04-03,9642469.77,8683847.27,Train,2014,4,3,3,0,2,0,0,0.8660254037844387,-0.4999999999999998,0.43388373911755823,-0.900968867902419,0,0,1,13046471.25,11843249.22,8330175.47,7600114.49,6459634.76,5394910.61,4742209.79,3846248.96,8740749.51,7769943.74
2014-04-04,3027057.03,2762337.1,Train,2014,4,4,4,0,2,0,0,0.8660254037844387,-0.4999999999999998,-0.433883739117558,-0.9009688679024191,0,0,1,9642469.77,8683847.27,5747360.19,5214181.96,4506741.28,3883392.78,5310211.41,4366670.54,4270660.8,3779960.51
2014-04-05,4578612.03,4277766.79,Train,2014,4,5,5,1,2,0,0,0.8660254037844387,-0.4999999999999998,-0.9749279121818236,-0.2225209339563146,0,0,1,3027057.03,2762337.1,6857129.34,6302802.0,4682426.76,4390336.24,5506734.13,4454685.13,3073716.42,2637291.44
2014-04-06,4749333.13,4416528.48,Train,2014,4,6,6,1,2,0,0,0.8660254037844387,-0.4999999999999998,-0.7818314824680299,0.6234898018587334,0,0,1,4578612.03,4277766.79,12784107.1,11757805.12,5239607.0,4727286.58,3167820.98,2582186.62,3663196.56,3221790.63
2014-04-07,4614814.59,4275798.75,Train,2014,4,7,0,0,2,0,0,0.8660254037844387,-0.4999999999999998,0.0,1.0,0,0,1,4749333.13,4416528.48,12312523.89,11321960.71,5516390.06,5135733.73,3577664.95,2914921.51,2924734.26,2598895.09
2014-04-08,6392830.04,5806623.81,Train,2014,4,8,1,0,2,0,0,0.8660254037844387,-0.4999999999999998,0.7818314824680298,0.6234898018587336,0,0,1,4614814.59,4275798.75,12163891.23,11150883.99,6858764.17,6248964.6,3828277.38,3070464.44,4670874.28,4351446.44
2014-04-09,6139037.72,5584747.6,Train,2014,4,9,2,0,2,0,0,0.8660254037844387,-0.4999999999999998,0.9749279121818236,-0.22252093395631434,0,0,1,6392830.04,5806623.81,13046471.25,11843249.22,7966063.19,7366934.0,4725035.68,3759283.28,4293257.18,3845242.09
2014-04-10,5203589.72,4738923.88,Train,2014,4,10,3,0,2,0,0,0.8660254037844387,-0.4999999999999998,0.43388373911755823,-0.900968867902419,0,0,1,6139037.72,5584747.6,9642469.77,8683847.27,8330175.47,7600114.49,5775004.59,4559934.88,6011834.78,5327749.04
2014-04-11,5105964.56,4552400.07,Train,2014,4,11,4,0,2,0,0,0.8660254037844387,-0.4999999999999998,-0.433883739117558,-0.9009688679024191,0,0,1,5203589.72,4738923.88,3027057.03,2762337.1,5747360.19,5214181.96,6930320.53,5534691.64,4244755.76,3794688.65
2014-04-12,5687376.75,5248378.46,Train,2014,4,12,5,1,2,0,0,0.8660254037844387,-0.4999999999999998,-0.9749279121818236,-0.2225209339563146,0,0,1,5105964.56,4552400.07,4578612.03,4277766.79,6857129.34,6302802.0,5304893.97,4244468.26,4282161.81,3850989.97
2014-04-13,4945405.38,4494711.75,Train,2014,4,13,6,1,2,0,0,0.8660254037844387,-0.4999999999999998,-0.7818314824680299,0.6234898018587334,0,0,1,5687376.75,5248378.46,4749333.13,4416528.48,12784107.1,11757805.12,4544809.4,3647946.39,5214391.75,4691901.42
2014-04-14,6921493.59,6054527.76,Train,2014,4,14,0,0,2,0,0,0.8660254037844387,-0.4999999999999998,0.0,1.0,0,0,1,4945405.38,4494711.75,4614814.59,4275798.75,12312523.89,11321960.71,4691387.16,3744464.98,4506492.03,3873550.82
2014-04-15,7871571.71,6776042.49,Train,2014,4,15,1,0,2,0,0,0.8660254037844387,-0.4999999999999998,0.7818314824680298,0.6234898018587336,0,0,1,6921493.59,6054527.76,6392830.04,5806623.81,12163891.23,11150883.99,5553669.8,4426899.92,5167610.5,4514315.72
2014-04-16,7912857.96,6785359.76,Train,2014,4,16,2,0,2,0,0,0.8660254037844387,-0.4999999999999998,0.9749279121818236,-0.22252093395631434,0,0,1,7871571.71,6776042.49,6139037.72,5584747.6,13046471.25,11843249.22,6623777.28,5406586.76,5887221.88,4755791.57
2014-04-17,5557754.18,4737292.06,Train,2014,4,17,3,0,2,0,0,0.8660254037844387,-0.4999999999999998,0.43388373911755823,-0.900968867902419,0,0,1,7912857.96,6785359.76,5203589.72,4738923.88,9642469.77,8683847.27,5707570.51,4657479.17,8104639.53,6617328.78
2014-04-18,5700339.67,4462371.41,Train,2014,4,18,4,0,2,0,0,0.8660254037844387,-0.4999999999999998,-0.433883739117558,-0.9009688679024191,0,0,0,5557754.18,4737292.06,5105964.56,4552400.07,3027057.03,2762337.1,7282983.0,6147005.74,6536742.64,5253454.75
2014-04-19,6624958.05,5350753.37,Train,2014,4,19,5,1,2,0,0,0.8660254037844387,-0.4999999999999998,-0.9749279121818236,-0.2225209339563146,0,0,0,5700339.67,4462371.41,5687376.75,5248378.46,4578612.03,4277766.79,6459634.76,5394910.61,5871312.85,4657092.08
2014-04-20,6418388.34,5065177.85,Train,2014,4,20,6,1,2,0,0,0.8660254037844387,-0.4999999999999998,-0.7818314824680299,0.6234898018587334,0,0,0,6624958.05,5350753.37,4945405.38,4494711.75,4749333.13,4416528.48,4506741.28,3883392.78,6012115.71,4722140.67
2014-04-21,8414591.83,6893636.69,Train,2014,4,21,0,0,2,0,0,0.8660254037844387,-0.4999999999999998,0.0,1.0,0,0,0,6418388.34,5065177.85,6921493.59,6054527.76,4614814.59,4275798.75,4682426.76,4390336.24,6323547.99,5021941.78
2014-04-22,10131097.46,8109722.27,Train,2014,4,22,1,0,2,0,0,0.8660254037844387,-0.4999999999999998,0.7818314824680298,0.6234898018587336,0,0,0,8414591.83,6893636.69,7871571.71,6776042.49,6392830.04,5806623.81,5239607.0,4727286.58,7292352.56,5866886.82
2014-04-23,8191044.84,6573636.73,Train,2014,4,23,2,0,2,0,0,0.8660254037844387,-0.4999999999999998,0.9749279121818236,-0.22252093395631434,0,0,0,10131097.46,8109722.27,7912857.96,6785359.76,6139037.72,5584747.6,5516390.06,5135733.73,8757473.08,6907927.03
2014-04-24,6761050.63,5427294.9,Train,2014,4,24,3,0,2,0,0,0.8660254037844387,-0.4999999999999998,0.43388373911755823,-0.900968867902419,0,0,0,8191044.84,6573636.73,5557754.18,4737292.06,5203589.72,4738923.88,6858764.17,6248964.6,9358565.61,7286897.36
2014-04-25,7297129.72,5878423.04,Train,2014,4,25,4,0,2,0,0,0.8660254037844387,-0.4999999999999998,-0.433883739117558,-0.9009688679024191,0,0,0,6761050.63,5427294.9,5700339.67,4462371.41,5105964.56,4552400.07,7966063.19,7366934.0,9127283.0,7206948.14
2014-04-26,7473782.26,5884034.36,Train,2014,4,26,5,1,2,0,0,0.8660254037844387,-0.4999999999999998,-0.9749279121818236,-0.2225209339563146,0,0,0,7297129.72,5878423.04,6624958.05,5350753.37,5687376.75,5248378.46,8330175.47,7600114.49,6156392.84,4860244.05
2014-04-27,9019804.81,7060147.55,Train,2014,4,27,6,1,2,0,0,0.8660254037844387,-0.4999999999999998,-0.7818314824680299,0.6234898018587334,0,0,0,7473782.26,5884034.36,6418388.34,5065177.85,4945405.38,4494711.75,5747360.19,5214181.96,6420235.09,5103697.51
2014-04-28,11814441.72,9367036.91,Train,2014,4,28,0,0,2,0,0,0.8660254037844387,-0.4999999999999998,0.0,1.0,0,0,0,9019804.81,7060147.55,8414591.83,6893636.69,6921493.59,6054527.76,6857129.34,6302802.0,9099343.31,7234100.22
2014-04-29,17347427.27,13752034.86,Train,2014,4,29,1,0,2,0,0,0.8660254037844387,-0.4999999999999998,0.7818314824680298,0.6234898018587336,0,0,0,11814441.72,9367036.91,10131097.46,8109722.27,7871571.71,6776042.49,12784107.1,11757805.12,13160942.22,10423989.71
2014-04-30,13811054.06,10868835.13,Train,2014,4,30,2,0,2,0,1,0.8660254037844387,-0.4999999999999998,0.9749279121818236,-0.22252093395631434,1,0,0,17347427.27,13752034.86,8191044.84,6573636.73,7912857.96,6785359.76,12312523.89,11321960.71,11190466.86,8842281.65
2014-05-01,13289875.45,10604429.39,Train,2014,5,1,3,0,2,1,0,0.49999999999999994,-0.8660254037844387,0.43388373911755823,-0.900968867902419,1,0,0,13811054.06,10868835.13,6761050.63,5427294.9,5557754.18,4737292.06,12163891.23,11150883.99,13051232.31,10395426.51
2014-05-02,9037359.63,7277515.81,Train,2014,5,2,4,0,2,0,0,0.49999999999999994,-0.8660254037844387,-0.433883739117558,-0.9009688679024191,0,0,0,13289875.45,10604429.39,7297129.72,5878423.04,5700339.67,4462371.41,13046471.25,11843249.22,11179665.29,8989067.99
2014-05-03,8214103.42,6577016.62,Train,2014,5,3,5,1,2,0,0,0.49999999999999994,-0.8660254037844387,-0.9749279121818236,-0.2225209339563146,0,0,0,9037359.63,7277515.81,7473782.26,5884034.36,6624958.05,5350753.37,9642469.77,8683847.27,8173550.12,6507576.59
2014-05-04,2887053.22,2293661.95,Train,2014,5,4,6,1,2,0,0,0.49999999999999994,-0.8660254037844387,-0.7818314824680299,0.6234898018587334,0,0,0,8214103.42,6577016.62,9019804.81,7060147.55,6418388.34,5065177.85,3027057.03,2762337.1,3225175.57,2586608.79
2014-05-05,4251113.98,3397014.1,Train,2014,5,5,0,0,2,0,0,0.49999999999999994,-0.8660254037844387,0.0,1.0,0,0,0,2887053.22,2293661.95,11814441.72,9367036.91,8414591.83,6893636.69,4578612.03,4277766.79,3906711.0,3268319.42
2014-05-06,5130961.6,4130431.51,Train,2014,5,6,1,0,2,0,0,0.49999999999999994,-0.8660254037844387,0.7818314824680298,0.6234898018587336,0,0,0,4251113.98,3397014.1,17347427.27,13752034.86,10131097.46,8109722.27,4749333.13,4416528.48,4311626.38,3384442.35
2014-05-07,6175024.0,5012292.24,Train,2014,5,7,2,0,2,0,0,0.49999999999999994,-0.8660254037844387,0.9749279121818236,-0.22252093395631434,0,0,0,5130961.6,4130431.51,13811054.06,10868835.13,8191044.84,6573636.73,4614814.59,4275798.75,3763332.37,3079887.85
2014-05-08,6845994.59,5424944.1,Train,2014,5,8,3,0,2,0,0,0.49999999999999994,-0.8660254037844387,0.43388373911755823,-0.900968867902419,0,0,0,6175024.0,5012292.24,13289875.45,10604429.39,6761050.63,5427294.9,6392830.04,5806623.81,5458168.5,4267785.48
2014-05-09,3896896.85,3172234.57,Train,2014,5,9,4,0,2,0,0,0.49999999999999994,-0.8660254037844387,-0.433883739117558,-0.9009688679024191,0,0,0,6845994.59,5424944.1,9037359.63,7277515.81,7297129.72,5878423.04,6139037.72,5584747.6,5815611.07,4647084.74
2014-05-10,5476367.67,4341371.17,Train,2014,5,10,5,1,2,0,0,0.49999999999999994,-0.8660254037844387,-0.9749279121818236,-0.2225209339563146,0,0,0,3896896.85,3172234.57,8214103.42,6577016.62,7473782.26,5884034.36,5203589.72,4738923.88,4248246.45,3392369.6
2014-05-11,5960839.36,4817268.38,Train,2014,5,11,6,1,2,0,0,0.49999999999999994,-0.8660254037844387,-0.7818314824680299,0.6234898018587334,0,0,0,5476367.67,4341371.17,2887053.22,2293661.95,9019804.81,7060147.55,5105964.56,4552400.07,4388803.6,3347274.34
2014-05-12,6171798.51,4876269.62,Train,2014,5,12,0,0,2,0,0,0.49999999999999994,-0.8660254037844387,0.0,1.0,0,0,0,5960839.36,4817268.38,4251113.98,3397014.1,11814441.72,9367036.91,5687376.75,5248378.46,4298069.68,3423974.02
2014-05-13,6357034.06,5124302.35,Train,2014,5,13,1,0,2,0,0,0.49999999999999994,-0.8660254037844387,0.7818314824680298,0.6234898018587336,0,0,0,6171798.51,4876269.62,5130961.6,4130431.51,17347427.27,13752034.86,4945405.38,4494711.75,4663488.62,3677688.54
2014-05-14,8953168.22,7238881.78,Train,2014,5,14,2,0,2,0,0,0.49999999999999994,-0.8660254037844387,0.9749279121818236,-0.22252093395631434,0,0,0,6357034.06,5124302.35,6175024.0,5012292.24,13811054.06,10868835.13,6921493.59,6054527.76,5622176.45,4515976.68
2014-05-15,7521179.22,5970183.39,Train,2014,5,15,3,0,2,0,0,0.49999999999999994,-0.8660254037844387,0.43388373911755823,-0.900968867902419,0,0,0,8953168.22,7238881.78,6845994.59,5424944.1,13289875.45,10604429.39,7871571.71,6776042.49,6416011.44,5136196.06
2014-05-16,7254155.54,5828882.18,Train,2014,5,16,4,0,2,0,0,0.49999999999999994,-0.8660254037844387,-0.433883739117558,-0.9009688679024191,0,0,0,7521179.22,5970183.39,3896896.85,3172234.57,9037359.63,7277515.81,7912857.96,6785359.76,7727680.05,6101584.58
2014-05-17,6473741.19,5173264.38,Train,2014,5,17,5,1,2,0,0,0.49999999999999994,-0.8660254037844387,-0.9749279121818236,-0.2225209339563146,0,0,0,7254155.54,5828882.18,5476367.67,4341371.17,8214103.42,6577016.62,5557754.18,4737292.06,6520355.77,5213542.1
2014-05-18,7502869.16,6017924.93,Train,2014,5,18,6,1,2,0,0,0.49999999999999994,-0.8660254037844387,-0.7818314824680299,0.6234898018587334,0,0,0,6473741.19,5173264.38,5960839.36,4817268.38,2887053.22,2293661.95,5700339.67,4462371.41,5126131.05,4165368.61
2014-05-19,6717427.22,5373895.24,Train,2014,5,19,0,0,2,0,0,0.49999999999999994,-0.8660254037844387,0.0,1.0,0,0,0,7502869.16,6017924.93,6171798.51,4876269.62,4251113.98,3397014.1,6624958.05,5350753.37,5417543.03,4323889.4
2014-05-20,6998009.98,5565704.32,Train,2014,5,20,1,0,2,0,0,0.49999999999999994,-0.8660254037844387,0.7818314824680298,0.6234898018587336,0,0,0,6717427.22,5373895.24,6357034.06,5124302.35,5130961.6,4130431.51,6418388.34,5065177.85,5837064.06,4872375.63
2014-05-21,9232803.8,7257287.25,Train,2014,5,21,2,0,2,0,0,0.49999999999999994,-0.8660254037844387,0.9749279121818236,-0.22252093395631434,0,0,0,6998009.98,5565704.32,8953168.22,7238881.78,6175024.0,5012292.24,8414591.83,6893636.69,5156527.79,4086850.49
2014-05-22,8682669.79,6984588.89,Train,2014,5,22,3,0,2,0,0,0.49999999999999994,-0.8660254037844387,0.43388373911755823,-0.900968867902419,0,0,0,9232803.8,7257287.25,7521179.22,5970183.39,6845994.59,5424944.1,10131097.46,8109722.27,6977473.78,5617374.39
2014-05-23,6481511.11,5117307.95,Train,2014,5,23,4,0,2,0,0,0.49999999999999994,-0.8660254037844387,-0.433883739117558,-0.9009688679024191,0,0,0,8682669.79,6984588.89,7254155.54,5828882.18,3896896.85,3172234.57,8191044.84,6573636.73,9166919.02,7150676.62
2014-05-24,5624884.34,4535522.53,Train,2014,5,24,5,1,2,0,0,0.49999999999999994,-0.8660254037844387,-0.9749279121818236,-0.2225209339563146,0,0,0,6481511.11,5117307.95,6473741.19,5173264.38,5476367.67,4341371.17,6761050.63,5427294.9,6670030.19,5242528.96
2014-05-25,7834743.41,6254562.47,Train,2014,5,25,6,1,2,0,0,0.49999999999999994,-0.8660254037844387,-0.7818314824680299,0.6234898018587334,0,0,0,5624884.34,4535522.53,7502869.16,6017924.93,5960839.36,4817268.38,7297129.72,5878423.04,5054594.94,3916382.21
2014-05-26,7196331.6,5750840.38,Train,2014,5,26,0,0,2,0,0,0.49999999999999994,-0.8660254037844387,0.0,1.0,0,0,0,7834743.41,6254562.47,6717427.22,5373895.24,6171798.51,4876269.62,7473782.26,5884034.36,3649585.05,2889501.26
2014-05-27,11197544.52,8926851.08,Train,2014,5,27,1,0,2,0,0,0.49999999999999994,-0.8660254037844387,0.7818314824680298,0.6234898018587336,0,0,0,7196331.6,5750840.38,6998009.98,5565704.32,6357034.06,5124302.35,9019804.81,7060147.55,4403026.04,3471897.02
2014-05-28,14237002.33,11276884.86,Train,2014,5,28,2,0,2,0,0,0.49999999999999994,-0.8660254037844387,0.9749279121818236,-0.22252093395631434,0,0,0,11197544.52,8926851.08,9232803.8,7257287.25,8953168.22,7238881.78,11814441.72,9367036.91,6274027.61,4977411.59
2014-05-29,12708438.64,10157319.36,Train,2014,5,29,3,0,2,0,0,0.49999999999999994,-0.8660254037844387,0.43388373911755823,-0.900968867902419,0,0,0,14237002.33,11276884.86,8682669.79,6984588.89,7521179.22,5970183.39,17347427.27,13752034.86,7359639.59,5841803.19
2014-05-30,13573669.01,10729950.95,Train,2014,5,30,4,0,2,0,0,0.49999999999999994,-0.8660254037844387,-0.433883739117558,-0.9009688679024191,0,0,0,12708438.64,10157319.36,6481511.11,5117307.95,7254155.54,5828882.18,13811054.06,10868835.13,12828293.48,10036927.65
2014-05-31,12424970.9,9985304.33,Train,2014,5,31,5,1,2,0,1,0.49999999999999994,-0.8660254037844387,-0.9749279121818236,-0.2225209339563146,0,0,0,13573669.01,10729950.95,5624884.34,4535522.53,6473741.19,5173264.38,13289875.45,10604429.39,13809349.18,11231361.14
2014-06-01,11536710.05,9170211.02,Train,2014,6,1,6,1,2,1,0,1.2246467991473532e-16,-1.0,-0.7818314824680299,0.6234898018587334,0,0,0,12424970.9,9985304.33,7834743.41,6254562.47,7502869.16,6017924.93,9037359.63,7277515.81,13162597.88,10314262.16
2014-06-02,10120772.07,8076952.84,Train,2014,6,2,0,0,2,0,0,1.2246467991473532e-16,-1.0,0.0,1.0,0,0,0,11536710.05,9170211.02,7196331.6,5750840.38,6717427.22,5373895.24,8214103.42,6577016.62,12079925.72,9610953.04
2014-06-03,7433951.35,5784897.37,Train,2014,6,3,1,0,2,0,0,1.2246467991473532e-16,-1.0,0.7818314824680298,0.6234898018587336,0,0,0,10120772.07,8076952.84,11197544.52,8926851.08,6998009.98,5565704.32,2887053.22,2293661.95,9411997.25,7525850.2
2014-06-04,6422990.57,5214120.6,Train,2014,6,4,2,0,2,0,0,1.2246467991473532e-16,-1.0,0.9749279121818236,-0.22252093395631434,0,0,0,7433951.35,5784897.37,14237002.33,11276884.86,9232803.8,7257287.25,4251113.98,3397014.1,5397308.75,4297393.33
2014-06-05,4701261.04,3843536.1,Train,2014,6,5,3,0,2,0,0,1.2246467991473532e-16,-1.0,0.43388373911755823,-0.900968867902419,0,0,0,6422990.57,5214120.6,12708438.64,10157319.36,8682669.79,6984588.89,5130961.6,4130431.51,6860958.96,5505167.85
2014-06-06,4455750.46,3475184.85,Train,2014,6,6,4,0,2,0,0,1.2246467991473532e-16,-1.0,-0.433883739117558,-0.9009688679024191,0,0,0,4701261.04,3843536.1,13573669.01,10729950.95,6481511.11,5117307.95,6175024.0,5012292.24,5692902.11,4632206.37
2014-06-07,5291724.53,4145797.41,Train,2014,6,7,5,1,2,0,0,1.2246467991473532e-16,-1.0,-0.9749279121818236,-0.2225209339563146,0,0,0,4455750.46,3475184.85,12424970.9,9985304.33,5624884.34,4535522.53,6845994.59,5424944.1,3843507.28,2986865.05
2014-06-08,5672479.42,4555972.93,Train,2014,6,8,6,1,2,0,0,1.2246467991473532e-16,-1.0,-0.7818314824680299,0.6234898018587334,0,0,0,5291724.53,4145797.41,11536710.05,9170211.02,7834743.41,6254562.47,3896896.85,3172234.57,3646959.35,2897196.14
2014-06-09,5745736.68,4655455.78,Train,2014,6,9,0,0,2,0,0,1.2246467991473532e-16,-1.0,0.0,1.0,0,0,0,5672479.42,4555972.93,10120772.07,8076952.84,7196331.6,5750840.38,5476367.67,4341371.17,3880132.51,3070545.08
2014-06-10,8176131.42,6751336.8,Train,2014,6,10,1,0,2,0,0,1.2246467991473532e-16,-1.0,0.7818314824680298,0.6234898018587336,0,0,0,5745736.68,4655455.78,7433951.35,5784897.37,11197544.52,8926851.08,5960839.36,4817268.38,4476887.83,3582347.82
2014-06-11,6815089.25,5416132.65,Train,2014,6,11,2,0,2,0,0,1.2246467991473532e-16,-1.0,0.9749279121818236,-0.22252093395631434,0,0,0,8176131.42,6751336.8,6422990.57,5214120.6,14237002.33,11276884.86,6171798.51,4876269.62,5003847.86,3903592.44
2014-06-12,6198469.27,4930278.7,Train,2014,6,12,3,0,2,0,0,1.2246467991473532e-16,-1.0,0.43388373911755823,-0.900968867902419,0,0,0,6815089.25,5416132.65,4701261.04,3843536.1,12708438.64,10157319.36,6357034.06,5124302.35,7209020.15,5796177.46
2014-06-13,5808360.57,4689299.84,Train,2014,6,13,4,0,2,0,0,1.2246467991473532e-16,-1.0,-0.433883739117558,-0.9009688679024191,0,0,0,6198469.27,4930278.7,4455750.46,3475184.85,13573669.01,10729950.95,8953168.22,7238881.78,6845836.24,5559998.61
2014-06-14,6159350.48,4887308.6,Train,2014,6,14,5,1,2,0,0,1.2246467991473532e-16,-1.0,-0.9749279121818236,-0.2225209339563146,0,0,0,5808360.57,4689299.84,5291724.53,4145797.41,12424970.9,9985304.33,7521179.22,5970183.39,4871516.57,3975403.65
2014-06-15,6251988.62,5001362.67,Train,2014,6,15,6,1,2,0,0,1.2246467991473532e-16,-1.0,-0.7818314824680299,0.6234898018587334,0,0,0,6159350.48,4887308.6,5672479.42,4555972.93,11536710.05,9170211.02,7254155.54,5828882.18,5166292.57,4029821.84
2014-06-16,7506669.47,5993922.63,Train,2014,6,16,0,0,2,0,0,1.2246467991473532e-16,-1.0,0.0,1.0,0,0,0,6251988.62,5001362.67,5745736.68,4655455.78,10120772.07,8076952.84,6473741.19,5173264.38,5794009.15,4551326.63
2014-06-17,7985873.38,6364228.97,Train,2014,6,17,1,0,2,0,0,1.2246467991473532e-16,-1.0,0.7818314824680298,0.6234898018587336,0,0,0,7506669.47,5993922.63,8176131.42,6751336.8,7433951.35,5784897.37,7502869.16,6017924.93,5795298.96,4637293.92
2014-06-18,6928139.58,5573372.83,Train,2014,6,18,2,0,2,0,0,1.2246467991473532e-16,-1.0,0.9749279121818236,-0.22252093395631434,0,0,0,7985873.38,6364228.97,6815089.25,5416132.65,6422990.57,5214120.6,6717427.22,5373895.24,6632615.61,5459331.17
2014-06-19,5160401.64,4101123.87,Train,2014,6,19,3,0,2,0,0,1.2246467991473532e-16,-1.0,0.43388373911755823,-0.900968867902419,0,0,0,6928139.58,5573372.83,6198469.27,4930278.7,4701261.04,3843536.1,6998009.98,5565704.32,7437341.02,6031157.35
2014-06-20,5726955.46,4649863.18,Train,2014,6,20,4,0,2,0,0,1.2246467991473532e-16,-1.0,-0.433883739117558,-0.9009688679024191,0,0,0,5160401.64,4101123.87,5808360.57,4689299.84,4455750.46,3475184.85,9232803.8,7257287.25,7078652.68,5515676.8
2014-06-21,5534870.9,4397465.45,Train,2014,6,21,5,1,2,0,0,1.2246467991473532e-16,-1.0,-0.9749279121818236,-0.2225209339563146,0,0,0,5726955.46,4649863.18,6159350.48,4887308.6,5291724.53,4145797.41,8682669.79,6984588.89,5526354.45,4396745.86
2014-06-22,6871043.81,5449439.25,Train,2014,6,22,6,1,2,0,0,1.2246467991473532e-16,-1.0,-0.7818314824680299,0.6234898018587334,0,0,0,5534870.9,4397465.45,6251988.62,5001362.67,5672479.42,4555972.93,6481511.11,5117307.95,5117274.96,4111300.17
2014-06-23,7520898.79,6115811.37,Train,2014,6,23,0,0,2,0,0,1.2246467991473532e-16,-1.0,0.0,1.0,0,0,1,6871043.81,5449439.25,7506669.47,5993922.63,5745736.68,4655455.78,5624884.34,4535522.53,5844565.63,4855247.11
2014-06-24,8318751.36,7165579.48,Train,2014,6,24,1,0,2,0,0,1.2246467991473532e-16,-1.0,0.7818314824680298,0.6234898018587336,0,0,1,7520898.79,6115811.37,7985873.38,6364228.97,8176131.42,6751336.8,7834743.41,6254562.47,5243774.5,4800223.91
2014-06-25,7464560.81,6650267.82,Train,2014,6,25,2,0,2,0,0,1.2246467991473532e-16,-1.0,0.9749279121818236,-0.22252093395631434,0,0,1,8318751.36,7165579.48,6928139.58,5573372.83,6815089.25,5416132.65,7196331.6,5750840.38,6728887.1,6142934.34
2014-06-26,5465498.81,5160550.9,Train,2014,6,26,3,0,2,0,0,1.2246467991473532e-16,-1.0,0.43388373911755823,-0.900968867902419,0,0,1,7464560.81,6650267.82,5160401.64,4101123.87,6198469.27,4930278.7,11197544.52,8926851.08,8817278.13,8290194.65
2014-06-27,6215342.27,5942103.5,Train,2014,6,27,4,0,2,0,0,1.2246467991473532e-16,-1.0,-0.433883739117558,-0.9009688679024191,0,0,1,5465498.81,5160550.9,5726955.46,4649863.18,5808360.57,4689299.84,14237002.33,11276884.86,7748199.74,7462815.86
2014-06-28,6715989.51,6489880.35,Train,2014,6,28,5,1,2,0,0,1.2246467991473532e-16,-1.0,-0.9749279121818236,-0.2225209339563146,0,0,1,6215342.27,5942103.5,5534870.9,4397465.45,6159350.48,4887308.6,12708438.64,10157319.36,6285354.21,6043485.1
2014-06-29,10967240.25,10676762.03,Train,2014,6,29,6,1,2,0,0,1.2246467991473532e-16,-1.0,-0.7818314824680299,0.6234898018587334,0,0,1,6715989.51,6489880.35,6871043.81,5449439.25,6251988.62,5001362.67,13573669.01,10729950.95,9546012.78,9167617.84
2014-06-30,8960784.4,8779889.34,Train,2014,6,30,0,0,2,0,1,1.2246467991473532e-16,-1.0,0.0,1.0,0,0,1,10967240.25,10676762.03,7520898.79,6115811.37,7506669.47,5993922.63,12424970.9,9985304.33,7372318.59,7149429.97
2014-07-01,9836345.7,9652958.13,Train,2014,7,1,1,0,3,1,0,-0.4999999999999997,-0.8660254037844388,0.7818314824680298,0.6234898018587336,0,0,1,8960784.4,8779889.34,8318751.36,7165579.48,7985873.38,6364228.97,11536710.05,9170211.02,6359864.53,6248239.94
2014-07-02,8037264.4,7829854.35,Train,2014,7,2,2,0,3,0,0,-0.4999999999999997,-0.8660254037844388,0.9749279121818236,-0.22252093395631434,0,0,1,9836345.7,9652958.13,7464560.81,6650267.82,6928139.58,5573372.83,10120772.07,8076952.84,7209130.33,6927420.38
2014-07-03,6599126.14,6280312.35,Train,2014,7,3,3,0,3,0,0,-0.4999999999999997,-0.8660254037844388,0.43388373911755823,-0.900968867902419,0,0,1,8037264.4,7829854.35,5465498.81,5160550.9,5160401.64,4101123.87,7433951.35,5784897.37,8038680.63,7869401.17
2014-07-04,1539342.27,1546984.48,Train,2014,7,4,4,0,3,0,0,-0.4999999999999997,-0.8660254037844388,-0.433883739117558,-0.9009688679024191,0,0,1,6599126.14,6280312.35,6215342.27,5942103.5,5726955.46,4649863.18,6422990.57,5214120.6,2521315.44,2408274.98
2014-07-05,2247607.0,2088267.2,Train,2014,7,5,5,1,3,0,0,-0.4999999999999997,-0.8660254037844388,-0.9749279121818236,-0.2225209339563146,0,0,1,1539342.27,1546984.48,6715989.51,6489880.35,5534870.9,4397465.45,4701261.04,3843536.1,2494107.65,2432073.97
2014-07-06,2992177.47,2950653.66,Train,2014,7,6,6,1,3,0,0,-0.4999999999999997,-0.8660254037844388,-0.7818314824680299,0.6234898018587334,0,0,1,2247607.0,2088267.2,10967240.25,10676762.03,6871043.81,5449439.25,4455750.46,3475184.85,2452372.43,2331799.51
2014-07-07,3321041.63,3237780.91,Train,2014,7,7,0,0,3,0,0,-0.4999999999999997,-0.8660254037844388,0.0,1.0,0,0,1,2992177.47,2950653.66,8960784.4,8779889.34,7520898.79,6115811.37,5291724.53,4145797.41,2958215.01,2950992.63
2014-07-08,4389991.98,4344681.53,Train,2014,7,8,1,0,3,0,0,-0.4999999999999997,-0.8660254037844388,0.7818314824680298,0.6234898018587336,0,0,1,3321041.63,3237780.91,9836345.7,9652958.13,8318751.36,7165579.48,5672479.42,4555972.93,2571901.18,2450996.77
2014-07-09,5089459.45,5002533.36,Train,2014,7,9,2,0,3,0,0,-0.4999999999999997,-0.8660254037844388,0.9749279121818236,-0.22252093395631434,0,0,1,4389991.98,4344681.53,8037264.4,7829854.35,7464560.81,6650267.82,5745736.68,4655455.78,4624825.33,4592718.95
2014-07-10,5277348.24,5193788.09,Train,2014,7,10,3,0,3,0,0,-0.4999999999999997,-0.8660254037844388,0.43388373911755823,-0.900968867902419,0,0,1,5089459.45,5002533.36,6599126.14,6280312.35,5465498.81,5160550.9,8176131.42,6751336.8,3855254.64,3797797.81
2014-07-11,3680744.54,3649066.92,Train,2014,7,11,4,0,3,0,0,-0.4999999999999997,-0.8660254037844388,-0.433883739117558,-0.9009688679024191,0,0,1,5277348.24,5193788.09,1539342.27,1546984.48,6215342.27,5942103.5,6815089.25,5416132.65,5785320.61,5626075.87
2014-07-12,3635150.5,3488161.59,Train,2014,7,12,5,1,3,0,0,-0.4999999999999997,-0.8660254037844388,-0.9749279121818236,-0.2225209339563146,0,0,1,3680744.54,3649066.92,2247607.0,2088267.2,6715989.51,6489880.35,6198469.27,4930278.7,6053300.71,5886949.95
2014-07-13,4538183.38,4461396.49,Train,2014,7,13,6,1,3,0,0,-0.4999999999999997,-0.8660254037844388,-0.7818314824680299,0.6234898018587334,0,0,1,3635150.5,3488161.59,2992177.47,2950653.66,10967240.25,10676762.03,5808360.57,4689299.84,4161301.31,3995435.41
2014-07-14,4180514.48,4093927.18,Train,2014,7,14,0,0,3,0,0,-0.4999999999999997,-0.8660254037844388,0.0,1.0,0,0,1,4538183.38,4461396.49,3321041.63,3237780.91,8960784.4,8779889.34,6159350.48,4887308.6,4482102.22,4419156.67
2014-07-15,4729914.86,4685468.3,Train,2014,7,15,1,0,3,0,0,-0.4999999999999997,-0.8660254037844388,0.7818314824680298,0.6234898018587336,0,0,1,4180514.48,4093927.18,4389991.98,4344681.53,9836345.7,9652958.13,6251988.62,5001362.67,4387240.36,4219310.04
2014-07-16,5725200.44,5688906.29,Train,2014,7,16,2,0,3,0,0,-0.4999999999999997,-0.8660254037844388,0.9749279121818236,-0.22252093395631434,0,0,1,4729914.86,4685468.3,5089459.45,5002533.36,8037264.4,7829854.35,7506669.47,5993922.63,4411030.39,4135243.61
2014-07-17,5475110.93,5378778.65,Train,2014,7,17,3,0,3,0,0,-0.4999999999999997,-0.8660254037844388,0.43388373911755823,-0.900968867902419,0,0,1,5725200.44,5688906.29,5277348.24,5193788.09,6599126.14,6280312.35,7985873.38,6364228.97,4475453.64,4375610.63
2014-07-18,4518235.32,4447047.74,Train,2014,7,18,4,0,3,0,0,-0.4999999999999997,-0.8660254037844388,-0.433883739117558,-0.9009688679024191,0,0,1,5475110.93,5378778.65,3680744.54,3649066.92,1539342.27,1546984.48,6928139.58,5573372.83,6265533.39,6163756.55
2014-07-19,4203668.56,3770693.84,Train,2014,7,19,5,1,3,0,0,-0.4999999999999997,-0.8660254037844388,-0.9749279121818236,-0.2225209339563146,0,0,1,4518235.32,4447047.74,3635150.5,3488161.59,2247607.0,2088267.2,5160401.64,4101123.87,6310739.5,5960928.51
2014-07-20,4322625.55,3600969.69,Train,2014,7,20,6,1,3,0,0,-0.4999999999999997,-0.8660254037844388,-0.7818314824680299,0.6234898018587334,0,0,1,4203668.56,3770693.84,4538183.38,4461396.49,2992177.47,2950653.66,5726955.46,4649863.18,4157746.85,3978173.28
2014-07-21,4796649.21,3768111.9,Train,2014,7,21,0,0,3,0,0,-0.4999999999999997,-0.8660254037844388,0.0,1.0,0,0,1,4322625.55,3600969.69,4180514.48,4093927.18,3321041.63,3237780.91,5534870.9,4397465.45,4847680.2,4301699.27
2014-07-22,6208113.76,5011530.91,Train,2014,7,22,1,0,3,0,0,-0.4999999999999997,-0.8660254037844388,0.7818314824680298,0.6234898018587336,0,0,1,4796649.21,3768111.9,4729914.86,4685468.3,4389991.98,4344681.53,6871043.81,5449439.25,5926190.4,5032346.99
2014-07-23,7566031.17,5950276.5,Train,2014,7,23,2,0,3,0,0,-0.4999999999999997,-0.8660254037844388,0.9749279121818236,-0.22252093395631434,0,0,0,6208113.76,5011530.91,5725200.44,5688906.29,5089459.45,5002533.36,7520898.79,6115811.37,4436778.28,3552350.42
2014-07-24,5905615.09,4674430.56,Train,2014,7,24,3,0,3,0,0,-0.4999999999999997,-0.8660254037844388,0.43388373911755823,-0.900968867902419,0,0,0,7566031.17,5950276.5,5475110.93,5378778.65,5277348.24,5193788.09,8318751.36,7165579.48,7329505.1,5924978.27
2014-07-25,4437108.92,3571085.86,Train,2014,7,25,4,0,3,0,0,-0.4999999999999997,-0.8660254037844388,-0.433883739117558,-0.9009688679024191,0,0,0,5905615.09,4674430.56,4518235.32,4447047.74,3680744.54,3649066.92,7464560.81,6650267.82,6342757.31,4978292.65
2014-07-26,4875867.56,3838617.04,Train,2014,7,26,5,1,3,0,0,-0.4999999999999997,-0.8660254037844388,-0.9749279121818236,-0.2225209339563146,0,0,0,4437108.92,3571085.86,4203668.56,3770693.84,3635150.5,3488161.59,5465498.81,5160550.9,6941436.71,5543496.22
2014-07-27,4695097.96,3728682.43,Train,2014,7,27,6,1,3,0,0,-0.4999999999999997,-0.8660254037844388,-0.7818314824680299,0.6234898018587334,0,0,0,4875867.56,3838617.04,4322625.55,3600969.69,4538183.38,4461396.49,6215342.27,5942103.5,4353958.13,3499528.32
2014-07-28,5659848.32,4577648.87,Train,2014,7,28,0,0,3,0,0,-0.4999999999999997,-0.8660254037844388,0.0,1.0,0,0,0,4695097.96,3728682.43,4796649.21,3768111.9,4180514.48,4093927.18,6715989.51,6489880.35,6017516.42,4917333.26
2014-07-29,8325936.32,6673852.31,Train,2014,7,29,1,0,3,0,0,-0.4999999999999997,-0.8660254037844388,0.7818314824680298,0.6234898018587336,0,0,0,5659848.32,4577648.87,6208113.76,5011530.91,4729914.86,4685468.3,10967240.25,10676762.03,8158241.16,6599164.67
2014-07-30,9849002.97,7950504.57,Train,2014,7,30,2,0,3,0,0,-0.4999999999999997,-0.8660254037844388,0.9749279121818236,-0.22252093395631434,0,0,0,8325936.32,6673852.31,7566031.17,5950276.5,5725200.44,5688906.29,8960784.4,8779889.34,7711378.77,7073525.07
2014-07-31,12499623.55,10113088.37,Train,2014,7,31,3,0,3,0,1,-0.4999999999999997,-0.8660254037844388,0.43388373911755823,-0.900968867902419,0,0,0,9849002.97,7950504.57,5905615.09,4674430.56,5475110.93,5378778.65,9836345.7,9652958.13,10104475.36,10851542.12
2014-08-01,10268362.3,8266400.63,Train,2014,8,1,4,0,3,1,0,-0.8660254037844385,-0.5000000000000004,-0.433883739117558,-0.9009688679024191,0,0,0,12499623.55,10113088.37,4437108.92,3571085.86,4518235.32,4447047.74,8037264.4,7829854.35,10998208.4,12167214.07
2014-08-02,9437585.35,7486465.1,Train,2014,8,2,5,1,3,0,0,-0.8660254037844385,-0.5000000000000004,-0.9749279121818236,-0.2225209339563146,0,0,0,10268362.3,8266400.63,4875867.56,3838617.04,4203668.56,3770693.84,6599126.14,6280312.35,7422715.15,9601836.11
2014-08-03,8311634.97,6613684.99,Train,2014,8,3,6,1,3,0,0,-0.8660254037844385,-0.5000000000000004,-0.7818314824680299,0.6234898018587334,0,0,0,9437585.35,7486465.1,4695097.96,3728682.43,4322625.55,3600969.69,1539342.27,1546984.48,5599602.67,7786528.35
2014-08-04,7920532.02,6253439.86,Train,2014,8,4,0,0,3,0,0,-0.8660254037844385,-0.5000000000000004,0.0,1.0,0,0,0,8311634.97,6613684.99,5659848.32,4577648.87,4796649.21,3768111.9,2247607.0,2088267.2,5021938.29,7089757.76
2014-08-05,4783590.74,3865614.98,Train,2014,8,5,1,0,3,0,0,-0.8660254037844385,-0.5000000000000004,0.7818314824680298,0.6234898018587336,0,0,0,7920532.02,6253439.86,8325936.32,6673852.31,6208113.76,5011530.91,2992177.47,2950653.66,2231563.34,3064145.21
2014-08-06,5768372.14,4433911.0,Train,2014,8,6,2,0,3,0,0,-0.8660254037844385,-0.5000000000000004,0.9749279121818236,-0.22252093395631434,0,0,0,4783590.74,3865614.98,9849002.97,7950504.57,7566031.17,5950276.5,3321041.63,3237780.91,2493225.51,3592496.3
2014-08-07,4368310.48,3451434.03,Train,2014,8,7,3,0,3,0,0,-0.8660254037844385,-0.5000000000000004,0.43388373911755823,-0.900968867902419,0,0,0,5768372.14,4433911.0,12499623.55,10113088.37,5905615.09,4674430.56,4389991.98,4344681.53,2638845.23,3381813.66
2014-08-08,2772020.29,2220747.24,Train,2014,8,8,4,0,3,0,0,-0.8660254037844385,-0.5000000000000004,-0.433883739117558,-0.9009688679024191,0,0,0,4368310.48,3451434.03,10268362.3,8266400.63,4437108.92,3571085.86,5089459.45,5002533.36,3065089.0,4223344.7
2014-08-09,3001539.63,2354553.12,Train,2014,8,9,5,1,3,0,0,-0.8660254037844385,-0.5000000000000004,-0.9749279121818236,-0.2225209339563146,0,0,0,2772020.29,2220747.24,9437585.35,7486465.1,4875867.56,3838617.04,5277348.24,5193788.09,2598855.08,3418548.13
2014-08-10,3823485.27,3003127.77,Train,2014,8,10,6,1,3,0,0,-0.8660254037844385,-0.5000000000000004,-0.7818314824680299,0.6234898018587334,0,0,0,3001539.63,2354553.12,8311634.97,6613684.99,4695097.96,3728682.43,3680744.54,3649066.92,1776113.02,2320738.01
2014-08-11,4332284.65,3523421.42,Train,2014,8,11,0,0,3,0,0,-0.8660254037844385,-0.5000000000000004,0.0,1.0,0,0,0,3823485.27,3003127.77,7920532.02,6253439.86,5659848.32,4577648.87,3635150.5,3488161.59,2074476.53,2834815.33
2014-08-12,4968367.41,3950793.43,Train,2014,8,12,1,0,3,0,0,-0.8660254037844385,-0.5000000000000004,0.7818314824680298,0.6234898018587336,0,0,0,4332284.65,3523421.42,4783590.74,3865614.98,8325936.32,6673852.31,4538183.38,4461396.49,1933036.01,2566277.36
2014-08-13,5893608.69,4708354.21,Train,2014,8,13,2,0,3,0,0,-0.8660254037844385,-0.5000000000000004,0.9749279121818236,-0.22252093395631434,0,0,0,4968367.41,3950793.43,5768372.14,4433911.0,9849002.97,7950504.57,4180514.48,4093927.18,2531884.21,3266499.42
2014-08-14,5049141.59,3986642.15,Train,2014,8,14,3,0,3,0,0,-0.8660254037844385,-0.5000000000000004,0.43388373911755823,-0.900968867902419,0,0,0,5893608.69,4708354.21,4368310.48,3451434.03,12499623.55,10113088.37,4729914.86,4685468.3,2791478.67,3740726.27
2014-08-15,4964547.64,3886890.99,Train,2014,8,15,4,0,3,0,0,-0.8660254037844385,-0.5000000000000004,-0.433883739117558,-0.9009688679024191,0,0,0,5049141.59,3986642.15,2772020.29,2220747.24,10268362.3,8266400.63,5725200.44,5688906.29,3665019.45,4896607.22
2014-08-16,4183136.08,3312917.75,Train,2014,8,16,5,1,3,0,0,-0.8660254037844385,-0.5000000000000004,-0.9749279121818236,-0.2225209339563146,0,0,0,4964547.64,3886890.99,3001539.63,2354553.12,9437585.35,7486465.1,5475110.93,5378778.65,3619170.1,4661015.06
2014-08-17,4553293.21,3569236.73,Train,2014,8,17,6,1,3,0,0,-0.8660254037844385,-0.5000000000000004,-0.7818314824680299,0.6234898018587334,0,0,0,4183136.08,3312917.75,3823485.27,3003127.77,8311634.97,6613684.99,4518235.32,4447047.74,3066137.96,4129676.85
2014-08-18,3852897.93,3032853.62,Train,2014,8,18,0,0,3,0,0,-0.8660254037844385,-0.5000000000000004,0.0,1.0,0,0,0,4553293.21,3569236.73,4332284.65,3523421.42,7920532.02,6253439.86,4203668.56,3770693.84,2385617.18,2947242.18
2014-08-19,5491853.95,4329773.16,Train,2014,8,19,1,0,3,0,0,-0.8660254037844385,-0.5000000000000004,0.7818314824680298,0.6234898018587336,0,0,0,3852897.93,3032853.62,4968367.41,3950793.43,4783590.74,3865614.98,4322625.55,3600969.69,2870843.18,3669528.41
2014-08-20,6252896.94,5003338.92,Train,2014,8,20,2,0,3,0,0,-0.8660254037844385,-0.5000000000000004,0.9749279121818236,-0.22252093395631434,0,0,0,5491853.95,4329773.16,5893608.69,4708354.21,5768372.14,4433911.0,4796649.21,3768111.9,2730112.88,3528369.0
2014-08-21,5420386.94,4272987.79,Train,2014,8,21,3,0,3,0,0,-0.8660254037844385,-0.5000000000000004,0.43388373911755823,-0.900968867902419,0,0,0,6252896.94,5003338.92,5049141.59,3986642.15,4368310.48,3451434.03,6208113.76,5011530.91,2707776.73,3591906.04
2014-08-22,3980335.94,3221586.25,Train,2014,8,22,4,0,3,0,0,-0.8660254037844385,-0.5000000000000004,-0.433883739117558,-0.9009688679024191,0,0,0,5420386.94,4272987.79,4964547.64,3886890.99,2772020.29,2220747.24,7566031.17,5950276.5,3821233.2,5275320.79
2014-08-23,3604919.44,2824202.4,Train,2014,8,23,5,1,3,0,0,-0.8660254037844385,-0.5000000000000004,-0.9749279121818236,-0.2225209339563146,0,0,0,3980335.94,3221586.25,4183136.08,3312917.75,3001539.63,2354553.12,5905615.09,4674430.56,3454696.96,4693020.59
2014-08-24,3975022.95,3208598.81,Train,2014,8,24,6,1,3,0,0,-0.8660254037844385,-0.5000000000000004,-0.7818314824680299,0.6234898018587334,0,0,0,3604919.44,2824202.4,4553293.21,3569236.73,3823485.27,3003127.77,4437108.92,3571085.86,2837188.07,4087795.83
2014-08-25,4982068.72,3931111.8,Train,2014,8,25,0,0,3,0,0,-0.8660254037844385,-0.5000000000000004,0.0,1.0,0,0,0,3975022.95,3208598.81,3852897.93,3032853.62,4332284.65,3523421.42,4875867.56,3838617.04,3018860.44,3945685.24
2014-08-26,5315751.01,4151656.84,Train,2014,8,26,1,0,3,0,0,-0.8660254037844385,-0.5000000000000004,0.7818314824680298,0.6234898018587336,0,0,0,4982068.72,3931111.8,5491853.95,4329773.16,4968367.41,3950793.43,4695097.96,3728682.43,3465971.03,4845153.03
2014-08-27,7880420.55,6267001.76,Train,2014,8,27,2,0,3,0,0,-0.8660254037844385,-0.5000000000000004,0.9749279121818236,-0.22252093395631434,0,0,0,5315751.01,4151656.84,6252896.94,5003338.92,5893608.69,4708354.21,5659848.32,4577648.87,3008572.56,3950990.04
2014-08-28,13900846.53,11188888.43,Train,2014,8,28,3,0,3,0,0,-0.8660254037844385,-0.5000000000000004,0.43388373911755823,-0.900968867902419,0,0,0,7880420.55,6267001.76,5420386.94,4272987.79,5049141.59,3986642.15,8325936.32,6673852.31,3749158.5,4845899.79
2014-08-29,12683009.27,10136587.4,Train,2014,8,29,4,0,3,0,0,-0.8660254037844385,-0.5000000000000004,-0.433883739117558,-0.9009688679024191,0,0,0,13900846.53,11188888.43,3980335.94,3221586.25,4964547.64,3886890.99,9849002.97,7950504.57,6385124.62,8251851.88
2014-08-30,11574198.37,9088009.4,Train,2014,8,30,5,1,3,0,0,-0.8660254037844385,-0.5000000000000004,-0.9749279121818236,-0.2225209339563146,0,0,1,12683009.27,10136587.4,3604919.44,2824202.4,4183136.08,3312917.75,12499623.55,10113088.37,5499141.72,7247803.25
2014-08-31,11951398.65,9415326.58,Train,2014,8,31,6,1,3,0,1,-0.8660254037844385,-0.5000000000000004,-0.7818314824680299,0.6234898018587334,0,0,1,11574198.37,9088009.4,3975022.95,3208598.81,4553293.21,3569236.73,10268362.3,8266400.63,6810100.27,8325085.12
2014-09-01,10306541.25,8432677.93,Train,2014,9,1,0,0,3,1,0,-1.0,-1.8369701987210297e-16,0.0,1.0,0,0,1,11951398.65,9415326.58,4982068.72,3931111.8,3852897.93,3032853.62,9437585.35,7486465.1,6018993.92,6937336.62
2014-09-02,1980913.22,1699049.31,Train,2014,9,2,1,0,3,0,0,-1.0,-1.8369701987210297e-16,0.7818314824680298,0.6234898018587336,1,0,1,10306541.25,8432677.93,5315751.01,4151656.84,5491853.95,4329773.16,8311634.97,6613684.99,5386759.65,5986639.99
2014-09-03,2013419.84,1783705.47,Train,2014,9,3,2,0,3,0,0,-1.0,-1.8369701987210297e-16,0.9749279121818236,-0.22252093395631434,0,0,1,1980913.22,1699049.31,7880420.55,6267001.76,6252896.94,5003338.92,7920532.02,6253439.86,4126941.12,3701795.41
2014-09-04,2079554.62,1858190.69,Train,2014,9,4,3,0,3,0,0,-1.0,-1.8369701987210297e-16,0.43388373911755823,-0.900968867902419,0,0,1,2013419.84,1783705.47,13900846.53,11188888.43,5420386.94,4272987.79,4783590.74,3865614.98,5401049.96,4808183.3
2014-09-05,3009749.32,2650108.54,Train,2014,9,5,4,0,3,0,0,-1.0,-1.8369701987210297e-16,-0.433883739117558,-0.9009688679024191,0,0,1,2079554.62,1858190.69,12683009.27,10136587.4,3980335.94,3221586.25,5768372.14,4433911.0,3168900.6,2729766.04
2014-09-06,2651615.67,2379303.77,Train,2014,9,6,5,1,3,0,0,-1.0,-1.8369701987210297e-16,-0.9749279121818236,-0.2225209339563146,0,0,1,3009749.32,2650108.54,11574198.37,9088009.4,3604919.44,2824202.4,4368310.48,3451434.03,2705040.33,2367475.06
2014-09-07,3257294.39,2733813.81,Train,2014,9,7,6,1,3,0,0,-1.0,-1.8369701987210297e-16,-0.7818314824680299,0.6234898018587334,0,0,1,2651615.67,2379303.77,11951398.65,9415326.58,3975022.95,3208598.81,2772020.29,2220747.24,2468479.29,2187848.67
2014-09-08,3789247.34,3234658.91,Train,2014,9,8,0,0,3,0,0,-1.0,-1.8369701987210297e-16,0.0,1.0,0,0,1,3257294.39,2733813.81,10306541.25,8432677.93,4982068.72,3931111.8,3001539.63,2354553.12,3056823.21,2611808.27
2014-09-09,3050893.58,2636295.62,Train,2014,9,9,1,0,3,0,0,-1.0,-1.8369701987210297e-16,0.7818314824680298,0.6234898018587336,0,0,1,3789247.34,3234658.91,1980913.22,1699049.31,5315751.01,4151656.84,3823485.27,3003127.77,3771227.87,3399993.99
2014-09-10,2734213.18,2344334.17,Train,2014,9,10,2,0,3,0,0,-1.0,-1.8369701987210297e-16,0.9749279121818236,-0.22252093395631434,0,0,1,3050893.58,2636295.62,2013419.84,1783705.47,7880420.55,6267001.76,4332284.65,3523421.42,5357130.97,4737093.81
2014-09-11,3603376.76,3063452.95,Train,2014,9,11,3,0,3,0,0,-1.0,-1.8369701987210297e-16,0.43388373911755823,-0.900968867902419,0,0,1,2734213.18,2344334.17,2079554.62,1858190.69,13900846.53,11188888.43,4968367.41,3950793.43,4636476.74,4075727.91
2014-09-12,3387921.49,2941397.85,Train,2014,9,12,4,0,3,0,0,-1.0,-1.8369701987210297e-16,-0.433883739117558,-0.9009688679024191,0,0,1,3603376.76,3063452.95,3009749.32,2650108.54,12683009.27,10136587.4,5893608.69,4708354.21,3865949.23,3502787.78
2014-09-13,4488375.88,3882301.0,Train,2014,9,13,5,1,3,0,0,-1.0,-1.8369701987210297e-16,-0.9749279121818236,-0.2225209339563146,0,0,1,3387921.49,2941397.85,2651615.67,2379303.77,11574198.37,9088009.4,5049141.59,3986642.15,3034568.95,2783517.1
2014-09-14,4664595.04,4241668.09,Train,2014,9,14,6,1,3,0,0,-1.0,-1.8369701987210297e-16,-0.7818314824680299,0.6234898018587334,0,0,1,4488375.88,3882301.0,3257294.39,2733813.81,11951398.65,9415326.58,4964547.64,3886890.99,3664631.38,3289032.18
2014-09-15,3434401.74,2989155.15,Train,2014,9,15,0,0,3,0,0,-1.0,-1.8369701987210297e-16,0.0,1.0,0,0,1,4664595.04,4241668.09,3789247.34,3234658.91,10306541.25,8432677.93,4183136.08,3312917.75,3078369.62,2753095.6
2014-09-16,3499018.93,3094674.95,Train,2014,9,16,1,0,3,0,0,-1.0,-1.8369701987210297e-16,0.7818314824680298,0.6234898018587336,0,0,1,3434401.74,2989155.15,3050893.58,2636295.62,1980913.22,1699049.31,4553293.21,3569236.73,3927167.34,3489729.16
2014-09-17,2159581.94,1891350.86,Train,2014,9,17,2,0,3,0,0,-1.0,-1.8369701987210297e-16,0.9749279121818236,-0.22252093395631434,0,0,1,3499018.93,3094674.95,2734213.18,2344334.17,2013419.84,1783705.47,3852897.93,3032853.62,5410121.46,4728526.43
2014-09-18,3245614.46,2827312.43,Train,2014,9,18,3,0,3,0,0,-1.0,-1.8369701987210297e-16,0.43388373911755823,-0.900968867902419,0,0,1,2159581.94,1891350.86,3603376.76,3063452.95,2079554.62,1858190.69,5491853.95,4329773.16,4460453.69,3992756.75
2014-09-19,3152106.06,2800614.8,Train,2014,9,19,4,0,3,0,0,-1.0,-1.8369701987210297e-16,-0.433883739117558,-0.9009688679024191,0,0,1,3245614.46,2827312.43,3387921.49,2941397.85,3009749.32,2650108.54,6252896.94,5003338.92,2995364.48,2599191.98
2014-09-20,3934660.56,3508771.25,Train,2014,9,20,5,1,3,0,0,-1.0,-1.8369701987210297e-16,-0.9749279121818236,-0.2225209339563146,0,0,1,3152106.06,2800614.8,4488375.88,3882301.0,2651615.67,2379303.77,5420386.94,4272987.79,3316913.08,3045593.87
2014-09-21,4973677.98,4472971.42,Train,2014,9,21,6,1,3,0,0,-1.0,-1.8369701987210297e-16,-0.7818314824680299,0.6234898018587334,0,0,1,3934660.56,3508771.25,4664595.04,4241668.09,3257294.39,2733813.81,3980335.94,3221586.25,3799564.88,3399323.86
2014-09-22,4691002.44,4096769.99,Train,2014,9,22,0,0,3,0,0,-1.0,-1.8369701987210297e-16,0.0,1.0,0,0,1,4973677.98,4472971.42,3434401.74,2989155.15,3789247.34,3234658.91,3604919.44,2824202.4,3243304.2,2980813.06
2014-09-23,3267077.04,2950868.62,Train,2014,9,23,1,0,3,0,0,-1.0,-1.8369701987210297e-16,0.7818314824680298,0.6234898018587336,0,0,1,4691002.44,4096769.99,3499018.93,3094674.95,3050893.58,2636295.62,3975022.95,3208598.81,4426354.9,3977701.82
2014-09-24,3651189.03,3193891.83,Train,2014,9,24,2,0,3,0,0,-1.0,-1.8369701987210297e-16,0.9749279121818236,-0.22252093395631434,0,0,1,3267077.04,2950868.62,2159581.94,1891350.86,2734213.18,2344334.17,4982068.72,3931111.8,4673257.46,4051335.39
2014-09-25,3991936.34,3513164.66,Train,2014,9,25,3,0,3,0,0,-1.0,-1.8369701987210297e-16,0.43388373911755823,-0.900968867902419,0,0,1,3651189.03,3193891.83,3245614.46,2827312.43,3603376.76,3063452.95,5315751.01,4151656.84,4851490.55,4336304.71
2014-09-26,4802241.84,4364819.46,Train,2014,9,26,4,0,3,0,0,-1.0,-1.8369701987210297e-16,-0.433883739117558,-0.9009688679024191,0,0,1,3991936.34,3513164.66,3152106.06,2800614.8,3387921.49,2941397.85,7880420.55,6267001.76,4120039.5,3761711.17
2014-09-27,5922266.1,5104748.73,Train,2014,9,27,5,1,3,0,0,-1.0,-1.8369701987210297e-16,-0.9749279121818236,-0.2225209339563146,0,0,1,4802241.84,4364819.46,3934660.56,3508771.25,4488375.88,3882301.0,13900846.53,11188888.43,4676571.41,4202205.54
2014-09-28,6894981.49,6104020.61,Train,2014,9,28,6,1,3,0,0,-1.0,-1.8369701987210297e-16,-0.7818314824680299,0.6234898018587334,0,0,1,5922266.1,5104748.73,4973677.98,4472971.42,4664595.04,4241668.09,12683009.27,10136587.4,7035889.97,6246182.51
2014-09-29,6358369.55,5385912.36,Train,2014,9,29,0,0,3,0,0,-1.0,-1.8369701987210297e-16,0.0,1.0,0,0,1,6894981.49,6104020.61,4691002.44,4096769.99,3434401.74,2989155.15,11574198.37,9088009.4,5087376.98,4359895.07
2014-09-30,5625701.93,4992117.65,Train,2014,9,30,1,0,3,0,1,-1.0,-1.8369701987210297e-16,0.7818314824680298,0.6234898018587336,0,0,1,6358369.55,5385912.36,3267077.04,2950868.62,3499018.93,3094674.95,11951398.65,9415326.58,5768935.23,5117966.77
2014-10-01,4131059.59,3367707.8,Train,2014,10,1,2,0,4,1,0,-0.8660254037844386,0.5000000000000001,0.9749279121818236,-0.22252093395631434,0,0,1,5625701.93,4992117.65,3651189.03,3193891.83,2159581.94,1891350.86,10306541.25,8432677.93,5389130.81,4591599.54
2014-10-02,2166020.29,1638411.83,Train,2014,10,2,3,0,4,0,0,-0.8660254037844386,0.5000000000000001,0.43388373911755823,-0.900968867902419,0,0,0,4131059.59,3367707.8,3991936.34,3513164.66,3245614.46,2827312.43,1980913.22,1699049.31,5393969.29,4651419.05
2014-10-03,2713373.58,2209685.83,Train,2014,10,3,4,0,4,0,0,-0.8660254037844386,0.5000000000000001,-0.433883739117558,-0.9009688679024191,0,0,0,2166020.29,1638411.83,4802241.84,4364819.46,3152106.06,2800614.8,2013419.84,1783705.47,2026611.74,1672946.51
2014-10-04,3061013.56,2383424.37,Train,2014,10,4,5,1,4,0,0,-0.8660254037844386,0.5000000000000001,-0.9749279121818236,-0.2225209339563146,0,0,0,2713373.58,2209685.83,5922266.1,5104748.73,3934660.56,3508771.25,2079554.62,1858190.69,2912944.43,2284930.64
2014-10-05,3514973.01,2703049.67,Train,2014,10,5,6,1,4,0,0,-0.8660254037844386,0.5000000000000001,-0.7818314824680299,0.6234898018587334,0,0,0,3061013.56,2383424.37,6894981.49,6104020.61,4973677.98,4472971.42,3009749.32,2650108.54,2463961.82,1952842.64
2014-10-06,4584954.57,3714150.0,Train,2014,10,6,0,0,4,0,0,-0.8660254037844386,0.5000000000000001,0.0,1.0,0,0,0,3514973.01,2703049.67,6358369.55,5385912.36,4691002.44,4096769.99,2651615.67,2379303.77,2875234.12,2170808.86
2014-10-07,3826571.36,3029706.85,Train,2014,10,7,1,0,4,0,0,-0.8660254037844386,0.5000000000000001,0.7818314824680298,0.6234898018587336,0,0,0,4584954.57,3714150.0,5625701.93,4992117.65,3267077.04,2950868.62,3257294.39,2733813.81,2084519.3,1674894.34
2014-10-08,3298742.48,2595357.42,Train,2014,10,8,2,0,4,0,0,-0.8660254037844386,0.5000000000000001,0.9749279121818236,-0.22252093395631434,0,0,0,3826571.36,3029706.85,4131059.59,3367707.8,3651189.03,3193891.83,3789247.34,3234658.91,2982770.86,2404722.52
2014-10-09,2480246.09,1949299.28,Train,2014,10,9,3,0,4,0,0,-0.8660254037844386,0.5000000000000001,0.43388373911755823,-0.900968867902419,0,0,0,3298742.48,2595357.42,2166020.29,1638411.83,3991936.34,3513164.66,3050893.58,2636295.62,3524600.98,2822967.5
2014-10-10,3324677.65,2616526.38,Train,2014,10,10,4,0,4,0,0,-0.8660254037844386,0.5000000000000001,-0.433883739117558,-0.9009688679024191,0,0,0,2480246.09,1949299.28,2713373.58,2209685.83,4802241.84,4364819.46,2734213.18,2344334.17,4018321.34,3267316.51
2014-10-11,3249272.4,2455378.82,Train,2014,10,11,5,1,4,0,0,-0.8660254037844386,0.5000000000000001,-0.9749279121818236,-0.2225209339563146,0,0,0,3324677.65,2616526.38,3061013.56,2383424.37,5922266.1,5104748.73,3603376.76,3063452.95,1938342.36,1556262.82
2014-10-12,3964814.61,3263898.52,Train,2014,10,12,6,1,4,0,0,-0.8660254037844386,0.5000000000000001,-0.7818314824680299,0.6234898018587334,0,0,0,3249272.4,2455378.82,3514973.01,2703049.67,6894981.49,6104020.61,3387921.49,2941397.85,3170838.37,2562812.71
2014-10-13,5257692.13,4155288.51,Train,2014,10,13,0,0,4,0,0,-0.8660254037844386,0.5000000000000001,0.0,1.0,0,0,0,3964814.61,3263898.52,4584954.57,3714150.0,6358369.55,5385912.36,4488375.88,3882301.0,3719451.39,2946745.46
2014-10-14,5353820.23,4242284.88,Train,2014,10,14,1,0,4,0,0,-0.8660254037844386,0.5000000000000001,0.7818314824680298,0.6234898018587336,0,0,0,5257692.13,4155288.51,3826571.36,3029706.85,5625701.93,4992117.65,4664595.04,4241668.09,3097590.81,2398025.79
2014-10-15,3174858.73,2517101.9,Train,2014,10,15,2,0,4,0,0,-0.8660254037844386,0.5000000000000001,0.9749279121818236,-0.22252093395631434,0,0,0,5353820.23,4242284.88,3298742.48,2595357.42,4131059.59,3367707.8,3434401.74,2989155.15,4062456.23,3281418.54
2014-10-16,3035433.21,2343522.12,Train,2014,10,16,3,0,4,0,0,-0.8660254037844386,0.5000000000000001,0.43388373911755823,-0.900968867902419,0,0,0,3174858.73,2517101.9,2480246.09,1949299.28,2166020.29,1638411.83,3499018.93,3094674.95,4801027.51,3944302.72
2014-10-17,3041887.24,2405340.07,Train,2014,10,17,4,0,4,0,0,-0.8660254037844386,0.5000000000000001,-0.433883739117558,-0.9009688679024191,0,0,0,3035433.21,2343522.12,3324677.65,2616526.38,2713373.58,2209685.83,2159581.94,1891350.86,3348412.32,2713865.33
2014-10-18,3295901.64,2641429.14,Train,2014,10,18,5,1,4,0,0,-0.8660254037844386,0.5000000000000001,-0.9749279121818236,-0.2225209339563146,0,0,0,3041887.24,2405340.07,3249272.4,2455378.82,3061013.56,2383424.37,3245614.46,2827312.43,3238854.55,2560313.88
2014-10-19,3906454.96,3097527.04,Train,2014,10,19,6,1,4,0,0,-0.8660254037844386,0.5000000000000001,-0.7818314824680299,0.6234898018587334,0,0,0,3295901.64,2641429.14,3964814.61,3263898.52,3514973.01,2703049.67,3152106.06,2800614.8,3376648.2,2769325.22
2014-10-20,4406719.83,3563304.85,Train,2014,10,20,0,0,4,0,0,-0.8660254037844386,0.5000000000000001,0.0,1.0,0,0,0,3906454.96,3097527.04,5257692.13,4155288.51,4584954.57,3714150.0,3934660.56,3508771.25,2888479.98,2302148.44
2014-10-21,4158469.93,3334418.16,Train,2014,10,21,1,0,4,0,0,-0.8660254037844386,0.5000000000000001,0.7818314824680298,0.6234898018587336,0,0,0,4406719.83,3563304.85,5353820.23,4242284.88,3826571.36,3029706.85,4973677.98,4472971.42,3409990.75,2751364.44
2014-10-22,3185076.38,2622321.88,Train,2014,10,22,2,0,4,0,0,-0.8660254037844386,0.5000000000000001,0.9749279121818236,-0.22252093395631434,0,0,0,4158469.93,3334418.16,3174858.73,2517101.9,3298742.48,2595357.42,4691002.44,4096769.99,3932052.89,3189287.97
2014-10-23,3397945.31,2701811.9,Train,2014,10,23,3,0,4,0,0,-0.8660254037844386,0.5000000000000001,0.43388373911755823,-0.900968867902419,0,0,0,3185076.38,2622321.88,3035433.21,2343522.12,2480246.09,1949299.28,3267077.04,2950868.62,4895108.72,3861527.06
2014-10-24,2910624.78,2393219.16,Train,2014,10,24,4,0,4,0,0,-0.8660254037844386,0.5000000000000001,-0.433883739117558,-0.9009688679024191,0,0,0,3397945.31,2701811.9,3041887.24,2405340.07,3324677.65,2616526.38,3651189.03,3193891.83,4333852.18,3403031.49
2014-10-25,3710088.5,3052761.25,Train,2014,10,25,5,1,4,0,0,-0.8660254037844386,0.5000000000000001,-0.9749279121818236,-0.2225209339563146,0,0,0,2910624.78,2393219.16,3295901.64,2641429.14,3249272.4,2455378.82,3991936.34,3513164.66,3503713.92,2743366.59
2014-10-26,3332635.64,2620840.72,Train,2014,10,26,6,1,4,0,0,-0.8660254037844386,0.5000000000000001,-0.7818314824680299,0.6234898018587334,0,0,0,3710088.5,3052761.25,3906454.96,3097527.04,3964814.61,3263898.52,4802241.84,4364819.46,2923604.47,2331573.03
2014-10-27,5247620.14,4151809.58,Train,2014,10,27,0,0,4,0,0,-0.8660254037844386,0.5000000000000001,0.0,1.0,0,0,0,3332635.64,2620840.72,4406719.83,3563304.85,5257692.13,4155288.51,5922266.1,5104748.73,2949737.88,2365410.99
2014-10-28,6122484.1,4933576.08,Train,2014,10,28,1,0,4,0,0,-0.8660254037844386,0.5000000000000001,0.7818314824680298,0.6234898018587336,0,0,0,5247620.14,4151809.58,4158469.93,3334418.16,5353820.23,4242284.88,6894981.49,6104020.61,3235799.73,2588267.2
2014-10-29,6191276.35,4949513.22,Train,2014,10,29,2,0,4,0,0,-0.8660254037844386,0.5000000000000001,0.9749279121818236,-0.22252093395631434,0,0,0,6122484.1,4933576.08,3185076.38,2622321.88,3174858.73,2517101.9,6358369.55,5385912.36,5981959.98,4833162.34
2014-10-30,6250389.79,4894988.48,Train,2014,10,30,3,0,4,0,0,-0.8660254037844386,0.5000000000000001,0.43388373911755823,-0.900968867902419,0,0,0,6191276.35,4949513.22,3397945.31,2701811.9,3035433.21,2343522.12,5625701.93,4992117.65,6960811.52,5563340.73
2014-10-31,4687679.79,3734196.88,Train,2014,10,31,4,0,4,0,1,-0.8660254037844386,0.5000000000000001,-0.433883739117558,-0.9009688679024191,0,0,0,6250389.79,4894988.48,2910624.78,2393219.16,3041887.24,2405340.07,4131059.59,3367707.8,5649038.29,4525813.51
2014-11-01,4474322.51,3463929.06,Train,2014,11,1,5,1,4,1,0,-0.5000000000000004,0.8660254037844384,-0.9749279121818236,-0.2225209339563146,0,0,0,4687679.79,3734196.88,3710088.5,3052761.25,3295901.64,2641429.14,2166020.29,1638411.83,4823330.61,3780905.84
2014-11-02,3503909.61,2759213.27,Train,2014,11,2,6,1,4,0,0,-0.5000000000000004,0.8660254037844384,-0.7818314824680299,0.6234898018587334,0,0,0,4474322.51,3463929.06,3332635.64,2620840.72,3906454.96,3097527.04,2713373.58,2209685.83,4871579.51,3874376.58
2014-11-03,2511155.37,1925980.79,Train,2014,11,3,0,0,4,0,0,-0.5000000000000004,0.8660254037844384,0.0,1.0,0,0,0,3503909.61,2759213.27,5247620.14,4151809.58,4406719.83,3563304.85,3061013.56,2383424.37,2310551.56,1894570.42
2014-11-04,1758772.81,1413005.18,Train,2014,11,4,1,0,4,0,0,-0.5000000000000004,0.8660254037844384,0.7818314824680298,0.6234898018587336,0,0,0,2511155.37,1925980.79,6122484.1,4933576.08,4158469.93,3334418.16,3514973.01,2703049.67,2638652.15,2128739.96
2014-11-05,2080412.08,1649512.63,Train,2014,11,5,2,0,4,0,0,-0.5000000000000004,0.8660254037844384,0.9749279121818236,-0.22252093395631434,0,0,0,1758772.81,1413005.18,6191276.35,4949513.22,3185076.38,2622321.88,4584954.57,3714150.0,3529966.51,2818098.89
2014-11-06,2338580.92,1815525.82,Train,2014,11,6,3,0,4,0,0,-0.5000000000000004,0.8660254037844384,0.43388373911755823,-0.900968867902419,0,0,0,2080412.08,1649512.63,6250389.79,4894988.48,3397945.31,2701811.9,3826571.36,3029706.85,2440647.75,1890461.99
2014-11-07,2391118.65,1914802.56,Train,2014,11,7,4,0,4,0,0,-0.5000000000000004,0.8660254037844384,-0.433883739117558,-0.9009688679024191,0,0,0,2338580.92,1815525.82,4687679.79,3734196.88,2910624.78,2393219.16,3298742.48,2595357.42,2145217.46,1755584.37
2014-11-08,2603594.99,2058134.47,Train,2014,11,8,5,1,4,0,0,-0.5000000000000004,0.8660254037844384,-0.9749279121818236,-0.2225209339563146,0,0,0,2391118.65,1914802.56,4474322.51,3463929.06,3710088.5,3052761.25,2480246.09,1949299.28,2200221.02,1790704.8
2014-11-09,3896973.5,2948324.76,Train,2014,11,9,6,1,4,0,0,-0.5000000000000004,0.8660254037844384,-0.7818314824680299,0.6234898018587334,0,0,0,2603594.99,2058134.47,3503909.61,2759213.27,3332635.64,2620840.72,3324677.65,2616526.38,2018930.67,1594615.53
2014-11-10,3578790.21,2955883.0,Train,2014,11,10,0,0,4,0,0,-0.5000000000000004,0.8660254037844384,0.0,1.0,0,0,0,3896973.5,2948324.76,2511155.37,1925980.79,5247620.14,4151809.58,3249272.4,2455378.82,2722218.97,2099682.78
2014-11-11,3265211.84,2544268.23,Train,2014,11,11,1,0,4,0,0,-0.5000000000000004,0.8660254037844384,0.7818314824680298,0.6234898018587336,0,0,0,3578790.21,2955883.0,1758772.81,1413005.18,6122484.1,4933576.08,3964814.61,3263898.52,3495969.18,2676318.51
2014-11-12,2687977.35,2131053.41,Train,2014,11,12,2,0,4,0,0,-0.5000000000000004,0.8660254037844384,0.9749279121818236,-0.22252093395631434,0,0,0,3265211.84,2544268.23,2080412.08,1649512.63,6191276.35,4949513.22,5257692.13,4155288.51,5162437.56,3979066.87
2014-11-13,3661668.42,2973473.14,Train,2014,11,13,3,0,4,0,0,-0.5000000000000004,0.8660254037844384,0.43388373911755823,-0.900968867902419,0,0,0,2687977.35,2131053.41,2338580.92,1815525.82,6250389.79,4894988.48,5353820.23,4242284.88,4681263.25,3622930.35
2014-11-14,4104922.66,3206387.48,Train,2014,11,14,4,0,4,0,0,-0.5000000000000004,0.8660254037844384,-0.433883739117558,-0.9009688679024191,0,0,0,3661668.42,2973473.14,2391118.65,1914802.56,4687679.79,3734196.88,3174858.73,2517101.9,3118904.74,2460188.52
2014-11-15,3332537.35,2666922.09,Train,2014,11,15,5,1,4,0,0,-0.5000000000000004,0.8660254037844384,-0.9749279121818236,-0.2225209339563146,0,0,0,4104922.66,3206387.48,2603594.99,2058134.47,4474322.51,3463929.06,3035433.21,2343522.12,3370811.62,2719077.99
2014-11-16,3926705.12,3165100.53,Train,2014,11,16,6,1,4,0,0,-0.5000000000000004,0.8660254037844384,-0.7818314824680299,0.6234898018587334,0,0,0,3332537.35,2666922.09,3896973.5,2948324.76,3503909.61,2759213.27,3041887.24,2405340.07,3365890.12,2733920.22
2014-11-17,3901928.25,3135379.39,Train,2014,11,17,0,0,4,0,0,-0.5000000000000004,0.8660254037844384,0.0,1.0,0,0,0,3926705.12,3165100.53,3578790.21,2955883.0,2511155.37,1925980.79,3295901.64,2641429.14,2416530.15,1906202.04
2014-11-18,2299920.21,1777742.22,Train,2014,11,18,1,0,4,0,0,-0.5000000000000004,0.8660254037844384,0.7818314824680298,0.6234898018587336,0,0,0,3901928.25,3135379.39,3265211.84,2544268.23,1758772.81,1413005.18,3906454.96,3097527.04,2109164.6,1778409.36
2014-11-19,2365334.24,2037392.28,Train,2014,11,19,2,0,4,0,0,-0.5000000000000004,0.8660254037844384,0.9749279121818236,-0.22252093395631434,0,0,1,2299920.21,1777742.22,2687977.35,2131053.41,2080412.08,1649512.63,4406719.83,3563304.85,3237660.32,2746026.34
2014-11-20,2712056.74,2364468.06,Train,2014,11,20,3,0,4,0,0,-0.5000000000000004,0.8660254037844384,0.43388373911755823,-0.900968867902419,0,0,1,2365334.24,2037392.28,3661668.42,2973473.14,2338580.92,1815525.82,4158469.93,3334418.16,3321114.32,2983892.23
2014-11-21,2642726.69,2469983.77,Train,2014,11,21,4,0,4,0,0,-0.5000000000000004,0.8660254037844384,-0.433883739117558,-0.9009688679024191,0,0,1,2712056.74,2364468.06,4104922.66,3206387.48,2391118.65,1914802.56,3185076.38,2622321.88,2595234.4,2362389.95
2014-11-22,2355839.63,2373102.5,Train,2014,11,22,5,1,4,0,0,-0.5000000000000004,0.8660254037844384,-0.9749279121818236,-0.2225209339563146,0,0,1,2642726.69,2469983.77,3332537.35,2666922.09,2603594.99,2058134.47,3397945.31,2701811.9,2550262.64,2542345.82
2014-11-23,2702782.41,2732923.6,Train,2014,11,23,6,1,4,0,0,-0.5000000000000004,0.8660254037844384,-0.7818314824680299,0.6234898018587334,0,0,1,2355839.63,2373102.5,3926705.12,3165100.53,3896973.5,2948324.76,2910624.78,2393219.16,2054330.57,2011741.48
2014-11-24,2994851.12,2989623.83,Train,2014,11,24,0,0,4,0,0,-0.5000000000000004,0.8660254037844384,0.0,1.0,0,0,1,2702782.41,2732923.6,3901928.25,3135379.39,3578790.21,2955883.0,3710088.5,3052761.25,2519706.85,2537974.67
2014-11-25,1951300.95,1961306.08,Train,2014,11,25,1,0,4,0,0,-0.5000000000000004,0.8660254037844384,0.7818314824680298,0.6234898018587336,0,0,1,2994851.12,2989623.83,2299920.21,1777742.22,3265211.84,2544268.23,3332635.64,2620840.72,2406331.38,2358037.25
2014-11-26,3005133.94,3070985.43,Train,2014,11,26,2,0,4,0,0,-0.5000000000000004,0.8660254037844384,0.9749279121818236,-0.22252093395631434,0,0,1,1951300.95,1961306.08,2365334.24,2037392.28,2687977.35,2131053.41,5247620.14,4151809.58,3107204.99,3083734.78
2014-11-27,4582936.62,4552287.3,Train,2014,11,27,3,0,4,0,0,-0.5000000000000004,0.8660254037844384,0.43388373911755823,-0.900968867902419,0,0,1,3005133.94,3070985.43,2712056.74,2364468.06,3661668.42,2973473.14,6122484.1,4933576.08,3123410.59,3027393.58
2014-11-28,3803816.23,3776489.22,Train,2014,11,28,4,0,4,0,0,-0.5000000000000004,0.8660254037844384,-0.433883739117558,-0.9009688679024191,0,0,1,4582936.62,4552287.3,2642726.69,2469983.77,4104922.66,3206387.48,6191276.35,4949513.22,3580033.44,3514991.8
2014-11-29,3693923.36,3714680.69,Train,2014,11,29,5,1,4,0,0,-0.5000000000000004,0.8660254037844384,-0.9749279121818236,-0.2225209339563146,0,0,1,3803816.23,3776489.22,2355839.63,2373102.5,3332537.35,2666922.09,6250389.79,4894988.48,1768057.43,1773822.57
2014-11-30,4164373.0,4139199.1,Train,2014,11,30,6,1,4,0,1,-0.5000000000000004,0.8660254037844384,-0.7818314824680299,0.6234898018587334,0,0,1,3693923.36,3714680.69,2702782.41,2732923.6,3926705.12,3165100.53,4687679.79,3734196.88,2685677.46,2672025.29
2014-12-01,3293606.72,3371041.49,Train,2014,12,1,0,0,4,1,0,-2.4492935982947064e-16,1.0,0.0,1.0,0,0,1,4164373.0,4139199.1,2994851.12,2989623.83,3901928.25,3135379.39,4474322.51,3463929.06,2391698.09,2420438.06
2014-12-02,1913468.28,1934027.84,Train,2014,12,2,1,0,4,0,0,-2.4492935982947064e-16,1.0,0.7818314824680298,0.6234898018587336,0,0,1,3293606.72,3371041.49,1951300.95,1961306.08,2299920.21,1777742.22,3503909.61,2759213.27,2263746.75,2226485.61
2014-12-03,1725054.96,1639460.56,Train,2014,12,3,2,0,4,0,0,-2.4492935982947064e-16,1.0,0.9749279121818236,-0.22252093395631434,0,0,1,1913468.28,1934027.84,3005133.94,3070985.43,2365334.24,2037392.28,2511155.37,1925980.79,1933337.47,1904782.57
2014-12-04,1490172.71,1377244.92,Train,2014,12,4,3,0,4,0,0,-2.4492935982947064e-16,1.0,0.43388373911755823,-0.900968867902419,0,0,1,1725054.96,1639460.56,4582936.62,4552287.3,2712056.74,2364468.06,1758772.81,1413005.18,2924599.17,2877557.67
2014-12-05,1855814.16,1814623.65,Train,2014,12,5,4,0,4,0,0,-2.4492935982947064e-16,1.0,-0.433883739117558,-0.9009688679024191,0,0,1,1490172.71,1377244.92,3803816.23,3776489.22,2642726.69,2469983.77,2080412.08,1649512.63,2231578.75,2246889.53
2014-12-06,2498471.96,2457252.11,Train,2014,12,6,5,1,4,0,0,-2.4492935982947064e-16,1.0,-0.9749279121818236,-0.2225209339563146,0,0,1,1855814.16,1814623.65,3693923.36,3714680.69,2355839.63,2373102.5,2338580.92,1815525.82,1718341.54,1744505.5
2014-12-07,2209128.82,2214964.0,Train,2014,12,7,6,1,4,0,0,-2.4492935982947064e-16,1.0,-0.7818314824680299,0.6234898018587334,0,0,1,2498471.96,2457252.11,4164373.0,4139199.1,2702782.41,2732923.6,2391118.65,1914802.56,1444180.43,1408359.66
2014-12-08,3029845.63,2938276.72,Train,2014,12,8,0,0,4,0,0,-2.4492935982947064e-16,1.0,0.0,1.0,0,0,1,2209128.82,2214964.0,3293606.72,3371041.49,2994851.12,2989623.83,2603594.99,2058134.47,1714762.98,1677034.75
2014-12-09,3265900.4,3069037.78,Train,2014,12,9,1,0,4,0,0,-2.4492935982947064e-16,1.0,0.7818314824680298,0.6234898018587336,0,0,1,3029845.63,2938276.72,1913468.28,1934027.84,1951300.95,1961306.08,3896973.5,2948324.76,1959405.6,1928205.78
2014-12-10,2659858.85,2559688.79,Train,2014,12,10,2,0,4,0,0,-2.4492935982947064e-16,1.0,0.9749279121818236,-0.22252093395631434,0,0,1,3265900.4,3069037.78,1725054.96,1639460.56,3005133.94,3070985.43,3578790.21,2955883.0,2256213.74,2198430.55
2014-12-11,2499031.03,2479880.93,Train,2014,12,11,3,0,4,0,0,-2.4492935982947064e-16,1.0,0.43388373911755823,-0.900968867902419,0,0,1,2659858.85,2559688.79,1490172.71,1377244.92,4582936.62,4552287.3,3265211.84,2544268.23,3016597.65,3024225.14
2014-12-12,2451281.84,2348048.7,Train,2014,12,12,4,0,4,0,0,-2.4492935982947064e-16,1.0,-0.433883739117558,-0.9009688679024191,0,0,1,2499031.03,2479880.93,1855814.16,1814623.65,3803816.23,3776489.22,2687977.35,2131053.41,2988571.87,2946591.17
2014-12-13,2618181.33,2655502.75,Train,2014,12,13,5,1,4,0,0,-2.4492935982947064e-16,1.0,-0.9749279121818236,-0.2225209339563146,0,0,1,2451281.84,2348048.7,2498471.96,2457252.11,3693923.36,3714680.69,3661668.42,2973473.14,2131538.29,2083673.81
2014-12-14,2868448.18,2822169.24,Train,2014,12,14,6,1,4,0,0,-2.4492935982947064e-16,1.0,-0.7818314824680299,0.6234898018587334,0,0,1,2618181.33,2655502.75,2209128.82,2214964.0,4164373.0,4139199.1,4104922.66,3206387.48,2245758.87,2305729.18
2014-12-15,3675108.42,3622573.69,Train,2014,12,15,0,0,4,0,0,-2.4492935982947064e-16,1.0,0.0,1.0,0,0,1,2868448.18,2822169.24,3029845.63,2938276.72,3293606.72,3371041.49,3332537.35,2666922.09,2154695.59,2095032.07
2014-12-16,3587166.39,3452397.12,Train,2014,12,16,1,0,4,0,0,-2.4492935982947064e-16,1.0,0.7818314824680298,0.6234898018587336,0,0,1,3675108.42,3622573.69,3265900.4,3069037.78,1913468.28,1934027.84,3926705.12,3165100.53,2694197.04,2720062.14
2014-12-17,2950563.8,2911687.56,Train,2014,12,17,2,0,4,0,0,-2.4492935982947064e-16,1.0,0.9749279121818236,-0.22252093395631434,0,0,1,3587166.39,3452397.12,2659858.85,2559688.79,1725054.96,1639460.56,3901928.25,3135379.39,3167410.81,3021649.06
2014-12-18,2684991.91,2614938.98,Train,2014,12,18,3,0,4,0,0,-2.4492935982947064e-16,1.0,0.43388373911755823,-0.900968867902419,0,0,1,2950563.8,2911687.56,2499031.03,2479880.93,1490172.71,1377244.92,2299920.21,1777742.22,3189533.36,3219583.56
2014-12-19,3424258.6,3465424.79,Train,2014,12,19,4,0,4,0,0,-2.4492935982947064e-16,1.0,-0.433883739117558,-0.9009688679024191,0,0,1,2684991.91,2614938.98,2451281.84,2348048.7,1855814.16,1814623.65,2365334.24,2037392.28,3062553.19,2981811.67
2014-12-20,3898670.99,3764085.99,Train,2014,12,20,5,1,4,0,0,-2.4492935982947064e-16,1.0,-0.9749279121818236,-0.2225209339563146,0,0,1,3424258.6,3465424.79,2618181.33,2655502.75,2498471.96,2457252.11,2712056.74,2364468.06,2500743.7,2516358.41
2014-12-21,4372128.59,4286124.01,Train,2014,12,21,6,1,4,0,0,-2.4492935982947064e-16,1.0,-0.7818314824680299,0.6234898018587334,0,0,1,3898670.99,3764085.99,2868448.18,2822169.24,2209128.82,2214964.0,2642726.69,2469983.77,3213344.27,3159953.94
2014-12-22,3430574.36,3435107.36,Train,2014,12,22,0,0,4,0,0,-2.4492935982947064e-16,1.0,0.0,1.0,0,0,1,4372128.59,4286124.01,3675108.42,3622573.69,3029845.63,2938276.72,2355839.63,2373102.5,3476225.97,3458589.82
2014-12-23,2791569.02,2665014.26,Train,2014,12,23,1,0,4,0,0,-2.4492935982947064e-16,1.0,0.7818314824680298,0.6234898018587336,0,0,1,3430574.36,3435107.36,3587166.39,3452397.12,3265900.4,3069037.78,2702782.41,2732923.6,2932660.62,2856672.71
2014-12-24,2610156.84,2591612.44,Train,2014,12,24,2,0,4,0,0,-2.4492935982947064e-16,1.0,0.9749279121818236,-0.22252093395631434,0,0,1,2791569.02,2665014.26,2950563.8,2911687.56,2659858.85,2559688.79,2994851.12,2989623.83,2629786.52,2542278.8
2014-12-25,2573745.23,2584515.85,Train,2014,12,25,3,0,4,0,0,-2.4492935982947064e-16,1.0,0.43388373911755823,-0.900968867902419,0,0,1,2610156.84,2591612.44,2684991.91,2614938.98,2499031.03,2479880.93,1951300.95,1961306.08,3807864.44,3711704.9
2014-12-26,2922497.3,2877653.62,Train,2014,12,26,4,0,4,0,0,-2.4492935982947064e-16,1.0,-0.433883739117558,-0.9009688679024191,0,0,1,2573745.23,2584515.85,3424258.6,3465424.79,2451281.84,2348048.7,3005133.94,3070985.43,3278628.42,3269160.78
2014-12-27,3575283.76,3538078.72,Train,2014,12,27,5,1,4,0,0,-2.4492935982947064e-16,1.0,-0.9749279121818236,-0.2225209339563146,0,0,1,2922497.3,2877653.62,3898670.99,3764085.99,2618181.33,2655502.75,4582936.62,4552287.3,1853472.36,1854636.14
2014-12-28,8484445.21,8405135.96,Train,2014,12,28,6,1,4,0,0,-2.4492935982947064e-16,1.0,-0.7818314824680299,0.6234898018587334,0,0,1,3575283.76,3538078.72,4372128.59,4286124.01,2868448.18,2822169.24,3803816.23,3776489.22,3547336.16,3487806.62
2014-12-29,7063840.79,6908131.26,Train,2014,12,29,0,0,4,0,0,-2.4492935982947064e-16,1.0,0.0,1.0,0,0,1,8484445.21,8405135.96,3430574.36,3435107.36,3675108.42,3622573.69,3693923.36,3714680.69,6516622.75,6506519.56
2014-12-30,5708142.92,5488862.89,Train,2014,12,30,1,0,4,0,0,-2.4492935982947064e-16,1.0,0.7818314824680298,0.6234898018587336,0,0,1,7063840.79,6908131.26,2791569.02,2665014.26,3587166.39,3452397.12,4164373.0,4139199.1,5792994.45,5695206.04
2014-12-31,5625288.94,5528179.38,Train,2014,12,31,2,0,4,0,1,-2.4492935982947064e-16,1.0,0.9749279121818236,-0.22252093395631434,0,0,1,5708142.92,5488862.89,2610156.84,2591612.44,2950563.8,2911687.56,3293606.72,3371041.49,6247467.59,6080338.22
2015-01-01,4576460.18,4315048.16,Train,2015,1,1,3,0,1,1,0,0.49999999999999994,0.8660254037844387,0.43388373911755823,-0.900968867902419,1,0,1,5625288.94,5528179.38,2573745.23,2584515.85,2684991.91,2614938.98,1913468.28,1934027.84,5743739.48,5563113.31
2015-01-02,1625420.31,1281805.11,Train,2015,1,2,4,0,1,0,0,0.49999999999999994,0.8660254037844387,-0.433883739117558,-0.9009688679024191,0,0,1,4576460.18,4315048.16,2922497.3,2877653.62,3424258.6,3465424.79,1725054.96,1639460.56,3787850.5,3666330.68
2015-01-03,1176312.94,876576.96,Train,2015,1,3,5,1,1,0,0,0.49999999999999994,0.8660254037844387,-0.9749279121818236,-0.2225209339563146,0,0,0,1625420.31,1281805.11,3575283.76,3538078.72,3898670.99,3764085.99,1490172.71,1377244.92,2354832.6,1871645.41
2015-01-04,2651400.23,2169221.09,Train,2015,1,4,6,1,1,0,0,0.49999999999999994,0.8660254037844387,-0.7818314824680299,0.6234898018587334,0,0,0,1176312.94,876576.96,8484445.21,8405135.96,4372128.59,4286124.01,1855814.16,1814623.65,2243604.06,1747621.88
2015-01-05,2457539.39,1930809.0,Train,2015,1,5,0,0,1,0,0,0.49999999999999994,0.8660254037844387,0.0,1.0,0,0,0,2651400.23,2169221.09,7063840.79,6908131.26,3430574.36,3435107.36,2498471.96,2457252.11,2361866.5,1851453.14
2015-01-06,1621284.62,1301383.65,Train,2015,1,6,1,0,1,0,0,0.49999999999999994,0.8660254037844387,0.7818314824680298,0.6234898018587336,0,0,0,2457539.39,1930809.0,5708142.92,5488862.89,2791569.02,2665014.26,2209128.82,2214964.0,2639202.87,2146455.69
2015-01-07,1981408.07,1560596.56,Train,2015,1,7,2,0,1,0,0,0.49999999999999994,0.8660254037844387,0.9749279121818236,-0.22252093395631434,0,0,0,1621284.62,1301383.65,5625288.94,5528179.38,2610156.84,2591612.44,3029845.63,2938276.72,3437125.39,2809411.95
2015-01-08,1318438.15,1057739.56,Train,2015,1,8,3,0,1,0,0,0.49999999999999994,0.8660254037844387,0.43388373911755823,-0.900968867902419,0,0,0,1981408.07,1560596.56,4576460.18,4315048.16,2573745.23,2584515.85,3265900.4,3069037.78,2250519.73,1808614.16
2015-01-09,2144901.8,1679915.91,Train,2015,1,9,4,0,1,0,0,0.49999999999999994,0.8660254037844387,-0.433883739117558,-0.9009688679024191,0,0,0,1318438.15,1057739.56,1625420.31,1281805.11,2922497.3,2877653.62,2659858.85,2559688.79,2214274.18,1884156.18
2015-01-10,1830727.22,1385986.39,Train,2015,1,10,5,1,1,0,0,0.49999999999999994,0.8660254037844387,-0.9749279121818236,-0.2225209339563146,0,0,0,2144901.8,1679915.91,1176312.94,876576.96,3575283.76,3538078.72,2499031.03,2479880.93,1886360.71,1560748.05
2015-01-11,3254430.17,2604455.39,Train,2015,1,11,6,1,1,0,0,0.49999999999999994,0.8660254037844387,-0.7818314824680299,0.6234898018587334,0,0,0,1830727.22,1385986.39,2651400.23,2169221.09,8484445.21,8405135.96,2451281.84,2348048.7,2550841.93,2031865.95
2015-01-12,2427966.79,1902989.93,Train,2015,1,12,0,0,1,0,0,0.49999999999999994,0.8660254037844387,0.0,1.0,0,0,0,3254430.17,2604455.39,2457539.39,1930809.0,7063840.79,6908131.26,2618181.33,2655502.75,2172729.29,1773388.32
2015-01-13,2138729.21,1742327.89,Train,2015,1,13,1,0,1,0,0,0.49999999999999994,0.8660254037844387,0.7818314824680298,0.6234898018587336,0,0,0,2427966.79,1902989.93,1621284.62,1301383.65,5708142.92,5488862.89,2868448.18,2822169.24,2467719.52,1991302.84
2015-01-14,2835456.9,2191456.13,Train,2015,1,14,2,0,1,0,0,0.49999999999999994,0.8660254037844387,0.9749279121818236,-0.22252093395631434,0,0,0,2138729.21,1742327.89,1981408.07,1560596.56,5625288.94,5528179.38,3675108.42,3622573.69,3356963.59,2731972.75
2015-01-15,2047933.05,1631831.77,Train,2015,1,15,3,0,1,0,0,0.49999999999999994,0.8660254037844387,0.43388373911755823,-0.900968867902419,0,0,0,2835456.9,2191456.13,1318438.15,1057739.56,4576460.18,4315048.16,3587166.39,3452397.12,3637788.72,2842296.43
2015-01-16,2569213.44,2030636.7,Train,2015,1,16,4,0,1,0,0,0.49999999999999994,0.8660254037844387,-0.433883739117558,-0.9009688679024191,0,0,0,2047933.05,1631831.77,2144901.8,1679915.91,1625420.31,1281805.11,2950563.8,2911687.56,2005770.41,1635446.76
2015-01-17,2588700.22,2035239.72,Train,2015,1,17,5,1,1,0,0,0.49999999999999994,0.8660254037844387,-0.9749279121818236,-0.2225209339563146,0,0,0,2569213.44,2030636.7,1830727.22,1385986.39,1176312.94,876576.96,2684991.91,2614938.98,2464459.86,2002144.2
2015-01-18,3021302.7,2433685.6,Train,2015,1,18,6,1,1,0,0,0.49999999999999994,0.8660254037844387,-0.7818314824680299,0.6234898018587334,0,0,0,2588700.22,2035239.72,3254430.17,2604455.39,2651400.23,2169221.09,3424258.6,3465424.79,1718246.3,1332157.65
2015-01-19,2851705.68,2258471.9,Train,2015,1,19,0,0,1,0,0,0.49999999999999994,0.8660254037844387,0.0,1.0,0,0,0,3021302.7,2433685.6,2427966.79,1902989.93,2457539.39,1930809.0,3898670.99,3764085.99,2453121.94,1918965.99
2015-01-20,2455411.13,1957537.38,Train,2015,1,20,1,0,1,0,0,0.49999999999999994,0.8660254037844387,0.7818314824680298,0.6234898018587336,0,0,0,2851705.68,2258471.9,2138729.21,1742327.89,1621284.62,1301383.65,4372128.59,4286124.01,3133739.97,2422846.03
2015-01-21,2603856.87,2019373.54,Train,2015,1,21,2,0,1,0,0,0.49999999999999994,0.8660254037844387,0.9749279121818236,-0.22252093395631434,0,0,0,2455411.13,1957537.38,2835456.9,2191456.13,1981408.07,1560596.56,3430574.36,3435107.36,3590697.9,2848601.86
2015-01-22,2683523.21,2190572.01,Train,2015,1,22,3,0,1,0,0,0.49999999999999994,0.8660254037844387,0.43388373911755823,-0.900968867902419,0,0,0,2603856.87,2019373.54,2047933.05,1631831.77,1318438.15,1057739.56,2791569.02,2665014.26,3244854.06,2563525.38
2015-01-23,2703262.73,2149537.87,Train,2015,1,23,4,0,1,0,0,0.49999999999999994,0.8660254037844387,-0.433883739117558,-0.9009688679024191,0,0,0,2683523.21,2190572.01,2569213.44,2030636.7,2144901.8,1679915.91,2610156.84,2591612.44,3187811.81,2528375.63
2015-01-24,4004609.82,3181968.24,Train,2015,1,24,5,1,1,0,0,0.49999999999999994,0.8660254037844387,-0.9749279121818236,-0.2225209339563146,0,0,0,2703262.73,2149537.87,2588700.22,2035239.72,1830727.22,1385986.39,2573745.23,2584515.85,1812010.8,1397879.36
2015-01-25,4665645.74,3747345.78,Train,2015,1,25,6,1,1,0,0,0.49999999999999994,0.8660254037844387,-0.7818314824680299,0.6234898018587334,0,0,0,4004609.82,3181968.24,3021302.7,2433685.6,3254430.17,2604455.39,2922497.3,2877653.62,2221742.74,1777122.99
2015-01-26,4084367.08,3209020.3,Train,2015,1,26,0,0,1,0,0,0.49999999999999994,0.8660254037844387,0.0,1.0,0,0,0,4665645.74,3747345.78,2851705.68,2258471.9,2427966.79,1902989.93,3575283.76,3538078.72,2002533.83,1553846.68
2015-01-27,3116141.82,2455632.77,Train,2015,1,27,1,0,1,0,0,0.49999999999999994,0.8660254037844387,0.7818314824680298,0.6234898018587336,0,0,0,4084367.08,3209020.3,2455411.13,1957537.38,2138729.21,1742327.89,8484445.21,8405135.96,2983790.31,2360438.19
2015-01-28,4612174.41,3603868.33,Train,2015,1,28,2,0,1,0,0,0.49999999999999994,0.8660254037844387,0.9749279121818236,-0.22252093395631434,0,0,0,3116141.82,2455632.77,2603856.87,2019373.54,2835456.9,2191456.13,7063840.79,6908131.26,5411096.61,4320849.3
2015-01-29,5300109.93,4295752.25,Train,2015,1,29,3,0,1,0,0,0.49999999999999994,0.8660254037844387,0.43388373911755823,-0.900968867902419,0,0,0,4612174.41,3603868.33,2683523.21,2190572.01,2047933.05,1631831.77,5708142.92,5488862.89,4892083.36,3928929.64
2015-01-30,4336302.07,3457573.62,Train,2015,1,30,4,0,1,0,0,0.49999999999999994,0.8660254037844387,-0.433883739117558,-0.9009688679024191,0,0,1,5300109.93,4295752.25,2703262.73,2149537.87,2569213.44,2030636.7,5625288.94,5528179.38,3844256.32,3007196.76
2015-01-31,4195901.17,3269383.7,Train,2015,1,31,5,1,1,0,1,0.49999999999999994,0.8660254037844387,-0.9749279121818236,-0.2225209339563146,0,0,1,4336302.07,3457573.62,4004609.82,3181968.24,2588700.22,2035239.72,4576460.18,4315048.16,3732079.59,2938223.15
2015-02-01,4977201.37,4063980.38,Train,2015,2,1,6,1,1,1,0,0.8660254037844386,0.5000000000000001,-0.7818314824680299,0.6234898018587334,0,0,1,4195901.17,3269383.7,4665645.74,3747345.78,3021302.7,2433685.6,1625420.31,1281805.11,3825094.63,3049434.19
2015-02-02,2901454.29,2325361.53,Train,2015,2,2,0,0,1,0,0,0.8660254037844386,0.5000000000000001,0.0,1.0,0,0,1,4977201.37,4063980.38,4084367.08,3209020.3,2851705.68,2258471.9,1176312.94,876576.96,2382294.19,1885054.33
2015-02-03,1779457.49,1427675.21,Train,2015,2,3,1,0,1,0,0,0.8660254037844386,0.5000000000000001,0.7818314824680298,0.6234898018587336,0,0,1,2901454.29,2325361.53,3116141.82,2455632.77,2455411.13,1957537.38,2651400.23,2169221.09,2051412.93,1563684.31
2015-02-04,2496729.14,2129083.48,Train,2015,2,4,2,0,1,0,0,0.8660254037844386,0.5000000000000001,0.9749279121818236,-0.22252093395631434,0,0,1,1779457.49,1427675.21,4612174.41,3603868.33,2603856.87,2019373.54,2457539.39,1930809.0,2787111.54,2197609.21
2015-02-05,2500351.24,2064567.04,Train,2015,2,5,3,0,1,0,0,0.8660254037844386,0.5000000000000001,0.43388373911755823,-0.900968867902419,0,0,1,2496729.14,2129083.48,5300109.93,4295752.25,2683523.21,2190572.01,1621284.62,1301383.65,2599325.56,2019260.92
2015-02-06,3457294.9,2699578.13,Train,2015,2,6,4,0,1,0,0,0.8660254037844386,0.5000000000000001,-0.433883739117558,-0.9009688679024191,0,0,1,2500351.24,2064567.04,4336302.07,3457573.62,2703262.73,2149537.87,1981408.07,1560596.56,2415914.42,1966150.9
2015-02-07,3570886.94,2952636.69,Train,2015,2,7,5,1,1,0,0,0.8660254037844386,0.5000000000000001,-0.9749279121818236,-0.2225209339563146,0,0,1,3457294.9,2699578.13,4195901.17,3269383.7,4004609.82,3181968.24,1318438.15,1057739.56,3381887.13,2654650.93
2015-02-08,4197082.23,3455113.24,Train,2015,2,8,6,1,1,0,0,0.8660254037844386,0.5000000000000001,-0.7818314824680299,0.6234898018587334,0,0,1,3570886.94,2952636.69,4977201.37,4063980.38,4665645.74,3747345.78,2144901.8,1679915.91,2907660.51,2328115.15
2015-02-09,4490187.64,3675813.84,Train,2015,2,9,0,0,1,0,0,0.8660254037844386,0.5000000000000001,0.0,1.0,0,0,1,4197082.23,3455113.24,2901454.29,2325361.53,4084367.08,3209020.3,1830727.22,1385986.39,2947940.87,2410207.36
2015-02-10,2813867.9,2247526.75,Train,2015,2,10,1,0,1,0,0,0.8660254037844386,0.5000000000000001,0.7818314824680298,0.6234898018587336,0,0,1,4490187.64,3675813.84,1779457.49,1427675.21,3116141.82,2455632.77,3254430.17,2604455.39,3705563.44,2772562.54
2015-02-11,3311241.3,2623112.64,Train,2015,2,11,2,0,1,0,0,0.8660254037844386,0.5000000000000001,0.9749279121818236,-0.22252093395631434,0,0,1,2813867.9,2247526.75,2496729.14,2129083.48,4612174.41,3603868.33,2427966.79,1902989.93,4637151.61,3649526.8
2015-02-12,3468141.29,2797170.91,Train,2015,2,12,3,0,1,0,0,0.8660254037844386,0.5000000000000001,0.43388373911755823,-0.900968867902419,0,0,1,3311241.3,2623112.64,2500351.24,2064567.04,5300109.93,4295752.25,2138729.21,1742327.89,3457342.17,2728834.4
2015-02-13,4164849.99,3458801.88,Train,2015,2,13,4,0,1,0,0,0.8660254037844386,0.5000000000000001,-0.433883739117558,-0.9009688679024191,0,0,1,3468141.29,2797170.91,3457294.9,2699578.13,4336302.07,3457573.62,2835456.9,2191456.13,3190217.92,2601375.48
2015-02-14,4312422.12,3541992.72,Train,2015,2,14,5,1,1,0,0,0.8660254037844386,0.5000000000000001,-0.9749279121818236,-0.2225209339563146,0,0,1,4164849.99,3458801.88,3570886.94,2952636.69,4195901.17,3269383.7,2047933.05,1631831.77,2632487.0,2058838.35
2015-02-15,4757224.49,3925128.98,Train,2015,2,15,6,1,1,0,0,0.8660254037844386,0.5000000000000001,-0.7818314824680299,0.6234898018587334,0,0,1,4312422.12,3541992.72,4197082.23,3455113.24,4977201.37,4063980.38,2569213.44,2030636.7,2873057.42,2155414.19
2015-02-16,4817928.66,3988291.36,Train,2015,2,16,0,0,1,0,0,0.8660254037844386,0.5000000000000001,0.0,1.0,0,0,1,4757224.49,3925128.98,4490187.64,3675813.84,2901454.29,2325361.53,2588700.22,2035239.72,3990264.22,3220526.51
2015-02-17,4293160.67,3537248.79,Train,2015,2,17,1,0,1,0,0,0.8660254037844386,0.5000000000000001,0.7818314824680298,0.6234898018587336,0,0,1,4817928.66,3988291.36,2813867.9,2247526.75,1779457.49,1427675.21,3021302.7,2433685.6,3757742.25,3005221.34
2015-02-18,3209407.04,2685036.44,Train,2015,2,18,2,0,1,0,0,0.8660254037844386,0.5000000000000001,0.9749279121818236,-0.22252093395631434,0,0,1,4293160.67,3537248.79,3311241.3,2623112.64,2496729.14,2129083.48,2851705.68,2258471.9,4902775.35,3900047.01
2015-02-19,3793775.02,3109300.19,Train,2015,2,19,3,0,1,0,0,0.8660254037844386,0.5000000000000001,0.43388373911755823,-0.900968867902419,0,0,1,3209407.04,2685036.44,3468141.29,2797170.91,2500351.24,2064567.04,2455411.13,1957537.38,4469573.84,3530912.16
2015-02-20,4760336.65,3942085.3,Train,2015,2,20,4,0,1,0,0,0.8660254037844386,0.5000000000000001,-0.433883739117558,-0.9009688679024191,0,0,1,3793775.02,3109300.19,4164849.99,3458801.88,3457294.9,2699578.13,2603856.87,2019373.54,3050037.65,2452045.97
2015-02-21,4368539.08,3544819.23,Train,2015,2,21,5,1,1,0,0,0.8660254037844386,0.5000000000000001,-0.9749279121818236,-0.2225209339563146,0,0,1,4760336.65,3942085.3,4312422.12,3541992.72,3570886.94,2952636.69,2683523.21,2190572.01,3394380.68,2732646.22
2015-02-22,5784606.22,4804964.15,Train,2015,2,22,6,1,1,0,0,0.8660254037844386,0.5000000000000001,-0.7818314824680299,0.6234898018587334,0,0,1,4368539.08,3544819.23,4757224.49,3925128.98,4197082.23,3455113.24,2703262.73,2149537.87,4262143.74,3402076.06
2015-02-23,7360399.98,5966271.62,Train,2015,2,23,0,0,1,0,0,0.8660254037844386,0.5000000000000001,0.0,1.0,0,0,1,5784606.22,4804964.15,4817928.66,3988291.36,4490187.64,3675813.84,4004609.82,3181968.24,3997442.72,3186343.91
2015-02-24,5473140.47,4450268.77,Train,2015,2,24,1,0,1,0,0,0.8660254037844386,0.5000000000000001,0.7818314824680298,0.6234898018587336,0,0,1,7360399.98,5966271.62,4293160.67,3537248.79,2813867.9,2247526.75,4665645.74,3747345.78,4743111.4,3834496.32
2015-02-25,8502202.85,7083827.01,Train,2015,2,25,2,0,1,0,0,0.8660254037844386,0.5000000000000001,0.9749279121818236,-0.22252093395631434,0,0,1,5473140.47,4450268.77,3209407.04,2685036.44,3311241.3,2623112.64,4084367.08,3209020.3,6869199.08,5572490.58
2015-02-26,6528340.52,5386905.64,Train,2015,2,26,3,0,1,0,0,0.8660254037844386,0.5000000000000001,0.43388373911755823,-0.900968867902419,0,0,1,8502202.85,7083827.01,3793775.02,3109300.19,3468141.29,2797170.91,3116141.82,2455632.77,7766238.39,6157127.45
2015-02-27,4695415.58,3896449.69,Train,2015,2,27,4,0,1,0,0,0.8660254037844386,0.5000000000000001,-0.433883739117558,-0.9009688679024191,0,0,1,6528340.52,5386905.64,4760336.65,3942085.3,4164849.99,3458801.88,4612174.41,3603868.33,5932389.78,4717814.02
2015-02-28,3896812.17,3287398.94,Train,2015,2,28,5,1,1,0,1,0.8660254037844386,0.5000000000000001,-0.9749279121818236,-0.2225209339563146,0,0,1,4695415.58,3896449.69,4368539.08,3544819.23,4312422.12,3541992.72,5300109.93,4295752.25,5511196.67,4511480.57
2015-03-01,4612623.19,3760240.57,Train,2015,3,1,6,1,1,1,0,1.0,6.123233995736766e-17,-0.7818314824680299,0.6234898018587334,0,0,1,3896812.17,3287398.94,5784606.22,4804964.15,4757224.49,3925128.98,4336302.07,3457573.62,4400079.49,3611872.46
2015-03-02,1204115.66,996728.16,Train,2015,3,2,0,0,1,0,0,1.0,6.123233995736766e-17,0.0,1.0,0,0,0,4612623.19,3760240.57,7360399.98,5966271.62,4817928.66,3988291.36,4195901.17,3269383.7,4943352.33,3968450.0
2015-03-03,2971078.12,2450231.82,Train,2015,3,3,1,0,1,0,0,1.0,6.123233995736766e-17,0.7818314824680298,0.6234898018587336,0,0,0,1204115.66,996728.16,5473140.47,4450268.77,4293160.67,3537248.79,4977201.37,4063980.38,3637156.46,2881941.03
2015-03-04,3275231.73,2540097.74,Train,2015,3,4,2,0,1,0,0,1.0,6.123233995736766e-17,0.9749279121818236,-0.22252093395631434,0,0,0,2971078.12,2450231.82,8502202.85,7083827.01,3209407.04,2685036.44,2901454.29,2325361.53,4742209.79,3846248.96
2015-03-05,3623778.02,2818823.69,Train,2015,3,5,3,0,1,0,0,1.0,6.123233995736766e-17,0.43388373911755823,-0.900968867902419,0,0,0,3275231.73,2540097.74,6528340.52,5386905.64,3793775.02,3109300.19,1779457.49,1427675.21,5310211.41,4366670.54
2015-03-06,4126698.63,3333077.32,Train,2015,3,6,4,0,1,0,0,1.0,6.123233995736766e-17,-0.433883739117558,-0.9009688679024191,0,0,0,3623778.02,2818823.69,4695415.58,3896449.69,4760336.65,3942085.3,2496729.14,2129083.48,5506734.13,4454685.13
2015-03-07,3652751.16,2946148.77,Train,2015,3,7,5,1,1,0,0,1.0,6.123233995736766e-17,-0.9749279121818236,-0.2225209339563146,0,0,0,4126698.63,3333077.32,3896812.17,3287398.94,4368539.08,3544819.23,2500351.24,2064567.04,3167820.98,2582186.62
2015-03-08,3679065.16,2903799.07,Train,2015,3,8,6,1,1,0,0,1.0,6.123233995736766e-17,-0.7818314824680299,0.6234898018587334,0,0,0,3652751.16,2946148.77,4612623.19,3760240.57,5784606.22,4804964.15,3457294.9,2699578.13,3577664.95,2914921.51
2015-03-09,4520902.2,3610296.4,Train,2015,3,9,0,0,1,0,0,1.0,6.123233995736766e-17,0.0,1.0,0,0,0,3679065.16,2903799.07,1204115.66,996728.16,7360399.98,5966271.62,3570886.94,2952636.69,3828277.38,3070464.44
2015-03-10,5042080.93,3980962.03,Train,2015,3,10,1,0,1,0,0,1.0,6.123233995736766e-17,0.7818314824680298,0.6234898018587336,0,0,0,4520902.2,3610296.4,2971078.12,2450231.82,5473140.47,4450268.77,4197082.23,3455113.24,4725035.68,3759283.28
2015-03-11,6098020.8,4928286.75,Train,2015,3,11,2,0,1,0,0,1.0,6.123233995736766e-17,0.9749279121818236,-0.22252093395631434,0,0,0,5042080.93,3980962.03,3275231.73,2540097.74,8502202.85,7083827.01,4490187.64,3675813.84,5775004.59,4559934.88
2015-03-12,4869770.72,3760439.95,Train,2015,3,12,3,0,1,0,0,1.0,6.123233995736766e-17,0.43388373911755823,-0.900968867902419,0,0,0,6098020.8,4928286.75,3623778.02,2818823.69,6528340.52,5386905.64,2813867.9,2247526.75,6930320.53,5534691.64
2015-03-13,3474969.89,2712283.16,Train,2015,3,13,4,0,1,0,0,1.0,6.123233995736766e-17,-0.433883739117558,-0.9009688679024191,0,0,0,4869770.72,3760439.95,4126698.63,3333077.32,4695415.58,3896449.69,3311241.3,2623112.64,5304893.97,4244468.26
2015-03-14,4711284.42,3671123.8,Train,2015,3,14,5,1,1,0,0,1.0,6.123233995736766e-17,-0.9749279121818236,-0.2225209339563146,0,0,0,3474969.89,2712283.16,3652751.16,2946148.77,3896812.17,3287398.94,3468141.29,2797170.91,4544809.4,3647946.39
2015-03-15,5040735.75,4008157.53,Train,2015,3,15,6,1,1,0,0,1.0,6.123233995736766e-17,-0.7818314824680299,0.6234898018587334,0,0,0,4711284.42,3671123.8,3679065.16,2903799.07,4612623.19,3760240.57,4164849.99,3458801.88,4691387.16,3744464.98
2015-03-16,5602879.7,4422966.9,Train,2015,3,16,0,0,1,0,0,1.0,6.123233995736766e-17,0.0,1.0,0,0,0,5040735.75,4008157.53,4520902.2,3610296.4,1204115.66,996728.16,4312422.12,3541992.72,5553669.8,4426899.92
2015-03-17,5692241.74,4623906.32,Train,2015,3,17,1,0,1,0,0,1.0,6.123233995736766e-17,0.7818314824680298,0.6234898018587336,0,0,0,5602879.7,4422966.9,5042080.93,3980962.03,2971078.12,2450231.82,4757224.49,3925128.98,6623777.28,5406586.76
2015-03-18,6793794.72,5583548.33,Train,2015,3,18,2,0,1,0,0,1.0,6.123233995736766e-17,0.9749279121818236,-0.22252093395631434,0,0,1,5692241.74,4623906.32,6098020.8,4928286.75,3275231.73,2540097.74,4817928.66,3988291.36,5707570.51,4657479.17
2015-03-19,6012381.06,5053767.27,Train,2015,3,19,3,0,1,0,0,1.0,6.123233995736766e-17,0.43388373911755823,-0.900968867902419,0,0,1,6793794.72,5583548.33,4869770.72,3760439.95,3623778.02,2818823.69,4293160.67,3537248.79,7282983.0,6147005.74
2015-03-20,4887915.96,4122124.89,Train,2015,3,20,4,0,1,0,0,1.0,6.123233995736766e-17,-0.433883739117558,-0.9009688679024191,0,0,1,6012381.06,5053767.27,3474969.89,2712283.16,4126698.63,3333077.32,3209407.04,2685036.44,6459634.76,5394910.61
2015-03-21,4566270.71,4002288.11,Train,2015,3,21,5,1,1,0,0,1.0,6.123233995736766e-17,-0.9749279121818236,-0.2225209339563146,0,0,1,4887915.96,4122124.89,4711284.42,3671123.8,3652751.16,2946148.77,3793775.02,3109300.19,4506741.28,3883392.78
2015-03-22,5271032.0,4721422.49,Train,2015,3,22,6,1,1,0,0,1.0,6.123233995736766e-17,-0.7818314824680299,0.6234898018587334,0,0,1,4566270.71,4002288.11,5040735.75,4008157.53,3679065.16,2903799.07,4760336.65,3942085.3,4682426.76,4390336.24
2015-03-23,5172623.98,4663072.48,Train,2015,3,23,0,0,1,0,0,1.0,6.123233995736766e-17,0.0,1.0,0,0,1,5271032.0,4721422.49,5602879.7,4422966.9,4520902.2,3610296.4,4368539.08,3544819.23,5239607.0,4727286.58
2015-03-24,6187718.83,5662250.07,Train,2015,3,24,1,0,1,0,0,1.0,6.123233995736766e-17,0.7818314824680298,0.6234898018587336,0,0,1,5172623.98,4663072.48,5692241.74,4623906.32,5042080.93,3980962.03,5784606.22,4804964.15,5516390.06,5135733.73
2015-03-25,6763449.95,6062883.43,Train,2015,3,25,2,0,1,0,0,1.0,6.123233995736766e-17,0.9749279121818236,-0.22252093395631434,0,0,1,6187718.83,5662250.07,6793794.72,5583548.33,6098020.8,4928286.75,7360399.98,5966271.62,6858764.17,6248964.6
2015-03-26,6983791.47,6190732.25,Train,2015,3,26,3,0,1,0,0,1.0,6.123233995736766e-17,0.43388373911755823,-0.900968867902419,0,0,1,6763449.95,6062883.43,6012381.06,5053767.27,4869770.72,3760439.95,5473140.47,4450268.77,7966063.19,7366934.0
2015-03-27,5007891.27,4516109.24,Train,2015,3,27,4,0,1,0,0,1.0,6.123233995736766e-17,-0.433883739117558,-0.9009688679024191,0,0,1,6983791.47,6190732.25,4887915.96,4122124.89,3474969.89,2712283.16,8502202.85,7083827.01,8330175.47,7600114.49
2015-03-28,5941997.22,5296480.62,Train,2015,3,28,5,1,1,0,0,1.0,6.123233995736766e-17,-0.9749279121818236,-0.2225209339563146,0,0,1,5007891.27,4516109.24,4566270.71,4002288.11,4711284.42,3671123.8,6528340.52,5386905.64,5747360.19,5214181.96
2015-03-29,6087900.7,5431213.47,Train,2015,3,29,6,1,1,0,0,1.0,6.123233995736766e-17,-0.7818314824680299,0.6234898018587334,0,0,1,5941997.22,5296480.62,5271032.0,4721422.49,5040735.75,4008157.53,4695415.58,3896449.69,6857129.34,6302802.0
2015-03-30,14251354.04,12890205.46,Train,2015,3,30,0,0,1,0,0,1.0,6.123233995736766e-17,0.0,1.0,0,0,1,6087900.7,5431213.47,5172623.98,4663072.48,5602879.7,4422966.9,3896812.17,3287398.94,12784107.1,11757805.12
2015-03-31,14813965.34,13306811.36,Train,2015,3,31,1,0,1,0,1,1.0,6.123233995736766e-17,0.7818314824680298,0.6234898018587336,0,0,1,14251354.04,12890205.46,6187718.83,5662250.07,5692241.74,4623906.32,4612623.19,3760240.57,12312523.89,11321960.71
2015-04-01,13697879.88,12323133.99,Train,2015,4,1,2,0,2,1,0,0.8660254037844387,-0.4999999999999998,0.9749279121818236,-0.22252093395631434,0,0,1,14813965.34,13306811.36,6763449.95,6062883.43,6793794.72,5583548.33,1204115.66,996728.16,12163891.23,11150883.99
2015-04-02,11638587.41,10494545.99,Train,2015,4,2,3,0,2,0,0,0.8660254037844387,-0.4999999999999998,0.43388373911755823,-0.900968867902419,0,0,1,13697879.88,12323133.99,6983791.47,6190732.25,6012381.06,5053767.27,2971078.12,2450231.82,13046471.25,11843249.22
2015-04-03,10239965.04,9205352.56,Train,2015,4,3,4,0,2,0,0,0.8660254037844387,-0.4999999999999998,-0.433883739117558,-0.9009688679024191,0,0,1,11638587.41,10494545.99,5007891.27,4516109.24,4887915.96,4122124.89,3275231.73,2540097.74,9642469.77,8683847.27
2015-04-04,4214414.51,3835706.41,Train,2015,4,4,5,1,2,0,0,0.8660254037844387,-0.4999999999999998,-0.9749279121818236,-0.2225209339563146,0,0,1,10239965.04,9205352.56,5941997.22,5296480.62,4566270.71,4002288.11,3623778.02,2818823.69,3027057.03,2762337.1
2015-04-05,4549233.48,4060392.25,Train,2015,4,5,6,1,2,0,0,0.8660254037844387,-0.4999999999999998,-0.7818314824680299,0.6234898018587334,0,0,1,4214414.51,3835706.41,6087900.7,5431213.47,5271032.0,4721422.49,4126698.63,3333077.32,4578612.03,4277766.79
2015-04-06,5947351.85,5501604.96,Train,2015,4,6,0,0,2,0,0,0.8660254037844387,-0.4999999999999998,0.0,1.0,0,0,1,4549233.48,4060392.25,14251354.04,12890205.46,5172623.98,4663072.48,3652751.16,2946148.77,4749333.13,4416528.48
2015-04-07,6969771.13,6115686.29,Train,2015,4,7,1,0,2,0,0,0.8660254037844387,-0.4999999999999998,0.7818314824680298,0.6234898018587336,0,0,1,5947351.85,5501604.96,14813965.34,13306811.36,6187718.83,5662250.07,3679065.16,2903799.07,4614814.59,4275798.75
2015-04-08,6923568.08,6092200.11,Train,2015,4,8,2,0,2,0,0,0.8660254037844387,-0.4999999999999998,0.9749279121818236,-0.22252093395631434,0,0,1,6969771.13,6115686.29,13697879.88,12323133.99,6763449.95,6062883.43,4520902.2,3610296.4,6392830.04,5806623.81
2015-04-09,5334934.77,4630574.68,Train,2015,4,9,3,0,2,0,0,0.8660254037844387,-0.4999999999999998,0.43388373911755823,-0.900968867902419,0,0,1,6923568.08,6092200.11,11638587.41,10494545.99,6983791.47,6190732.25,5042080.93,3980962.03,6139037.72,5584747.6
2015-04-10,5286341.9,4755107.84,Train,2015,4,10,4,0,2,0,0,0.8660254037844387,-0.4999999999999998,-0.433883739117558,-0.9009688679024191,0,0,1,5334934.77,4630574.68,10239965.04,9205352.56,5007891.27,4516109.24,6098020.8,4928286.75,5203589.72,4738923.88
2015-04-11,7223512.23,6692976.84,Train,2015,4,11,5,1,2,0,0,0.8660254037844387,-0.4999999999999998,-0.9749279121818236,-0.2225209339563146,0,0,1,5286341.9,4755107.84,4214414.51,3835706.41,5941997.22,5296480.62,4869770.72,3760439.95,5105964.56,4552400.07
2015-04-12,6941143.47,6173613.48,Train,2015,4,12,6,1,2,0,0,0.8660254037844387,-0.4999999999999998,-0.7818314824680299,0.6234898018587334,0,0,1,7223512.23,6692976.84,4549233.48,4060392.25,6087900.7,5431213.47,3474969.89,2712283.16,5687376.75,5248378.46
2015-04-13,8008850.6,7198672.06,Train,2015,4,13,0,0,2,0,0,0.8660254037844387,-0.4999999999999998,0.0,1.0,0,0,1,6941143.47,6173613.48,5947351.85,5501604.96,14251354.04,12890205.46,4711284.42,3671123.8,4945405.38,4494711.75
2015-04-14,9764966.49,8525033.47,Train,2015,4,14,1,0,2,0,0,0.8660254037844387,-0.4999999999999998,0.7818314824680298,0.6234898018587336,0,0,1,8008850.6,7198672.06,6969771.13,6115686.29,14813965.34,13306811.36,5040735.75,4008157.53,6921493.59,6054527.76
2015-04-15,8464241.45,7283839.1,Train,2015,4,15,2,0,2,0,0,0.8660254037844387,-0.4999999999999998,0.9749279121818236,-0.22252093395631434,0,0,1,9764966.49,8525033.47,6923568.08,6092200.11,13697879.88,12323133.99,5602879.7,4422966.9,7871571.71,6776042.49
2015-04-16,6025485.77,5033699.98,Train,2015,4,16,3,0,2,0,0,0.8660254037844387,-0.4999999999999998,0.43388373911755823,-0.900968867902419,0,0,1,8464241.45,7283839.1,5334934.77,4630574.68,11638587.41,10494545.99,5692241.74,4623906.32,7912857.96,6785359.76
2015-04-17,6481493.13,5294636.04,Train,2015,4,17,4,0,2,0,0,0.8660254037844387,-0.4999999999999998,-0.433883739117558,-0.9009688679024191,0,0,1,6025485.77,5033699.98,5286341.9,4755107.84,10239965.04,9205352.56,6793794.72,5583548.33,5557754.18,4737292.06
2015-04-18,7432727.07,5745887.3,Train,2015,4,18,5,1,2,0,0,0.8660254037844387,-0.4999999999999998,-0.9749279121818236,-0.2225209339563146,0,0,0,6481493.13,5294636.04,7223512.23,6692976.84,4214414.51,3835706.41,6012381.06,5053767.27,5700339.67,4462371.41
2015-04-19,6854069.17,5371424.19,Train,2015,4,19,6,1,2,0,0,0.8660254037844387,-0.4999999999999998,-0.7818314824680299,0.6234898018587334,0,0,0,7432727.07,5745887.3,6941143.47,6173613.48,4549233.48,4060392.25,4887915.96,4122124.89,6624958.05,5350753.37
2015-04-20,8942873.22,6952833.82,Train,2015,4,20,0,0,2,0,0,0.8660254037844387,-0.4999999999999998,0.0,1.0,0,0,0,6854069.17,5371424.19,8008850.6,7198672.06,5947351.85,5501604.96,4566270.71,4002288.11,6418388.34,5065177.85
2015-04-21,11246554.8,8986101.87,Train,2015,4,21,1,0,2,0,0,0.8660254037844387,-0.4999999999999998,0.7818314824680298,0.6234898018587336,0,0,0,8942873.22,6952833.82,9764966.49,8525033.47,6969771.13,6115686.29,5271032.0,4721422.49,8414591.83,6893636.69
2015-04-22,9099886.14,7216624.95,Train,2015,4,22,2,0,2,0,0,0.8660254037844387,-0.4999999999999998,0.9749279121818236,-0.22252093395631434,0,0,0,11246554.8,8986101.87,8464241.45,7283839.1,6923568.08,6092200.11,5172623.98,4663072.48,10131097.46,8109722.27
2015-04-23,7548994.85,5939101.06,Train,2015,4,23,3,0,2,0,0,0.8660254037844387,-0.4999999999999998,0.43388373911755823,-0.900968867902419,0,0,0,9099886.14,7216624.95,6025485.77,5033699.98,5334934.77,4630574.68,6187718.83,5662250.07,8191044.84,6573636.73
2015-04-24,6578500.68,5143109.11,Train,2015,4,24,4,0,2,0,0,0.8660254037844387,-0.4999999999999998,-0.433883739117558,-0.9009688679024191,0,0,0,7548994.85,5939101.06,6481493.13,5294636.04,5286341.9,4755107.84,6763449.95,6062883.43,6761050.63,5427294.9
2015-04-25,9981817.81,7741342.2,Train,2015,4,25,5,1,2,0,0,0.8660254037844387,-0.4999999999999998,-0.9749279121818236,-0.2225209339563146,0,0,0,6578500.68,5143109.11,7432727.07,5745887.3,7223512.23,6692976.84,6983791.47,6190732.25,7297129.72,5878423.04
2015-04-26,8486257.42,6790371.72,Train,2015,4,26,6,1,2,0,0,0.8660254037844387,-0.4999999999999998,-0.7818314824680299,0.6234898018587334,0,0,0,9981817.81,7741342.2,6854069.17,5371424.19,6941143.47,6173613.48,5007891.27,4516109.24,7473782.26,5884034.36
2015-04-27,11233528.64,8990933.6,Train,2015,4,27,0,0,2,0,0,0.8660254037844387,-0.4999999999999998,0.0,1.0,0,0,0,8486257.42,6790371.72,8942873.22,6952833.82,8008850.6,7198672.06,5941997.22,5296480.62,9019804.81,7060147.55
2015-04-28,14371525.01,11368208.46,Train,2015,4,28,1,0,2,0,0,0.8660254037844387,-0.4999999999999998,0.7818314824680298,0.6234898018587336,0,0,0,11233528.64,8990933.6,11246554.8,8986101.87,9764966.49,8525033.47,6087900.7,5431213.47,11814441.72,9367036.91
2015-04-29,15294818.22,12456433.34,Train,2015,4,29,2,0,2,0,0,0.8660254037844387,-0.4999999999999998,0.9749279121818236,-0.22252093395631434,0,0,0,14371525.01,11368208.46,9099886.14,7216624.95,8464241.45,7283839.1,14251354.04,12890205.46,17347427.27,13752034.86
2015-04-30,14911130.64,11744026.43,Train,2015,4,30,3,0,2,0,1,0.8660254037844387,-0.4999999999999998,0.43388373911755823,-0.900968867902419,1,0,0,15294818.22,12456433.34,7548994.85,5939101.06,6025485.77,5033699.98,14813965.34,13306811.36,13811054.06,10868835.13
2015-05-01,11462217.29,9026019.09,Train,2015,5,1,4,0,2,1,0,0.49999999999999994,-0.8660254037844387,-0.433883739117558,-0.9009688679024191,1,0,0,14911130.64,11744026.43,6578500.68,5143109.11,6481493.13,5294636.04,13697879.88,12323133.99,13289875.45,10604429.39
2015-05-02,8951414.69,7003240.14,Train,2015,5,2,5,1,2,0,0,0.49999999999999994,-0.8660254037844387,-0.9749279121818236,-0.2225209339563146,0,0,0,11462217.29,9026019.09,9981817.81,7741342.2,7432727.07,5745887.3,11638587.41,10494545.99,9037359.63,7277515.81
2015-05-03,7902349.85,6325430.88,Train,2015,5,3,6,1,2,0,0,0.49999999999999994,-0.8660254037844387,-0.7818314824680299,0.6234898018587334,0,0,0,8951414.69,7003240.14,8486257.42,6790371.72,6854069.17,5371424.19,10239965.04,9205352.56,8214103.42,6577016.62
2015-05-04,4063632.19,3220456.05,Train,2015,5,4,0,0,2,0,0,0.49999999999999994,-0.8660254037844387,0.0,1.0,0,0,0,7902349.85,6325430.88,11233528.64,8990933.6,8942873.22,6952833.82,4214414.51,3835706.41,2887053.22,2293661.95
2015-05-05,4993358.48,3895803.59,Train,2015,5,5,1,0,2,0,0,0.49999999999999994,-0.8660254037844387,0.7818314824680298,0.6234898018587336,0,0,0,4063632.19,3220456.05,14371525.01,11368208.46,11246554.8,8986101.87,4549233.48,4060392.25,4251113.98,3397014.1
2015-05-06,5912157.02,4721080.32,Train,2015,5,6,2,0,2,0,0,0.49999999999999994,-0.8660254037844387,0.9749279121818236,-0.22252093395631434,0,0,0,4993358.48,3895803.59,15294818.22,12456433.34,9099886.14,7216624.95,5947351.85,5501604.96,5130961.6,4130431.51
2015-05-07,6417545.13,5062352.65,Train,2015,5,7,3,0,2,0,0,0.49999999999999994,-0.8660254037844387,0.43388373911755823,-0.900968867902419,0,0,0,5912157.02,4721080.32,14911130.64,11744026.43,7548994.85,5939101.06,6969771.13,6115686.29,6175024.0,5012292.24
2015-05-08,4654167.53,3561342.38,Train,2015,5,8,4,0,2,0,0,0.49999999999999994,-0.8660254037844387,-0.433883739117558,-0.9009688679024191,0,0,0,6417545.13,5062352.65,11462217.29,9026019.09,6578500.68,5143109.11,6923568.08,6092200.11,6845994.59,5424944.1
2015-05-09,4178643.57,3269969.19,Train,2015,5,9,5,1,2,0,0,0.49999999999999994,-0.8660254037844387,-0.9749279121818236,-0.2225209339563146,0,0,0,4654167.53,3561342.38,8951414.69,7003240.14,9981817.81,7741342.2,5334934.77,4630574.68,3896896.85,3172234.57
2015-05-10,5135747.06,3949880.44,Train,2015,5,10,6,1,2,0,0,0.49999999999999994,-0.8660254037844387,-0.7818314824680299,0.6234898018587334,0,0,0,4178643.57,3269969.19,7902349.85,6325430.88,8486257.42,6790371.72,5286341.9,4755107.84,5476367.67,4341371.17
2015-05-11,6740124.2,5364204.35,Train,2015,5,11,0,0,2,0,0,0.49999999999999994,-0.8660254037844387,0.0,1.0,0,0,0,5135747.06,3949880.44,4063632.19,3220456.05,11233528.64,8990933.6,7223512.23,6692976.84,5960839.36,4817268.38
2015-05-12,6877097.83,5464941.46,Train,2015,5,12,1,0,2,0,0,0.49999999999999994,-0.8660254037844387,0.7818314824680298,0.6234898018587336,0,0,0,6740124.2,5364204.35,4993358.48,3895803.59,14371525.01,11368208.46,6941143.47,6173613.48,6171798.51,4876269.62
2015-05-13,8472230.27,6752088.25,Train,2015,5,13,2,0,2,0,0,0.49999999999999994,-0.8660254037844387,0.9749279121818236,-0.22252093395631434,0,0,0,6877097.83,5464941.46,5912157.02,4721080.32,15294818.22,12456433.34,8008850.6,7198672.06,6357034.06,5124302.35
2015-05-14,8373161.73,6566657.69,Train,2015,5,14,3,0,2,0,0,0.49999999999999994,-0.8660254037844387,0.43388373911755823,-0.900968867902419,0,0,0,8472230.27,6752088.25,6417545.13,5062352.65,14911130.64,11744026.43,9764966.49,8525033.47,8953168.22,7238881.78
2015-05-15,6454103.0,5103049.75,Train,2015,5,15,4,0,2,0,0,0.49999999999999994,-0.8660254037844387,-0.433883739117558,-0.9009688679024191,0,0,0,8373161.73,6566657.69,4654167.53,3561342.38,11462217.29,9026019.09,8464241.45,7283839.1,7521179.22,5970183.39
2015-05-16,6409003.84,5140481.43,Train,2015,5,16,5,1,2,0,0,0.49999999999999994,-0.8660254037844387,-0.9749279121818236,-0.2225209339563146,0,0,0,6454103.0,5103049.75,4178643.57,3269969.19,8951414.69,7003240.14,6025485.77,5033699.98,7254155.54,5828882.18
2015-05-17,6593507.34,5168476.45,Train,2015,5,17,6,1,2,0,0,0.49999999999999994,-0.8660254037844387,-0.7818314824680299,0.6234898018587334,0,0,0,6409003.84,5140481.43,5135747.06,3949880.44,7902349.85,6325430.88,6481493.13,5294636.04,6473741.19,5173264.38
2015-05-18,7049312.68,5707463.8,Train,2015,5,18,0,0,2,0,0,0.49999999999999994,-0.8660254037844387,0.0,1.0,0,0,0,6593507.34,5168476.45,6740124.2,5364204.35,4063632.19,3220456.05,7432727.07,5745887.3,7502869.16,6017924.93
2015-05-19,8167385.27,6584434.28,Train,2015,5,19,1,0,2,0,0,0.49999999999999994,-0.8660254037844387,0.7818314824680298,0.6234898018587336,0,0,0,7049312.68,5707463.8,6877097.83,5464941.46,4993358.48,3895803.59,6854069.17,5371424.19,6717427.22,5373895.24
2015-05-20,10886447.11,8610088.68,Train,2015,5,20,2,0,2,0,0,0.49999999999999994,-0.8660254037844387,0.9749279121818236,-0.22252093395631434,0,0,0,8167385.27,6584434.28,8472230.27,6752088.25,5912157.02,4721080.32,8942873.22,6952833.82,6998009.98,5565704.32
2015-05-21,9585349.34,7629673.54,Train,2015,5,21,3,0,2,0,0,0.49999999999999994,-0.8660254037844387,0.43388373911755823,-0.900968867902419,0,0,0,10886447.11,8610088.68,8373161.73,6566657.69,6417545.13,5062352.65,11246554.8,8986101.87,9232803.8,7257287.25
2015-05-22,6849849.55,5526949.11,Train,2015,5,22,4,0,2,0,0,0.49999999999999994,-0.8660254037844387,-0.433883739117558,-0.9009688679024191,0,0,0,9585349.34,7629673.54,6454103.0,5103049.75,4654167.53,3561342.38,9099886.14,7216624.95,8682669.79,6984588.89
2015-05-23,5769728.11,4699867.99,Train,2015,5,23,5,1,2,0,0,0.49999999999999994,-0.8660254037844387,-0.9749279121818236,-0.2225209339563146,0,0,0,6849849.55,5526949.11,6409003.84,5140481.43,4178643.57,3269969.19,7548994.85,5939101.06,6481511.11,5117307.95
2015-05-24,7759286.87,6115304.75,Train,2015,5,24,6,1,2,0,0,0.49999999999999994,-0.8660254037844387,-0.7818314824680299,0.6234898018587334,0,0,0,5769728.11,4699867.99,6593507.34,5168476.45,5135747.06,3949880.44,6578500.68,5143109.11,5624884.34,4535522.53
2015-05-25,6648911.62,5479719.27,Train,2015,5,25,0,0,2,0,0,0.49999999999999994,-0.8660254037844387,0.0,1.0,0,0,0,7759286.87,6115304.75,7049312.68,5707463.8,6740124.2,5364204.35,9981817.81,7741342.2,7834743.41,6254562.47
2015-05-26,7250067.07,5753775.74,Train,2015,5,26,1,0,2,0,0,0.49999999999999994,-0.8660254037844387,0.7818314824680298,0.6234898018587336,0,0,0,6648911.62,5479719.27,8167385.27,6584434.28,6877097.83,5464941.46,8486257.42,6790371.72,7196331.6,5750840.38
2015-05-27,11264269.11,8911794.91,Train,2015,5,27,2,0,2,0,0,0.49999999999999994,-0.8660254037844387,0.9749279121818236,-0.22252093395631434,0,0,0,7250067.07,5753775.74,10886447.11,8610088.68,8472230.27,6752088.25,11233528.64,8990933.6,11197544.52,8926851.08
2015-05-28,10886440.76,8702126.28,Train,2015,5,28,3,0,2,0,0,0.49999999999999994,-0.8660254037844387,0.43388373911755823,-0.900968867902419,0,0,0,11264269.11,8911794.91,9585349.34,7629673.54,8373161.73,6566657.69,14371525.01,11368208.46,14237002.33,11276884.86
2015-05-29,7443400.33,6010039.49,Train,2015,5,29,4,0,2,0,0,0.49999999999999994,-0.8660254037844387,-0.433883739117558,-0.9009688679024191,0,0,0,10886440.76,8702126.28,6849849.55,5526949.11,6454103.0,5103049.75,15294818.22,12456433.34,12708438.64,10157319.36
2015-05-30,14386454.27,11671007.33,Train,2015,5,30,5,1,2,0,0,0.49999999999999994,-0.8660254037844387,-0.9749279121818236,-0.2225209339563146,0,0,0,7443400.33,6010039.49,5769728.11,4699867.99,6409003.84,5140481.43,14911130.64,11744026.43,13573669.01,10729950.95
2015-05-31,12847323.1,10142347.13,Train,2015,5,31,6,1,2,0,1,0.49999999999999994,-0.8660254037844387,-0.7818314824680299,0.6234898018587334,0,0,0,14386454.27,11671007.33,7759286.87,6115304.75,6593507.34,5168476.45,11462217.29,9026019.09,12424970.9,9985304.33
2015-06-01,12707400.56,9938849.85,Train,2015,6,1,0,0,2,1,0,1.2246467991473532e-16,-1.0,0.0,1.0,0,0,0,12847323.1,10142347.13,6648911.62,5479719.27,7049312.68,5707463.8,8951414.69,7003240.14,11536710.05,9170211.02
2015-06-02,10370270.22,8221123.6,Train,2015,6,2,1,0,2,0,0,1.2246467991473532e-16,-1.0,0.7818314824680298,0.6234898018587336,0,0,0,12707400.56,9938849.85,7250067.07,5753775.74,8167385.27,6584434.28,7902349.85,6325430.88,10120772.07,8076952.84
2015-06-03,12915899.82,10182209.97,Train,2015,6,3,2,0,2,0,0,1.2246467991473532e-16,-1.0,0.9749279121818236,-0.22252093395631434,0,0,0,10370270.22,8221123.6,11264269.11,8911794.91,10886447.11,8610088.68,4063632.19,3220456.05,7433951.35,5784897.37
2015-06-04,4389371.3,3612066.24,Train,2015,6,4,3,0,2,0,0,1.2246467991473532e-16,-1.0,0.43388373911755823,-0.900968867902419,0,0,0,12915899.82,10182209.97,10886440.76,8702126.28,9585349.34,7629673.54,4993358.48,3895803.59,6422990.57,5214120.6
2015-06-05,4689415.18,3666593.72,Train,2015,6,5,4,0,2,0,0,1.2246467991473532e-16,-1.0,-0.433883739117558,-0.9009688679024191,0,0,0,4389371.3,3612066.24,7443400.33,6010039.49,6849849.55,5526949.11,5912157.02,4721080.32,4701261.04,3843536.1
2015-06-06,4504545.31,3683127.75,Train,2015,6,6,5,1,2,0,0,1.2246467991473532e-16,-1.0,-0.9749279121818236,-0.2225209339563146,0,0,0,4689415.18,3666593.72,14386454.27,11671007.33,5769728.11,4699867.99,6417545.13,5062352.65,4455750.46,3475184.85
2015-06-07,4737477.49,3636812.14,Train,2015,6,7,6,1,2,0,0,1.2246467991473532e-16,-1.0,-0.7818314824680299,0.6234898018587334,0,0,0,4504545.31,3683127.75,12847323.1,10142347.13,7759286.87,6115304.75,4654167.53,3561342.38,5291724.53,4145797.41
2015-06-08,5997977.12,4767036.54,Train,2015,6,8,0,0,2,0,0,1.2246467991473532e-16,-1.0,0.0,1.0,0,0,0,4737477.49,3636812.14,12707400.56,9938849.85,6648911.62,5479719.27,4178643.57,3269969.19,5672479.42,4555972.93
2015-06-09,7149148.38,5741574.05,Train,2015,6,9,1,0,2,0,0,1.2246467991473532e-16,-1.0,0.7818314824680298,0.6234898018587336,0,0,0,5997977.12,4767036.54,10370270.22,8221123.6,7250067.07,5753775.74,5135747.06,3949880.44,5745736.68,4655455.78
2015-06-10,7033422.25,5437275.2,Train,2015,6,10,2,0,2,0,0,1.2246467991473532e-16,-1.0,0.9749279121818236,-0.22252093395631434,0,0,0,7149148.38,5741574.05,12915899.82,10182209.97,11264269.11,8911794.91,6740124.2,5364204.35,8176131.42,6751336.8
2015-06-11,5174085.58,4188520.67,Train,2015,6,11,3,0,2,0,0,1.2246467991473532e-16,-1.0,0.43388373911755823,-0.900968867902419,0,0,0,7033422.25,5437275.2,4389371.3,3612066.24,10886440.76,8702126.28,6877097.83,5464941.46,6815089.25,5416132.65
2015-06-12,6351066.12,4900508.38,Train,2015,6,12,4,0,2,0,0,1.2246467991473532e-16,-1.0,-0.433883739117558,-0.9009688679024191,0,0,0,5174085.58,4188520.67,4689415.18,3666593.72,7443400.33,6010039.49,8472230.27,6752088.25,6198469.27,4930278.7
2015-06-13,5087923.97,3913528.15,Train,2015,6,13,5,1,2,0,0,1.2246467991473532e-16,-1.0,-0.9749279121818236,-0.2225209339563146,0,0,0,6351066.12,4900508.38,4504545.31,3683127.75,14386454.27,11671007.33,8373161.73,6566657.69,5808360.57,4689299.84
2015-06-14,7257781.25,5645520.63,Train,2015,6,14,6,1,2,0,0,1.2246467991473532e-16,-1.0,-0.7818314824680299,0.6234898018587334,0,0,0,5087923.97,3913528.15,4737477.49,3636812.14,12847323.1,10142347.13,6454103.0,5103049.75,6159350.48,4887308.6
2015-06-15,7185781.7,5677039.63,Train,2015,6,15,0,0,2,0,0,1.2246467991473532e-16,-1.0,0.0,1.0,0,0,0,7257781.25,5645520.63,5997977.12,4767036.54,12707400.56,9938849.85,6409003.84,5140481.43,6251988.62,5001362.67
2015-06-16,7904688.49,6283325.81,Train,2015,6,16,1,0,2,0,0,1.2246467991473532e-16,-1.0,0.7818314824680298,0.6234898018587336,0,0,0,7185781.7,5677039.63,7149148.38,5741574.05,10370270.22,8221123.6,6593507.34,5168476.45,7506669.47,5993922.63
2015-06-17,8476249.0,6775868.17,Train,2015,6,17,2,0,2,0,0,1.2246467991473532e-16,-1.0,0.9749279121818236,-0.22252093395631434,0,0,0,7904688.49,6283325.81,7033422.25,5437275.2,12915899.82,10182209.97,7049312.68,5707463.8,7985873.38,6364228.97
2015-06-18,6561476.72,5174441.56,Train,2015,6,18,3,0,2,0,0,1.2246467991473532e-16,-1.0,0.43388373911755823,-0.900968867902419,0,0,0,8476249.0,6775868.17,5174085.58,4188520.67,4389371.3,3612066.24,8167385.27,6584434.28,6928139.58,5573372.83
2015-06-19,5300940.37,4147889.8,Train,2015,6,19,4,0,2,0,0,1.2246467991473532e-16,-1.0,-0.433883739117558,-0.9009688679024191,0,0,0,6561476.72,5174441.56,6351066.12,4900508.38,4689415.18,3666593.72,10886447.11,8610088.68,5160401.64,4101123.87
2015-06-20,5709630.01,4391167.7,Train,2015,6,20,5,1,2,0,0,1.2246467991473532e-16,-1.0,-0.9749279121818236,-0.2225209339563146,0,0,0,5300940.37,4147889.8,5087923.97,3913528.15,4504545.31,3683127.75,9585349.34,7629673.54,5726955.46,4649863.18
2015-06-21,5755437.59,4546815.45,Train,2015,6,21,6,1,2,0,0,1.2246467991473532e-16,-1.0,-0.7818314824680299,0.6234898018587334,0,0,0,5709630.01,4391167.7,7257781.25,5645520.63,4737477.49,3636812.14,6849849.55,5526949.11,5534870.9,4397465.45
2015-06-22,8091120.75,6486078.97,Train,2015,6,22,0,0,2,0,0,1.2246467991473532e-16,-1.0,0.0,1.0,0,0,0,5755437.59,4546815.45,7185781.7,5677039.63,5997977.12,4767036.54,5769728.11,4699867.99,6871043.81,5449439.25
2015-06-23,8014615.36,6549729.21,Train,2015,6,23,1,0,2,0,0,1.2246467991473532e-16,-1.0,0.7818314824680298,0.6234898018587336,0,0,1,8091120.75,6486078.97,7904688.49,6283325.81,7149148.38,5741574.05,7759286.87,6115304.75,7520898.79,6115811.37
2015-06-24,8106694.48,6848465.28,Train,2015,6,24,2,0,2,0,0,1.2246467991473532e-16,-1.0,0.9749279121818236,-0.22252093395631434,0,0,1,8014615.36,6549729.21,8476249.0,6775868.17,7033422.25,5437275.2,6648911.62,5479719.27,8318751.36,7165579.48
2015-06-25,6395417.81,5471074.95,Train,2015,6,25,3,0,2,0,0,1.2246467991473532e-16,-1.0,0.43388373911755823,-0.900968867902419,0,0,1,8106694.48,6848465.28,6561476.72,5174441.56,5174085.58,4188520.67,7250067.07,5753775.74,7464560.81,6650267.82
2015-06-26,5791488.27,5164656.66,Train,2015,6,26,4,0,2,0,0,1.2246467991473532e-16,-1.0,-0.433883739117558,-0.9009688679024191,0,0,1,6395417.81,5471074.95,5300940.37,4147889.8,6351066.12,4900508.38,11264269.11,8911794.91,5465498.81,5160550.9
2015-06-27,5907901.77,5761761.16,Train,2015,6,27,5,1,2,0,0,1.2246467991473532e-16,-1.0,-0.9749279121818236,-0.2225209339563146,0,0,1,5791488.27,5164656.66,5709630.01,4391167.7,5087923.97,3913528.15,10886440.76,8702126.28,6215342.27,5942103.5
2015-06-28,7048110.81,6755443.51,Train,2015,6,28,6,1,2,0,0,1.2246467991473532e-16,-1.0,-0.7818314824680299,0.6234898018587334,0,0,1,5907901.77,5761761.16,5755437.59,4546815.45,7257781.25,5645520.63,7443400.33,6010039.49,6715989.51,6489880.35
2015-06-29,10266326.47,10003747.48,Train,2015,6,29,0,0,2,0,0,1.2246467991473532e-16,-1.0,0.0,1.0,0,0,1,7048110.81,6755443.51,8091120.75,6486078.97,7185781.7,5677039.63,14386454.27,11671007.33,10967240.25,10676762.03
2015-06-30,10954727.42,10628217.87,Train,2015,6,30,1,0,2,0,1,1.2246467991473532e-16,-1.0,0.7818314824680298,0.6234898018587336,0,0,1,10266326.47,10003747.48,8014615.36,6549729.21,7904688.49,6283325.81,12847323.1,10142347.13,8960784.4,8779889.34
2015-07-01,9503954.04,9190648.76,Train,2015,7,1,2,0,3,1,0,-0.4999999999999997,-0.8660254037844388,0.9749279121818236,-0.22252093395631434,0,0,1,10954727.42,10628217.87,8106694.48,6848465.28,8476249.0,6775868.17,12707400.56,9938849.85,9836345.7,9652958.13
2015-07-02,8552727.69,8154787.16,Train,2015,7,2,3,0,3,0,0,-0.4999999999999997,-0.8660254037844388,0.43388373911755823,-0.900968867902419,0,0,1,9503954.04,9190648.76,6395417.81,5471074.95,6561476.72,5174441.56,10370270.22,8221123.6,8037264.4,7829854.35
2015-07-03,6047919.06,5867150.51,Train,2015,7,3,4,0,3,0,0,-0.4999999999999997,-0.8660254037844388,-0.433883739117558,-0.9009688679024191,0,0,1,8552727.69,8154787.16,5791488.27,5164656.66,5300940.37,4147889.8,12915899.82,10182209.97,6599126.14,6280312.35
2015-07-04,1184319.43,1068025.58,Train,2015,7,4,5,1,3,0,0,-0.4999999999999997,-0.8660254037844388,-0.9749279121818236,-0.2225209339563146,0,0,1,6047919.06,5867150.51,5907901.77,5761761.16,5709630.01,4391167.7,4389371.3,3612066.24,1539342.27,1546984.48
2015-07-05,2966146.59,2810871.75,Train,2015,7,5,6,1,3,0,0,-0.4999999999999997,-0.8660254037844388,-0.7818314824680299,0.6234898018587334,0,0,1,1184319.43,1068025.58,7048110.81,6755443.51,5755437.59,4546815.45,4689415.18,3666593.72,2247607.0,2088267.2
2015-07-06,2490899.57,2437063.72,Train,2015,7,6,0,0,3,0,0,-0.4999999999999997,-0.8660254037844388,0.0,1.0,0,0,1,2966146.59,2810871.75,10266326.47,10003747.48,8091120.75,6486078.97,4504545.31,3683127.75,2992177.47,2950653.66
2015-07-07,4185006.32,3947428.34,Train,2015,7,7,1,0,3,0,0,-0.4999999999999997,-0.8660254037844388,0.7818314824680298,0.6234898018587336,0,0,1,2490899.57,2437063.72,10954727.42,10628217.87,8014615.36,6549729.21,4737477.49,3636812.14,3321041.63,3237780.91
2015-07-08,4333446.86,4256271.94,Train,2015,7,8,2,0,3,0,0,-0.4999999999999997,-0.8660254037844388,0.9749279121818236,-0.22252093395631434,0,0,1,4185006.32,3947428.34,9503954.04,9190648.76,8106694.48,6848465.28,5997977.12,4767036.54,4389991.98,4344681.53
2015-07-09,6011409.46,5756814.71,Train,2015,7,9,3,0,3,0,0,-0.4999999999999997,-0.8660254037844388,0.43388373911755823,-0.900968867902419,0,0,1,4333446.86,4256271.94,8552727.69,8154787.16,6395417.81,5471074.95,7149148.38,5741574.05,5089459.45,5002533.36
2015-07-10,3936544.23,3750891.91,Train,2015,7,10,4,0,3,0,0,-0.4999999999999997,-0.8660254037844388,-0.433883739117558,-0.9009688679024191,0,0,1,6011409.46,5756814.71,6047919.06,5867150.51,5791488.27,5164656.66,7033422.25,5437275.2,5277348.24,5193788.09
2015-07-11,3965266.87,3859812.43,Train,2015,7,11,5,1,3,0,0,-0.4999999999999997,-0.8660254037844388,-0.9749279121818236,-0.2225209339563146,0,0,1,3936544.23,3750891.91,1184319.43,1068025.58,5907901.77,5761761.16,5174085.58,4188520.67,3680744.54,3649066.92
2015-07-12,4444033.83,4308843.11,Train,2015,7,12,6,1,3,0,0,-0.4999999999999997,-0.8660254037844388,-0.7818314824680299,0.6234898018587334,0,0,1,3965266.87,3859812.43,2966146.59,2810871.75,7048110.81,6755443.51,6351066.12,4900508.38,3635150.5,3488161.59
2015-07-13,4008119.02,3879117.89,Train,2015,7,13,0,0,3,0,0,-0.4999999999999997,-0.8660254037844388,0.0,1.0,0,0,1,4444033.83,4308843.11,2490899.57,2437063.72,10266326.47,10003747.48,5087923.97,3913528.15,4538183.38,4461396.49
2015-07-14,4541662.42,4427340.58,Train,2015,7,14,1,0,3,0,0,-0.4999999999999997,-0.8660254037844388,0.7818314824680298,0.6234898018587336,0,0,1,4008119.02,3879117.89,4185006.32,3947428.34,10954727.42,10628217.87,7257781.25,5645520.63,4180514.48,4093927.18
2015-07-15,6195528.74,5945270.24,Train,2015,7,15,2,0,3,0,0,-0.4999999999999997,-0.8660254037844388,0.9749279121818236,-0.22252093395631434,0,0,1,4541662.42,4427340.58,4333446.86,4256271.94,9503954.04,9190648.76,7185781.7,5677039.63,4729914.86,4685468.3
2015-07-16,5351713.45,5204783.4,Train,2015,7,16,3,0,3,0,0,-0.4999999999999997,-0.8660254037844388,0.43388373911755823,-0.900968867902419,0,0,1,6195528.74,5945270.24,6011409.46,5756814.71,8552727.69,8154787.16,7904688.49,6283325.81,5725200.44,5688906.29
2015-07-17,3953465.4,3879500.64,Train,2015,7,17,4,0,3,0,0,-0.4999999999999997,-0.8660254037844388,-0.433883739117558,-0.9009688679024191,0,0,1,5351713.45,5204783.4,3936544.23,3750891.91,6047919.06,5867150.51,8476249.0,6775868.17,5475110.93,5378778.65
2015-07-18,4352743.94,4230281.82,Train,2015,7,18,5,1,3,0,0,-0.4999999999999997,-0.8660254037844388,-0.9749279121818236,-0.2225209339563146,0,0,1,3953465.4,3879500.64,3965266.87,3859812.43,1184319.43,1068025.58,6561476.72,5174441.56,4518235.32,4447047.74
2015-07-19,4734057.3,4244345.55,Train,2015,7,19,6,1,3,0,0,-0.4999999999999997,-0.8660254037844388,-0.7818314824680299,0.6234898018587334,0,0,1,4352743.94,4230281.82,4444033.83,4308843.11,2966146.59,2810871.75,5300940.37,4147889.8,4203668.56,3770693.84
2015-07-20,4593431.52,3967198.09,Train,2015,7,20,0,0,3,0,0,-0.4999999999999997,-0.8660254037844388,0.0,1.0,0,0,1,4734057.3,4244345.55,4008119.02,3879117.89,2490899.57,2437063.72,5709630.01,4391167.7,4322625.55,3600969.69
2015-07-21,6205610.6,5212906.4,Train,2015,7,21,1,0,3,0,0,-0.4999999999999997,-0.8660254037844388,0.7818314824680298,0.6234898018587336,0,0,1,4593431.52,3967198.09,4541662.42,4427340.58,4185006.32,3947428.34,5755437.59,4546815.45,4796649.21,3768111.9
2015-07-22,7003315.42,5699625.87,Train,2015,7,22,2,0,3,0,0,-0.4999999999999997,-0.8660254037844388,0.9749279121818236,-0.22252093395631434,0,0,1,6205610.6,5212906.4,6195528.74,5945270.24,4333446.86,4256271.94,8091120.75,6486078.97,6208113.76,5011530.91
2015-07-23,6241579.84,5041557.0,Train,2015,7,23,3,0,3,0,0,-0.4999999999999997,-0.8660254037844388,0.43388373911755823,-0.900968867902419,0,0,0,7003315.42,5699625.87,5351713.45,5204783.4,6011409.46,5756814.71,8014615.36,6549729.21,7566031.17,5950276.5
2015-07-24,4815209.73,3864863.25,Train,2015,7,24,4,0,3,0,0,-0.4999999999999997,-0.8660254037844388,-0.433883739117558,-0.9009688679024191,0,0,0,6241579.84,5041557.0,3953465.4,3879500.64,3936544.23,3750891.91,8106694.48,6848465.28,5905615.09,4674430.56
2015-07-25,4869837.46,3980424.09,Train,2015,7,25,5,1,3,0,0,-0.4999999999999997,-0.8660254037844388,-0.9749279121818236,-0.2225209339563146,0,0,0,4815209.73,3864863.25,4352743.94,4230281.82,3965266.87,3859812.43,6395417.81,5471074.95,4437108.92,3571085.86
2015-07-26,5323996.74,4436550.96,Train,2015,7,26,6,1,3,0,0,-0.4999999999999997,-0.8660254037844388,-0.7818314824680299,0.6234898018587334,0,0,0,4869837.46,3980424.09,4734057.3,4244345.55,4444033.83,4308843.11,5791488.27,5164656.66,4875867.56,3838617.04
2015-07-27,5603376.79,4431670.86,Train,2015,7,27,0,0,3,0,0,-0.4999999999999997,-0.8660254037844388,0.0,1.0,0,0,0,5323996.74,4436550.96,4593431.52,3967198.09,4008119.02,3879117.89,5907901.77,5761761.16,4695097.96,3728682.43
2015-07-28,6826651.55,5538901.92,Train,2015,7,28,1,0,3,0,0,-0.4999999999999997,-0.8660254037844388,0.7818314824680298,0.6234898018587336,0,0,0,5603376.79,4431670.86,6205610.6,5212906.4,4541662.42,4427340.58,7048110.81,6755443.51,5659848.32,4577648.87
2015-07-29,9470985.24,7602775.68,Train,2015,7,29,2,0,3,0,0,-0.4999999999999997,-0.8660254037844388,0.9749279121818236,-0.22252093395631434,0,0,0,6826651.55,5538901.92,7003315.42,5699625.87,6195528.74,5945270.24,10266326.47,10003747.48,8325936.32,6673852.31
2015-07-30,10296776.67,9762134.91,Train,2015,7,30,3,0,3,0,0,-0.4999999999999997,-0.8660254037844388,0.43388373911755823,-0.900968867902419,0,0,1,9470985.24,7602775.68,6241579.84,5041557.0,5351713.45,5204783.4,10954727.42,10628217.87,9849002.97,7950504.57
2015-07-31,8227312.7,8001039.19,Train,2015,7,31,4,0,3,0,1,-0.4999999999999997,-0.8660254037844388,-0.433883739117558,-0.9009688679024191,0,0,1,10296776.67,9762134.91,4815209.73,3864863.25,3953465.4,3879500.64,9503954.04,9190648.76,12499623.55,10113088.37
2015-08-01,7969399.16,8307674.69,Train,2015,8,1,5,1,3,1,0,-0.8660254037844385,-0.5000000000000004,-0.9749279121818236,-0.2225209339563146,0,0,1,8227312.7,8001039.19,4869837.46,3980424.09,4352743.94,4230281.82,8552727.69,8154787.16,10268362.3,8266400.63
2015-08-02,5808782.79,6999844.19,Train,2015,8,2,6,1,3,0,0,-0.8660254037844385,-0.5000000000000004,-0.7818314824680299,0.6234898018587334,0,0,1,7969399.16,8307674.69,5323996.74,4436550.96,4734057.3,4244345.55,6047919.06,5867150.51,9437585.35,7486465.1
2015-08-03,4720575.96,6451104.36,Train,2015,8,3,0,0,3,0,0,-0.8660254037844385,-0.5000000000000004,0.0,1.0,0,0,1,5808782.79,6999844.19,5603376.79,4431670.86,4593431.52,3967198.09,1184319.43,1068025.58,8311634.97,6613684.99
2015-08-04,2658117.34,3894709.67,Train,2015,8,4,1,0,3,0,0,-0.8660254037844385,-0.5000000000000004,0.7818314824680298,0.6234898018587336,0,0,1,4720575.96,6451104.36,6826651.55,5538901.92,6205610.6,5212906.4,2966146.59,2810871.75,7920532.02,6253439.86
2015-08-05,2978173.12,4001425.35,Train,2015,8,5,2,0,3,0,0,-0.8660254037844385,-0.5000000000000004,0.9749279121818236,-0.22252093395631434,0,0,1,2658117.34,3894709.67,9470985.24,7602775.68,7003315.42,5699625.87,2490899.57,2437063.72,4783590.74,3865614.98
2015-08-06,2558707.18,3656184.22,Train,2015,8,6,3,0,3,0,0,-0.8660254037844385,-0.5000000000000004,0.43388373911755823,-0.900968867902419,0,0,1,2978173.12,4001425.35,10296776.67,9762134.91,6241579.84,5041557.0,4185006.32,3947428.34,5768372.14,4433911.0
2015-08-07,1981109.04,2648627.83,Train,2015,8,7,4,0,3,0,0,-0.8660254037844385,-0.5000000000000004,-0.433883739117558,-0.9009688679024191,0,0,1,2558707.18,3656184.22,8227312.7,8001039.19,4815209.73,3864863.25,4333446.86,4256271.94,4368310.48,3451434.03
2015-08-08,1709563.14,2428463.02,Train,2015,8,8,5,1,3,0,0,-0.8660254037844385,-0.5000000000000004,-0.9749279121818236,-0.2225209339563146,0,0,1,1981109.04,2648627.83,7969399.16,8307674.69,4869837.46,3980424.09,6011409.46,5756814.71,2772020.29,2220747.24
2015-08-09,2122689.02,2864218.57,Train,2015,8,9,6,1,3,0,0,-0.8660254037844385,-0.5000000000000004,-0.7818314824680299,0.6234898018587334,0,0,1,1709563.14,2428463.02,5808782.79,6999844.19,5323996.74,4436550.96,3936544.23,3750891.91,3001539.63,2354553.12
2015-08-10,2341717.61,3233525.06,Train,2015,8,10,0,0,3,0,0,-0.8660254037844385,-0.5000000000000004,0.0,1.0,0,0,1,2122689.02,2864218.57,4720575.96,6451104.36,5603376.79,4431670.86,3965266.87,3859812.43,3823485.27,3003127.77
2015-08-11,2434219.28,3451194.49,Train,2015,8,11,1,0,3,0,0,-0.8660254037844385,-0.5000000000000004,0.7818314824680298,0.6234898018587336,0,0,1,2341717.61,3233525.06,2658117.34,3894709.67,6826651.55,5538901.92,4444033.83,4308843.11,4332284.65,3523421.42
2015-08-12,3555473.95,4878289.67,Train,2015,8,12,2,0,3,0,0,-0.8660254037844385,-0.5000000000000004,0.9749279121818236,-0.22252093395631434,0,0,1,2434219.28,3451194.49,2978173.12,4001425.35,9470985.24,7602775.68,4008119.02,3879117.89,4968367.41,3950793.43
2015-08-13,2921138.79,3979730.24,Train,2015,8,13,3,0,3,0,0,-0.8660254037844385,-0.5000000000000004,0.43388373911755823,-0.900968867902419,0,0,1,3555473.95,4878289.67,2558707.18,3656184.22,10296776.67,9762134.91,4541662.42,4427340.58,5893608.69,4708354.21
2015-08-14,2842163.51,3979723.24,Train,2015,8,14,4,0,3,0,0,-0.8660254037844385,-0.5000000000000004,-0.433883739117558,-0.9009688679024191,0,0,1,2921138.79,3979730.24,1981109.04,2648627.83,8227312.7,8001039.19,6195528.74,5945270.24,5049141.59,3986642.15
2015-08-15,2655077.08,3723026.61,Train,2015,8,15,5,1,3,0,0,-0.8660254037844385,-0.5000000000000004,-0.9749279121818236,-0.2225209339563146,0,0,1,2842163.51,3979723.24,1709563.14,2428463.02,7969399.16,8307674.69,5351713.45,5204783.4,4964547.64,3886890.99
2015-08-16,2851597.29,3843042.72,Train,2015,8,16,6,1,3,0,0,-0.8660254037844385,-0.5000000000000004,-0.7818314824680299,0.6234898018587334,0,0,1,2655077.08,3723026.61,2122689.02,2864218.57,5808782.79,6999844.19,3953465.4,3879500.64,4183136.08,3312917.75
2015-08-17,2804909.03,3580539.39,Train,2015,8,17,0,0,3,0,0,-0.8660254037844385,-0.5000000000000004,0.0,1.0,0,0,1,2851597.29,3843042.72,2341717.61,3233525.06,4720575.96,6451104.36,4352743.94,4230281.82,4553293.21,3569236.73
2015-08-18,3797369.86,5081331.41,Train,2015,8,18,1,0,3,0,0,-0.8660254037844385,-0.5000000000000004,0.7818314824680298,0.6234898018587336,0,0,1,2804909.03,3580539.39,2434219.28,3451194.49,2658117.34,3894709.67,4734057.3,4244345.55,3852897.93,3032853.62
2015-08-19,3996506.07,5388360.8,Train,2015,8,19,2,0,3,0,0,-0.8660254037844385,-0.5000000000000004,0.9749279121818236,-0.22252093395631434,0,0,1,3797369.86,5081331.41,3555473.95,4878289.67,2978173.12,4001425.35,4593431.52,3967198.09,5491853.95,4329773.16
2015-08-20,3542649.14,4967122.51,Train,2015,8,20,3,0,3,0,0,-0.8660254037844385,-0.5000000000000004,0.43388373911755823,-0.900968867902419,0,0,1,3996506.07,5388360.8,2921138.79,3979730.24,2558707.18,3656184.22,6205610.6,5212906.4,6252896.94,5003338.92
2015-08-21,2826694.43,4029608.29,Train,2015,8,21,4,0,3,0,0,-0.8660254037844385,-0.5000000000000004,-0.433883739117558,-0.9009688679024191,0,0,1,3542649.14,4967122.51,2842163.51,3979723.24,1981109.04,2648627.83,7003315.42,5699625.87,5420386.94,4272987.79
2015-08-22,2330134.4,3196044.6,Train,2015,8,22,5,1,3,0,0,-0.8660254037844385,-0.5000000000000004,-0.9749279121818236,-0.2225209339563146,0,0,1,2826694.43,4029608.29,2655077.08,3723026.61,1709563.14,2428463.02,6241579.84,5041557.0,3980335.94,3221586.25
2015-08-23,2980880.01,4035327.45,Train,2015,8,23,6,1,3,0,0,-0.8660254037844385,-0.5000000000000004,-0.7818314824680299,0.6234898018587334,0,0,1,2330134.4,3196044.6,2851597.29,3843042.72,2122689.02,2864218.57,4815209.73,3864863.25,3604919.44,2824202.4
2015-08-24,2905862.72,4140352.34,Train,2015,8,24,0,0,3,0,0,-0.8660254037844385,-0.5000000000000004,0.0,1.0,0,0,1,2980880.01,4035327.45,2804909.03,3580539.39,2341717.61,3233525.06,4869837.46,3980424.09,3975022.95,3208598.81
2015-08-25,3470416.25,4713031.14,Train,2015,8,25,1,0,3,0,0,-0.8660254037844385,-0.5000000000000004,0.7818314824680298,0.6234898018587336,0,0,1,2905862.72,4140352.34,3797369.86,5081331.41,2434219.28,3451194.49,5323996.74,4436550.96,4982068.72,3931111.8
2015-08-26,4027164.09,5549423.27,Train,2015,8,26,2,0,3,0,0,-0.8660254037844385,-0.5000000000000004,0.9749279121818236,-0.22252093395631434,0,0,1,3470416.25,4713031.14,3996506.07,5388360.8,3555473.95,4878289.67,5603376.79,4431670.86,5315751.01,4151656.84
2015-08-27,3564052.29,4867784.09,Train,2015,8,27,3,0,3,0,0,-0.8660254037844385,-0.5000000000000004,0.43388373911755823,-0.900968867902419,0,0,1,4027164.09,5549423.27,3542649.14,4967122.51,2921138.79,3979730.24,6826651.55,5538901.92,7880420.55,6267001.76
2015-08-28,8506950.72,11044258.41,Train,2015,8,28,4,0,3,0,0,-0.8660254037844385,-0.5000000000000004,-0.433883739117558,-0.9009688679024191,0,0,1,3564052.29,4867784.09,2826694.43,4029608.29,2842163.51,3979723.24,9470985.24,7602775.68,13900846.53,11188888.43
2015-08-29,7794439.44,10361751.16,Train,2015,8,29,5,1,3,0,0,-0.8660254037844385,-0.5000000000000004,-0.9749279121818236,-0.2225209339563146,0,0,1,8506950.72,11044258.41,2330134.4,3196044.6,2655077.08,3723026.61,10296776.67,9762134.91,12683009.27,10136587.4
2015-08-30,7344062.69,9260104.74,Train,2015,8,30,6,1,3,0,0,-0.8660254037844385,-0.5000000000000004,-0.7818314824680299,0.6234898018587334,0,0,2,7794439.44,10361751.16,2980880.01,4035327.45,2851597.29,3843042.72,8227312.7,8001039.19,11574198.37,9088009.4
2015-08-31,7854391.23,10070785.58,Train,2015,8,31,0,0,3,0,1,-0.8660254037844385,-0.5000000000000004,0.0,1.0,0,0,2,7344062.69,9260104.74,2905862.72,4140352.34,2804909.03,3580539.39,7969399.16,8307674.69,11951398.65,9415326.58
2015-09-01,6760812.85,8154672.78,Train,2015,9,1,1,0,3,1,0,-1.0,-1.8369701987210297e-16,0.7818314824680298,0.6234898018587336,0,0,2,7854391.23,10070785.58,3470416.25,4713031.14,3797369.86,5081331.41,5808782.79,6999844.19,10306541.25,8432677.93
2015-09-02,2200298.26,2129220.78,Train,2015,9,2,2,0,3,0,0,-1.0,-1.8369701987210297e-16,0.9749279121818236,-0.22252093395631434,1,0,2,6760812.85,8154672.78,4027164.09,5549423.27,3996506.07,5388360.8,4720575.96,6451104.36,1980913.22,1699049.31
2015-09-03,2827263.54,2604249.38,Train,2015,9,3,3,0,3,0,0,-1.0,-1.8369701987210297e-16,0.43388373911755823,-0.900968867902419,0,0,1,2200298.26,2129220.78,3564052.29,4867784.09,3542649.14,4967122.51,2658117.34,3894709.67,2013419.84,1783705.47
2015-09-04,3174821.93,2868467.84,Train,2015,9,4,4,0,3,0,0,-1.0,-1.8369701987210297e-16,-0.433883739117558,-0.9009688679024191,0,0,1,2827263.54,2604249.38,8506950.72,11044258.41,2826694.43,4029608.29,2978173.12,4001425.35,2079554.62,1858190.69
2015-09-05,4060108.04,3677521.7,Train,2015,9,5,5,1,3,0,0,-1.0,-1.8369701987210297e-16,-0.9749279121818236,-0.2225209339563146,0,0,1,3174821.93,2868467.84,7794439.44,10361751.16,2330134.4,3196044.6,2558707.18,3656184.22,3009749.32,2650108.54
2015-09-06,5806076.99,5165364.57,Train,2015,9,6,6,1,3,0,0,-1.0,-1.8369701987210297e-16,-0.7818314824680299,0.6234898018587334,0,0,1,4060108.04,3677521.7,7344062.69,9260104.74,2980880.01,4035327.45,1981109.04,2648627.83,2651615.67,2379303.77
2015-09-07,5427754.58,4736445.82,Train,2015,9,7,0,0,3,0,0,-1.0,-1.8369701987210297e-16,0.0,1.0,0,0,1,5806076.99,5165364.57,7854391.23,10070785.58,2905862.72,4140352.34,1709563.14,2428463.02,3257294.39,2733813.81
2015-09-08,4280040.71,3769505.38,Train,2015,9,8,1,0,3,0,0,-1.0,-1.8369701987210297e-16,0.7818314824680298,0.6234898018587336,0,0,1,5427754.58,4736445.82,6760812.85,8154672.78,3470416.25,4713031.14,2122689.02,2864218.57,3789247.34,3234658.91
2015-09-09,3647303.9,3266493.41,Train,2015,9,9,2,0,3,0,0,-1.0,-1.8369701987210297e-16,0.9749279121818236,-0.22252093395631434,0,0,1,4280040.71,3769505.38,2200298.26,2129220.78,4027164.09,5549423.27,2341717.61,3233525.06,3050893.58,2636295.62
2015-09-10,3721441.58,3354394.08,Train,2015,9,10,3,0,3,0,0,-1.0,-1.8369701987210297e-16,0.43388373911755823,-0.900968867902419,0,0,1,3647303.9,3266493.41,2827263.54,2604249.38,3564052.29,4867784.09,2434219.28,3451194.49,2734213.18,2344334.17
2015-09-11,5440903.55,4839456.19,Train,2015,9,11,4,0,3,0,0,-1.0,-1.8369701987210297e-16,-0.433883739117558,-0.9009688679024191,0,0,1,3721441.58,3354394.08,3174821.93,2868467.84,8506950.72,11044258.41,3555473.95,4878289.67,3603376.76,3063452.95
2015-09-12,4950740.04,4404176.85,Train,2015,9,12,5,1,3,0,0,-1.0,-1.8369701987210297e-16,-0.9749279121818236,-0.2225209339563146,0,0,1,5440903.55,4839456.19,4060108.04,3677521.7,7794439.44,10361751.16,2921138.79,3979730.24,3387921.49,2941397.85
2015-09-13,6063850.75,5333297.85,Train,2015,9,13,6,1,3,0,0,-1.0,-1.8369701987210297e-16,-0.7818314824680299,0.6234898018587334,0,0,1,4950740.04,4404176.85,5806076.99,5165364.57,7344062.69,9260104.74,2842163.51,3979723.24,4488375.88,3882301.0
2015-09-14,5951627.11,5241870.86,Train,2015,9,14,0,0,3,0,0,-1.0,-1.8369701987210297e-16,0.0,1.0,0,0,1,6063850.75,5333297.85,5427754.58,4736445.82,7854391.23,10070785.58,2655077.08,3723026.61,4664595.04,4241668.09
2015-09-15,4289955.17,3759560.12,Train,2015,9,15,1,0,3,0,0,-1.0,-1.8369701987210297e-16,0.7818314824680298,0.6234898018587336,0,0,1,5951627.11,5241870.86,4280040.71,3769505.38,6760812.85,8154672.78,2851597.29,3843042.72,3434401.74,2989155.15
2015-09-16,4578098.38,4047593.29,Train,2015,9,16,2,0,3,0,0,-1.0,-1.8369701987210297e-16,0.9749279121818236,-0.22252093395631434,0,0,1,4289955.17,3759560.12,3647303.9,3266493.41,2200298.26,2129220.78,2804909.03,3580539.39,3499018.93,3094674.95
2015-09-17,4322042.75,3890293.3,Train,2015,9,17,3,0,3,0,0,-1.0,-1.8369701987210297e-16,0.43388373911755823,-0.900968867902419,0,0,1,4578098.38,4047593.29,3721441.58,3354394.08,2827263.54,2604249.38,3797369.86,5081331.41,2159581.94,1891350.86
2015-09-18,4626830.39,4125549.97,Train,2015,9,18,4,0,3,0,0,-1.0,-1.8369701987210297e-16,-0.433883739117558,-0.9009688679024191,0,0,1,4322042.75,3890293.3,5440903.55,4839456.19,3174821.93,2868467.84,3996506.07,5388360.8,3245614.46,2827312.43
2015-09-19,4866373.41,4338177.32,Train,2015,9,19,5,1,3,0,0,-1.0,-1.8369701987210297e-16,-0.9749279121818236,-0.2225209339563146,0,0,1,4626830.39,4125549.97,4950740.04,4404176.85,4060108.04,3677521.7,3542649.14,4967122.51,3152106.06,2800614.8
2015-09-20,5970375.19,5199616.34,Train,2015,9,20,6,1,3,0,0,-1.0,-1.8369701987210297e-16,-0.7818314824680299,0.6234898018587334,0,0,1,4866373.41,4338177.32,6063850.75,5333297.85,5806076.99,5165364.57,2826694.43,4029608.29,3934660.56,3508771.25
2015-09-21,5429549.96,4922952.43,Train,2015,9,21,0,0,3,0,0,-1.0,-1.8369701987210297e-16,0.0,1.0,0,0,1,5970375.19,5199616.34,5951627.11,5241870.86,5427754.58,4736445.82,2330134.4,3196044.6,4973677.98,4472971.42
2015-09-22,3989413.65,3510644.34,Train,2015,9,22,1,0,3,0,0,-1.0,-1.8369701987210297e-16,0.7818314824680298,0.6234898018587336,0,0,1,5429549.96,4922952.43,4289955.17,3759560.12,4280040.71,3769505.38,2980880.01,4035327.45,4691002.44,4096769.99
2015-09-23,4492195.74,4136948.97,Train,2015,9,23,2,0,3,0,0,-1.0,-1.8369701987210297e-16,0.9749279121818236,-0.22252093395631434,0,0,1,3989413.65,3510644.34,4578098.38,4047593.29,3647303.9,3266493.41,2905862.72,4140352.34,3267077.04,2950868.62
2015-09-24,4990183.49,4532817.65,Train,2015,9,24,3,0,3,0,0,-1.0,-1.8369701987210297e-16,0.43388373911755823,-0.900968867902419,0,0,1,4492195.74,4136948.97,4322042.75,3890293.3,3721441.58,3354394.08,3470416.25,4713031.14,3651189.03,3193891.83
2015-09-25,5455949.84,4738294.51,Train,2015,9,25,4,0,3,0,0,-1.0,-1.8369701987210297e-16,-0.433883739117558,-0.9009688679024191,0,0,1,4990183.49,4532817.65,4626830.39,4125549.97,5440903.55,4839456.19,4027164.09,5549423.27,3991936.34,3513164.66
2015-09-26,6622087.86,5772363.74,Train,2015,9,26,5,1,3,0,0,-1.0,-1.8369701987210297e-16,-0.9749279121818236,-0.2225209339563146,0,0,1,5455949.84,4738294.51,4866373.41,4338177.32,4950740.04,4404176.85,3564052.29,4867784.09,4802241.84,4364819.46
2015-09-27,9527329.68,8445286.43,Train,2015,9,27,6,1,3,0,0,-1.0,-1.8369701987210297e-16,-0.7818314824680299,0.6234898018587334,0,0,1,6622087.86,5772363.74,5970375.19,5199616.34,6063850.75,5333297.85,8506950.72,11044258.41,5922266.1,5104748.73
2015-09-28,8161672.8,7449690.47,Train,2015,9,28,0,0,3,0,0,-1.0,-1.8369701987210297e-16,0.0,1.0,0,0,1,9527329.68,8445286.43,5429549.96,4922952.43,5951627.11,5241870.86,7794439.44,10361751.16,6894981.49,6104020.61
2015-09-29,7149980.42,6330231.0,Train,2015,9,29,1,0,3,0,0,-1.0,-1.8369701987210297e-16,0.7818314824680298,0.6234898018587336,0,0,1,8161672.8,7449690.47,3989413.65,3510644.34,4289955.17,3759560.12,7344062.69,9260104.74,6358369.55,5385912.36
2015-09-30,6245594.21,5509034.08,Train,2015,9,30,2,0,3,0,1,-1.0,-1.8369701987210297e-16,0.9749279121818236,-0.22252093395631434,0,0,1,7149980.42,6330231.0,4492195.74,4136948.97,4578098.38,4047593.29,7854391.23,10070785.58,5625701.93,4992117.65
2015-10-01,5328206.77,4579676.64,Train,2015,10,1,3,0,4,1,0,-0.8660254037844386,0.5000000000000001,0.43388373911755823,-0.900968867902419,0,0,1,6245594.21,5509034.08,4990183.49,4532817.65,4322042.75,3890293.3,6760812.85,8154672.78,4131059.59,3367707.8
2015-10-02,2171539.56,1796561.55,Train,2015,10,2,4,0,4,0,0,-0.8660254037844386,0.5000000000000001,-0.433883739117558,-0.9009688679024191,0,0,0,5328206.77,4579676.64,5455949.84,4738294.51,4626830.39,4125549.97,2200298.26,2129220.78,2166020.29,1638411.83
2015-10-03,4071748.88,3247591.03,Train,2015,10,3,5,1,4,0,0,-0.8660254037844386,0.5000000000000001,-0.9749279121818236,-0.2225209339563146,0,0,0,2171539.56,1796561.55,6622087.86,5772363.74,4866373.41,4338177.32,2827263.54,2604249.38,2713373.58,2209685.83
2015-10-04,3492367.73,2871726.8,Train,2015,10,4,6,1,4,0,0,-0.8660254037844386,0.5000000000000001,-0.7818314824680299,0.6234898018587334,0,0,0,4071748.88,3247591.03,9527329.68,8445286.43,5970375.19,5199616.34,3174821.93,2868467.84,3061013.56,2383424.37
2015-10-05,4507541.9,3678096.41,Train,2015,10,5,0,0,4,0,0,-0.8660254037844386,0.5000000000000001,0.0,1.0,0,0,0,3492367.73,2871726.8,8161672.8,7449690.47,5429549.96,4922952.43,4060108.04,3677521.7,3514973.01,2703049.67
2015-10-06,4188998.54,3415837.46,Train,2015,10,6,1,0,4,0,0,-0.8660254037844386,0.5000000000000001,0.7818314824680298,0.6234898018587336,0,0,0,4507541.9,3678096.41,7149980.42,6330231.0,3989413.65,3510644.34,5806076.99,5165364.57,4584954.57,3714150.0
2015-10-07,3426493.43,2803278.62,Train,2015,10,7,2,0,4,0,0,-0.8660254037844386,0.5000000000000001,0.9749279121818236,-0.22252093395631434,0,0,0,4188998.54,3415837.46,6245594.21,5509034.08,4492195.74,4136948.97,5427754.58,4736445.82,3826571.36,3029706.85
2015-10-08,3233949.18,2641121.98,Train,2015,10,8,3,0,4,0,0,-0.8660254037844386,0.5000000000000001,0.43388373911755823,-0.900968867902419,0,0,0,3426493.43,2803278.62,5328206.77,4579676.64,4990183.49,4532817.65,4280040.71,3769505.38,3298742.48,2595357.42
2015-10-09,3267999.74,2663149.73,Train,2015,10,9,4,0,4,0,0,-0.8660254037844386,0.5000000000000001,-0.433883739117558,-0.9009688679024191,0,0,0,3233949.18,2641121.98,2171539.56,1796561.55,5455949.84,4738294.51,3647303.9,3266493.41,2480246.09,1949299.28
2015-10-10,3378102.79,2705337.11,Train,2015,10,10,5,1,4,0,0,-0.8660254037844386,0.5000000000000001,-0.9749279121818236,-0.2225209339563146,0,0,0,3267999.74,2663149.73,4071748.88,3247591.03,6622087.86,5772363.74,3721441.58,3354394.08,3324677.65,2616526.38
2015-10-11,3286486.34,2566855.85,Train,2015,10,11,6,1,4,0,0,-0.8660254037844386,0.5000000000000001,-0.7818314824680299,0.6234898018587334,0,0,0,3378102.79,2705337.11,3492367.73,2871726.8,9527329.68,8445286.43,5440903.55,4839456.19,3249272.4,2455378.82
2015-10-12,4956524.37,4081540.58,Train,2015,10,12,0,0,4,0,0,-0.8660254037844386,0.5000000000000001,0.0,1.0,0,0,0,3286486.34,2566855.85,4507541.9,3678096.41,8161672.8,7449690.47,4950740.04,4404176.85,3964814.61,3263898.52
2015-10-13,5498991.17,4432958.2,Train,2015,10,13,1,0,4,0,0,-0.8660254037844386,0.5000000000000001,0.7818314824680298,0.6234898018587336,0,0,0,4956524.37,4081540.58,4188998.54,3415837.46,7149980.42,6330231.0,6063850.75,5333297.85,5257692.13,4155288.51
2015-10-14,3411355.27,2666618.8,Train,2015,10,14,2,0,4,0,0,-0.8660254037844386,0.5000000000000001,0.9749279121818236,-0.22252093395631434,0,0,0,5498991.17,4432958.2,3426493.43,2803278.62,6245594.21,5509034.08,5951627.11,5241870.86,5353820.23,4242284.88
2015-10-15,3768908.71,2948986.13,Train,2015,10,15,3,0,4,0,0,-0.8660254037844386,0.5000000000000001,0.43388373911755823,-0.900968867902419,0,0,0,3411355.27,2666618.8,3233949.18,2641121.98,5328206.77,4579676.64,4289955.17,3759560.12,3174858.73,2517101.9
2015-10-16,3821540.36,2987369.39,Train,2015,10,16,4,0,4,0,0,-0.8660254037844386,0.5000000000000001,-0.433883739117558,-0.9009688679024191,0,0,0,3768908.71,2948986.13,3267999.74,2663149.73,2171539.56,1796561.55,4578098.38,4047593.29,3035433.21,2343522.12
2015-10-17,3662021.88,2894880.7,Train,2015,10,17,5,1,4,0,0,-0.8660254037844386,0.5000000000000001,-0.9749279121818236,-0.2225209339563146,0,0,0,3821540.36,2987369.39,3378102.79,2705337.11,4071748.88,3247591.03,4322042.75,3890293.3,3041887.24,2405340.07
2015-10-18,4235369.07,3332133.13,Train,2015,10,18,6,1,4,0,0,-0.8660254037844386,0.5000000000000001,-0.7818314824680299,0.6234898018587334,0,0,0,3662021.88,2894880.7,3286486.34,2566855.85,3492367.73,2871726.8,4626830.39,4125549.97,3295901.64,2641429.14
2015-10-19,6150586.07,4953145.42,Train,2015,10,19,0,0,4,0,0,-0.8660254037844386,0.5000000000000001,0.0,1.0,0,0,0,4235369.07,3332133.13,4956524.37,4081540.58,4507541.9,3678096.41,4866373.41,4338177.32,3906454.96,3097527.04
2015-10-20,5151254.9,4073078.24,Train,2015,10,20,1,0,4,0,0,-0.8660254037844386,0.5000000000000001,0.7818314824680298,0.6234898018587336,0,0,0,6150586.07,4953145.42,5498991.17,4432958.2,4188998.54,3415837.46,5970375.19,5199616.34,4406719.83,3563304.85
2015-10-21,3861128.76,3112793.66,Train,2015,10,21,2,0,4,0,0,-0.8660254037844386,0.5000000000000001,0.9749279121818236,-0.22252093395631434,0,0,0,5151254.9,4073078.24,3411355.27,2666618.8,3426493.43,2803278.62,5429549.96,4922952.43,4158469.93,3334418.16
2015-10-22,3503062.58,2822517.81,Train,2015,10,22,3,0,4,0,0,-0.8660254037844386,0.5000000000000001,0.43388373911755823,-0.900968867902419,0,0,0,3861128.76,3112793.66,3768908.71,2948986.13,3233949.18,2641121.98,3989413.65,3510644.34,3185076.38,2622321.88
2015-10-23,4220053.16,3535441.18,Train,2015,10,23,4,0,4,0,0,-0.8660254037844386,0.5000000000000001,-0.433883739117558,-0.9009688679024191,0,0,0,3503062.58,2822517.81,3821540.36,2987369.39,3267999.74,2663149.73,4492195.74,4136948.97,3397945.31,2701811.9
2015-10-24,3836294.44,2963519.26,Train,2015,10,24,5,1,4,0,0,-0.8660254037844386,0.5000000000000001,-0.9749279121818236,-0.2225209339563146,0,0,0,4220053.16,3535441.18,3662021.88,2894880.7,3378102.79,2705337.11,4990183.49,4532817.65,2910624.78,2393219.16
2015-10-25,4371735.18,3592252.8,Train,2015,10,25,6,1,4,0,0,-0.8660254037844386,0.5000000000000001,-0.7818314824680299,0.6234898018587334,0,0,0,3836294.44,2963519.26,4235369.07,3332133.13,3286486.34,2566855.85,5455949.84,4738294.51,3710088.5,3052761.25
2015-10-26,5670407.54,4548016.77,Train,2015,10,26,0,0,4,0,0,-0.8660254037844386,0.5000000000000001,0.0,1.0,0,0,0,4371735.18,3592252.8,6150586.07,4953145.42,4956524.37,4081540.58,6622087.86,5772363.74,3332635.64,2620840.72
2015-10-27,5227347.01,4220293.85,Train,2015,10,27,1,0,4,0,0,-0.8660254037844386,0.5000000000000001,0.7818314824680298,0.6234898018587336,0,0,0,5670407.54,4548016.77,5151254.9,4073078.24,5498991.17,4432958.2,9527329.68,8445286.43,5247620.14,4151809.58
2015-10-28,7029977.95,5631491.38,Train,2015,10,28,2,0,4,0,0,-0.8660254037844386,0.5000000000000001,0.9749279121818236,-0.22252093395631434,0,0,0,5227347.01,4220293.85,3861128.76,3112793.66,3411355.27,2666618.8,8161672.8,7449690.47,6122484.1,4933576.08
2015-10-29,7420192.54,6015934.85,Train,2015,10,29,3,0,4,0,0,-0.8660254037844386,0.5000000000000001,0.43388373911755823,-0.900968867902419,0,0,0,7029977.95,5631491.38,3503062.58,2822517.81,3768908.71,2948986.13,7149980.42,6330231.0,6191276.35,4949513.22
2015-10-30,7246849.63,5898873.81,Train,2015,10,30,4,0,4,0,0,-0.8660254037844386,0.5000000000000001,-0.433883739117558,-0.9009688679024191,0,0,0,7420192.54,6015934.85,4220053.16,3535441.18,3821540.36,2987369.39,6245594.21,5509034.08,6250389.79,4894988.48
2015-10-31,5833943.99,4766615.28,Train,2015,10,31,5,1,4,0,1,-0.8660254037844386,0.5000000000000001,-0.9749279121818236,-0.2225209339563146,0,0,0,7246849.63,5898873.81,3836294.44,2963519.26,3662021.88,2894880.7,5328206.77,4579676.64,4687679.79,3734196.88
2015-11-01,5794071.48,4691433.96,Train,2015,11,1,6,1,4,1,0,-0.5000000000000004,0.8660254037844384,-0.7818314824680299,0.6234898018587334,0,0,0,5833943.99,4766615.28,4371735.18,3592252.8,4235369.07,3332133.13,2171539.56,1796561.55,4474322.51,3463929.06
2015-11-02,2770297.66,2300656.83,Train,2015,11,2,0,0,4,0,0,-0.5000000000000004,0.8660254037844384,0.0,1.0,0,0,0,5794071.48,4691433.96,5670407.54,4548016.77,6150586.07,4953145.42,4071748.88,3247591.03,3503909.61,2759213.27
2015-11-03,2095237.3,1642341.12,Train,2015,11,3,1,0,4,0,0,-0.5000000000000004,0.8660254037844384,0.7818314824680298,0.6234898018587336,0,0,0,2770297.66,2300656.83,5227347.01,4220293.85,5151254.9,4073078.24,3492367.73,2871726.8,2511155.37,1925980.79
2015-11-04,2658412.16,2230527.42,Train,2015,11,4,2,0,4,0,0,-0.5000000000000004,0.8660254037844384,0.9749279121818236,-0.22252093395631434,0,0,0,2095237.3,1642341.12,7029977.95,5631491.38,3861128.76,3112793.66,4507541.9,3678096.41,1758772.81,1413005.18
2015-11-05,2550367.78,2095931.27,Train,2015,11,5,3,0,4,0,0,-0.5000000000000004,0.8660254037844384,0.43388373911755823,-0.900968867902419,0,0,0,2658412.16,2230527.42,7420192.54,6015934.85,3503062.58,2822517.81,4188998.54,3415837.46,2080412.08,1649512.63
2015-11-06,3113759.4,2524846.93,Train,2015,11,6,4,0,4,0,0,-0.5000000000000004,0.8660254037844384,-0.433883739117558,-0.9009688679024191,0,0,0,2550367.78,2095931.27,7246849.63,5898873.81,4220053.16,3535441.18,3426493.43,2803278.62,2338580.92,1815525.82
2015-11-07,2523233.52,2111797.74,Train,2015,11,7,5,1,4,0,0,-0.5000000000000004,0.8660254037844384,-0.9749279121818236,-0.2225209339563146,0,0,0,3113759.4,2524846.93,5833943.99,4766615.28,3836294.44,2963519.26,3233949.18,2641121.98,2391118.65,1914802.56
2015-11-08,4183206.42,3467217.26,Train,2015,11,8,6,1,4,0,0,-0.5000000000000004,0.8660254037844384,-0.7818314824680299,0.6234898018587334,0,0,0,2523233.52,2111797.74,5794071.48,4691433.96,4371735.18,3592252.8,3267999.74,2663149.73,2603594.99,2058134.47
2015-11-09,3409517.01,2730600.71,Train,2015,11,9,0,0,4,0,0,-0.5000000000000004,0.8660254037844384,0.0,1.0,0,0,0,4183206.42,3467217.26,2770297.66,2300656.83,5670407.54,4548016.77,3378102.79,2705337.11,3896973.5,2948324.76
2015-11-10,3237404.66,2600539.96,Train,2015,11,10,1,0,4,0,0,-0.5000000000000004,0.8660254037844384,0.7818314824680298,0.6234898018587336,0,0,0,3409517.01,2730600.71,2095237.3,1642341.12,5227347.01,4220293.85,3286486.34,2566855.85,3578790.21,2955883.0
2015-11-11,2928494.89,2445001.94,Train,2015,11,11,2,0,4,0,0,-0.5000000000000004,0.8660254037844384,0.9749279121818236,-0.22252093395631434,0,0,0,3237404.66,2600539.96,2658412.16,2230527.42,7029977.95,5631491.38,4956524.37,4081540.58,3265211.84,2544268.23
2015-11-12,3900732.76,3072175.13,Train,2015,11,12,3,0,4,0,0,-0.5000000000000004,0.8660254037844384,0.43388373911755823,-0.900968867902419,0,0,0,2928494.89,2445001.94,2550367.78,2095931.27,7420192.54,6015934.85,5498991.17,4432958.2,2687977.35,2131053.41
2015-11-13,3144926.75,2547598.28,Train,2015,11,13,4,0,4,0,0,-0.5000000000000004,0.8660254037844384,-0.433883739117558,-0.9009688679024191,0,0,0,3900732.76,3072175.13,3113759.4,2524846.93,7246849.63,5898873.81,3411355.27,2666618.8,3661668.42,2973473.14
2015-11-14,4369752.69,3445998.98,Train,2015,11,14,5,1,4,0,0,-0.5000000000000004,0.8660254037844384,-0.9749279121818236,-0.2225209339563146,0,0,0,3144926.75,2547598.28,2523233.52,2111797.74,5833943.99,4766615.28,3768908.71,2948986.13,4104922.66,3206387.48
2015-11-15,4297274.47,3488973.66,Train,2015,11,15,6,1,4,0,0,-0.5000000000000004,0.8660254037844384,-0.7818314824680299,0.6234898018587334,0,0,0,4369752.69,3445998.98,4183206.42,3467217.26,5794071.48,4691433.96,3821540.36,2987369.39,3332537.35,2666922.09
2015-11-16,4316238.63,3541079.15,Train,2015,11,16,0,0,4,0,0,-0.5000000000000004,0.8660254037844384,0.0,1.0,0,0,0,4297274.47,3488973.66,3409517.01,2730600.71,2770297.66,2300656.83,3662021.88,2894880.7,3926705.12,3165100.53
2015-11-17,3035948.85,2418023.08,Train,2015,11,17,1,0,4,0,0,-0.5000000000000004,0.8660254037844384,0.7818314824680298,0.6234898018587336,0,0,0,4316238.63,3541079.15,3237404.66,2600539.96,2095237.3,1642341.12,4235369.07,3332133.13,3901928.25,3135379.39
2015-11-18,3208924.12,2787131.03,Train,2015,11,18,2,0,4,0,0,-0.5000000000000004,0.8660254037844384,0.9749279121818236,-0.22252093395631434,0,0,1,3035948.85,2418023.08,2928494.89,2445001.94,2658412.16,2230527.42,6150586.07,4953145.42,2299920.21,1777742.22
2015-11-19,2934934.24,2722267.8,Train,2015,11,19,3,0,4,0,0,-0.5000000000000004,0.8660254037844384,0.43388373911755823,-0.900968867902419,0,0,1,3208924.12,2787131.03,3900732.76,3072175.13,2550367.78,2095931.27,5151254.9,4073078.24,2365334.24,2037392.28
2015-11-20,3389498.76,3170548.9,Train,2015,11,20,4,0,4,0,0,-0.5000000000000004,0.8660254037844384,-0.433883739117558,-0.9009688679024191,0,0,1,2934934.24,2722267.8,3144926.75,2547598.28,3113759.4,2524846.93,3861128.76,3112793.66,2712056.74,2364468.06
2015-11-21,2291920.41,2320486.62,Train,2015,11,21,5,1,4,0,0,-0.5000000000000004,0.8660254037844384,-0.9749279121818236,-0.2225209339563146,0,0,1,3389498.76,3170548.9,4369752.69,3445998.98,2523233.52,2111797.74,3503062.58,2822517.81,2642726.69,2469983.77
2015-11-22,3070301.17,3152837.2,Train,2015,11,22,6,1,4,0,0,-0.5000000000000004,0.8660254037844384,-0.7818314824680299,0.6234898018587334,0,0,1,2291920.41,2320486.62,4297274.47,3488973.66,4183206.42,3467217.26,4220053.16,3535441.18,2355839.63,2373102.5
2015-11-23,2329823.55,2370762.85,Train,2015,11,23,0,0,4,0,0,-0.5000000000000004,0.8660254037844384,0.0,1.0,0,0,1,3070301.17,3152837.2,4316238.63,3541079.15,3409517.01,2730600.71,3836294.44,2963519.26,2702782.41,2732923.6
2015-11-24,1994420.05,2017128.44,Train,2015,11,24,1,0,4,0,0,-0.5000000000000004,0.8660254037844384,0.7818314824680298,0.6234898018587336,0,0,1,2329823.55,2370762.85,3035948.85,2418023.08,3237404.66,2600539.96,4371735.18,3592252.8,2994851.12,2989623.83
2015-11-25,1994246.64,2069297.94,Train,2015,11,25,2,0,4,0,0,-0.5000000000000004,0.8660254037844384,0.9749279121818236,-0.22252093395631434,0,0,1,1994420.05,2017128.44,3208924.12,2787131.03,2928494.89,2445001.94,5670407.54,4548016.77,1951300.95,1961306.08
2015-11-26,3361942.92,3392781.25,Train,2015,11,26,3,0,4,0,0,-0.5000000000000004,0.8660254037844384,0.43388373911755823,-0.900968867902419,0,0,1,1994246.64,2069297.94,2934934.24,2722267.8,3900732.76,3072175.13,5227347.01,4220293.85,3005133.94,3070985.43
2015-11-27,5242225.8,5137790.23,Train,2015,11,27,4,0,4,0,0,-0.5000000000000004,0.8660254037844384,-0.433883739117558,-0.9009688679024191,0,0,1,3361942.92,3392781.25,3389498.76,3170548.9,3144926.75,2547598.28,7029977.95,5631491.38,4582936.62,4552287.3
2015-11-28,5114979.4,5281806.7,Train,2015,11,28,5,1,4,0,0,-0.5000000000000004,0.8660254037844384,-0.9749279121818236,-0.2225209339563146,0,0,1,5242225.8,5137790.23,2291920.41,2320486.62,4369752.69,3445998.98,7420192.54,6015934.85,3803816.23,3776489.22
2015-11-29,5018236.03,4955536.7,Train,2015,11,29,6,1,4,0,0,-0.5000000000000004,0.8660254037844384,-0.7818314824680299,0.6234898018587334,0,0,1,5114979.4,5281806.7,3070301.17,3152837.2,4297274.47,3488973.66,7246849.63,5898873.81,3693923.36,3714680.69
2015-11-30,4031497.64,4065929.95,Train,2015,11,30,0,0,4,0,1,-0.5000000000000004,0.8660254037844384,0.0,1.0,0,0,1,5018236.03,4955536.7,2329823.55,2370762.85,4316238.63,3541079.15,5833943.99,4766615.28,4164373.0,4139199.1
2015-12-01,3221463.05,3262618.05,Train,2015,12,1,1,0,4,1,0,-2.4492935982947064e-16,1.0,0.7818314824680298,0.6234898018587336,0,0,1,4031497.64,4065929.95,1994420.05,2017128.44,3035948.85,2418023.08,5794071.48,4691433.96,3293606.72,3371041.49
2015-12-02,953639.35,978207.15,Train,2015,12,2,2,0,4,0,0,-2.4492935982947064e-16,1.0,0.9749279121818236,-0.22252093395631434,0,0,1,3221463.05,3262618.05,1994246.64,2069297.94,3208924.12,2787131.03,2770297.66,2300656.83,1913468.28,1934027.84
2015-12-03,1852279.15,1907081.99,Train,2015,12,3,3,0,4,0,0,-2.4492935982947064e-16,1.0,0.43388373911755823,-0.900968867902419,0,0,1,953639.35,978207.15,3361942.92,3392781.25,2934934.24,2722267.8,2095237.3,1642341.12,1725054.96,1639460.56
2015-12-04,2076429.7,2095572.96,Train,2015,12,4,4,0,4,0,0,-2.4492935982947064e-16,1.0,-0.433883739117558,-0.9009688679024191,0,0,1,1852279.15,1907081.99,5242225.8,5137790.23,3389498.76,3170548.9,2658412.16,2230527.42,1490172.71,1377244.92
2015-12-05,2287846.3,2292826.58,Train,2015,12,5,5,1,4,0,0,-2.4492935982947064e-16,1.0,-0.9749279121818236,-0.2225209339563146,0,0,1,2076429.7,2095572.96,5114979.4,5281806.7,2291920.41,2320486.62,2550367.78,2095931.27,1855814.16,1814623.65
2015-12-06,2028034.94,2013778.51,Train,2015,12,6,6,1,4,0,0,-2.4492935982947064e-16,1.0,-0.7818314824680299,0.6234898018587334,0,0,1,2287846.3,2292826.58,5018236.03,4955536.7,3070301.17,3152837.2,3113759.4,2524846.93,2498471.96,2457252.11
2015-12-07,2286683.02,2364273.69,Train,2015,12,7,0,0,4,0,0,-2.4492935982947064e-16,1.0,0.0,1.0,0,0,1,2028034.94,2013778.51,4031497.64,4065929.95,2329823.55,2370762.85,2523233.52,2111797.74,2209128.82,2214964.0
2015-12-08,2785090.6,2715044.46,Train,2015,12,8,1,0,4,0,0,-2.4492935982947064e-16,1.0,0.7818314824680298,0.6234898018587336,0,0,1,2286683.02,2364273.69,3221463.05,3262618.05,1994420.05,2017128.44,4183206.42,3467217.26,3029845.63,2938276.72
2015-12-09,1648123.41,1664248.89,Train,2015,12,9,2,0,4,0,0,-2.4492935982947064e-16,1.0,0.9749279121818236,-0.22252093395631434,0,0,1,2785090.6,2715044.46,953639.35,978207.15,1994246.64,2069297.94,3409517.01,2730600.71,3265900.4,3069037.78
2015-12-10,2450848.03,2579079.6,Train,2015,12,10,3,0,4,0,0,-2.4492935982947064e-16,1.0,0.43388373911755823,-0.900968867902419,0,0,1,1648123.41,1664248.89,1852279.15,1907081.99,3361942.92,3392781.25,3237404.66,2600539.96,2659858.85,2559688.79
2015-12-11,2027594.98,1955884.16,Train,2015,12,11,4,0,4,0,0,-2.4492935982947064e-16,1.0,-0.433883739117558,-0.9009688679024191,0,0,1,2450848.03,2579079.6,2076429.7,2095572.96,5242225.8,5137790.23,2928494.89,2445001.94,2499031.03,2479880.93
2015-12-12,2888573.7,2824587.14,Train,2015,12,12,5,1,4,0,0,-2.4492935982947064e-16,1.0,-0.9749279121818236,-0.2225209339563146,0,0,1,2027594.98,1955884.16,2287846.3,2292826.58,5114979.4,5281806.7,3900732.76,3072175.13,2451281.84,2348048.7
2015-12-13,3442735.4,3382073.59,Train,2015,12,13,6,1,4,0,0,-2.4492935982947064e-16,1.0,-0.7818314824680299,0.6234898018587334,0,0,1,2888573.7,2824587.14,2028034.94,2013778.51,5018236.03,4955536.7,3144926.75,2547598.28,2618181.33,2655502.75
2015-12-14,3272227.86,3176504.37,Train,2015,12,14,0,0,4,0,0,-2.4492935982947064e-16,1.0,0.0,1.0,0,0,1,3442735.4,3382073.59,2286683.02,2364273.69,4031497.64,4065929.95,4369752.69,3445998.98,2868448.18,2822169.24
2015-12-15,3089177.63,3106617.67,Train,2015,12,15,1,0,4,0,0,-2.4492935982947064e-16,1.0,0.7818314824680298,0.6234898018587336,0,0,1,3272227.86,3176504.37,2785090.6,2715044.46,3221463.05,3262618.05,4297274.47,3488973.66,3675108.42,3622573.69
2015-12-16,2310884.14,2367574.49,Train,2015,12,16,2,0,4,0,0,-2.4492935982947064e-16,1.0,0.9749279121818236,-0.22252093395631434,0,0,1,3089177.63,3106617.67,1648123.41,1664248.89,953639.35,978207.15,4316238.63,3541079.15,3587166.39,3452397.12
2015-12-17,2671287.02,2646046.82,Train,2015,12,17,3,0,4,0,0,-2.4492935982947064e-16,1.0,0.43388373911755823,-0.900968867902419,0,0,1,2310884.14,2367574.49,2450848.03,2579079.6,1852279.15,1907081.99,3035948.85,2418023.08,2950563.8,2911687.56
2015-12-18,2923802.97,2954646.8,Train,2015,12,18,4,0,4,0,0,-2.4492935982947064e-16,1.0,-0.433883739117558,-0.9009688679024191,0,0,1,2671287.02,2646046.82,2027594.98,1955884.16,2076429.7,2095572.96,3208924.12,2787131.03,2684991.91,2614938.98
2015-12-19,2965218.72,3081409.43,Train,2015,12,19,5,1,4,0,0,-2.4492935982947064e-16,1.0,-0.9749279121818236,-0.2225209339563146,0,0,1,2923802.97,2954646.8,2888573.7,2824587.14,2287846.3,2292826.58,2934934.24,2722267.8,3424258.6,3465424.79
2015-12-20,3613917.61,3711607.1,Train,2015,12,20,6,1,4,0,0,-2.4492935982947064e-16,1.0,-0.7818314824680299,0.6234898018587334,0,0,1,2965218.72,3081409.43,3442735.4,3382073.59,2028034.94,2013778.51,3389498.76,3170548.9,3898670.99,3764085.99
2015-12-21,5050481.76,5131271.18,Train,2015,12,21,0,0,4,0,0,-2.4492935982947064e-16,1.0,0.0,1.0,0,0,1,3613917.61,3711607.1,3272227.86,3176504.37,2286683.02,2364273.69,2291920.41,2320486.62,4372128.59,4286124.01
2015-12-22,3719442.83,3727031.54,Train,2015,12,22,1,0,4,0,0,-2.4492935982947064e-16,1.0,0.7818314824680298,0.6234898018587336,0,0,1,5050481.76,5131271.18,3089177.63,3106617.67,2785090.6,2715044.46,3070301.17,3152837.2,3430574.36,3435107.36
2015-12-23,3656481.63,3646146.76,Train,2015,12,23,2,0,4,0,0,-2.4492935982947064e-16,1.0,0.9749279121818236,-0.22252093395631434,0,0,1,3719442.83,3727031.54,2310884.14,2367574.49,1648123.41,1664248.89,2329823.55,2370762.85,2791569.02,2665014.26
2015-12-24,2398336.72,2262884.17,Train,2015,12,24,3,0,4,0,0,-2.4492935982947064e-16,1.0,0.43388373911755823,-0.900968867902419,0,0,1,3656481.63,3646146.76,2671287.02,2646046.82,2450848.03,2579079.6,1994420.05,2017128.44,2610156.84,2591612.44
2015-12-25,3229207.58,3048061.85,Train,2015,12,25,4,0,4,0,0,-2.4492935982947064e-16,1.0,-0.433883739117558,-0.9009688679024191,0,0,1,2398336.72,2262884.17,2923802.97,2954646.8,2027594.98,1955884.16,1994246.64,2069297.94,2573745.23,2584515.85
2015-12-26,3645783.09,3633106.61,Train,2015,12,26,5,1,4,0,0,-2.4492935982947064e-16,1.0,-0.9749279121818236,-0.2225209339563146,0,0,1,3229207.58,3048061.85,2965218.72,3081409.43,2888573.7,2824587.14,3361942.92,3392781.25,2922497.3,2877653.62
2015-12-27,5096354.17,5095420.51,Train,2015,12,27,6,1,4,0,0,-2.4492935982947064e-16,1.0,-0.7818314824680299,0.6234898018587334,0,0,1,3645783.09,3633106.61,3613917.61,3711607.1,3442735.4,3382073.59,5242225.8,5137790.23,3575283.76,3538078.72
2015-12-28,8179976.67,8163764.62,Train,2015,12,28,0,0,4,0,0,-2.4492935982947064e-16,1.0,0.0,1.0,0,0,1,5096354.17,5095420.51,5050481.76,5131271.18,3272227.86,3176504.37,5114979.4,5281806.7,8484445.21,8405135.96
2015-12-29,7760149.23,7689336.24,Train,2015,12,29,1,0,4,0,0,-2.4492935982947064e-16,1.0,0.7818314824680298,0.6234898018587336,0,0,1,8179976.67,8163764.62,3719442.83,3727031.54,3089177.63,3106617.67,5018236.03,4955536.7,7063840.79,6908131.26
2015-12-30,5941753.52,5888436.34,Train,2015,12,30,2,0,4,0,0,-2.4492935982947064e-16,1.0,0.9749279121818236,-0.22252093395631434,0,0,1,7760149.23,7689336.24,3656481.63,3646146.76,2310884.14,2367574.49,4031497.64,4065929.95,5708142.92,5488862.89
2015-12-31,6375571.66,6217888.06,Train,2015,12,31,3,0,4,0,1,-2.4492935982947064e-16,1.0,0.43388373911755823,-0.900968867902419,0,0,1,5941753.52,5888436.34,2398336.72,2262884.17,2671287.02,2646046.82,3221463.05,3262618.05,5625288.94,5528179.38
2016-01-01,5846204.33,5354701.23,Train,2016,1,1,4,0,1,1,0,0.49999999999999994,0.8660254037844387,-0.433883739117558,-0.9009688679024191,1,0,1,6375571.66,6217888.06,3229207.58,3048061.85,2923802.97,2954646.8,953639.35,978207.15,4576460.18,4315048.16
2016-01-02,2558616.91,2072521.54,Train,2016,1,2,5,1,1,0,0,0.49999999999999994,0.8660254037844387,-0.9749279121818236,-0.2225209339563146,0,0,1,5846204.33,5354701.23,3645783.09,3633106.61,2965218.72,3081409.43,1852279.15,1907081.99,1625420.31,1281805.11
2016-01-03,2744446.82,2169775.39,Train,2016,1,3,6,1,1,0,0,0.49999999999999994,0.8660254037844387,-0.7818314824680299,0.6234898018587334,0,0,0,2558616.91,2072521.54,5096354.17,5095420.51,3613917.61,3711607.1,2076429.7,2095572.96,1176312.94,876576.96
2016-01-04,2387838.0,1861702.6,Train,2016,1,4,0,0,1,0,0,0.49999999999999994,0.8660254037844387,0.0,1.0,0,0,0,2744446.82,2169775.39,8179976.67,8163764.62,5050481.76,5131271.18,2287846.3,2292826.58,2651400.23,2169221.09
2016-01-05,1557710.07,1249444.02,Train,2016,1,5,1,0,1,0,0,0.49999999999999994,0.8660254037844387,0.7818314824680298,0.6234898018587336,0,0,0,2387838.0,1861702.6,7760149.23,7689336.24,3719442.83,3727031.54,2028034.94,2013778.51,2457539.39,1930809.0
2016-01-06,2337143.16,1917221.35,Train,2016,1,6,2,0,1,0,0,0.49999999999999994,0.8660254037844387,0.9749279121818236,-0.22252093395631434,0,0,0,1557710.07,1249444.02,5941753.52,5888436.34,3656481.63,3646146.76,2286683.02,2364273.69,1621284.62,1301383.65
2016-01-07,2503287.51,2024858.69,Train,2016,1,7,3,0,1,0,0,0.49999999999999994,0.8660254037844387,0.43388373911755823,-0.900968867902419,0,0,0,2337143.16,1917221.35,6375571.66,6217888.06,2398336.72,2262884.17,2785090.6,2715044.46,1981408.07,1560596.56
2016-01-08,2738103.45,2202044.96,Train,2016,1,8,4,0,1,0,0,0.49999999999999994,0.8660254037844387,-0.433883739117558,-0.9009688679024191,0,0,0,2503287.51,2024858.69,5846204.33,5354701.23,3229207.58,3048061.85,1648123.41,1664248.89,1318438.15,1057739.56
2016-01-09,3026961.32,2446095.09,Train,2016,1,9,5,1,1,0,0,0.49999999999999994,0.8660254037844387,-0.9749279121818236,-0.2225209339563146,0,0,0,2738103.45,2202044.96,2558616.91,2072521.54,3645783.09,3633106.61,2450848.03,2579079.6,2144901.8,1679915.91
2016-01-10,4122392.05,3201417.67,Train,2016,1,10,6,1,1,0,0,0.49999999999999994,0.8660254037844387,-0.7818314824680299,0.6234898018587334,0,0,0,3026961.32,2446095.09,2744446.82,2169775.39,5096354.17,5095420.51,2027594.98,1955884.16,1830727.22,1385986.39
2016-01-11,3434076.67,2780091.13,Train,2016,1,11,0,0,1,0,0,0.49999999999999994,0.8660254037844387,0.0,1.0,0,0,0,4122392.05,3201417.67,2387838.0,1861702.6,8179976.67,8163764.62,2888573.7,2824587.14,3254430.17,2604455.39
2016-01-12,2627637.47,2110300.27,Train,2016,1,12,1,0,1,0,0,0.49999999999999994,0.8660254037844387,0.7818314824680298,0.6234898018587336,0,0,0,3434076.67,2780091.13,1557710.07,1249444.02,7760149.23,7689336.24,3442735.4,3382073.59,2427966.79,1902989.93
2016-01-13,2268324.18,1914275.35,Train,2016,1,13,2,0,1,0,0,0.49999999999999994,0.8660254037844387,0.9749279121818236,-0.22252093395631434,0,0,0,2627637.47,2110300.27,2337143.16,1917221.35,5941753.52,5888436.34,3272227.86,3176504.37,2138729.21,1742327.89
2016-01-14,3247398.41,2705497.94,Train,2016,1,14,3,0,1,0,0,0.49999999999999994,0.8660254037844387,0.43388373911755823,-0.900968867902419,0,0,0,2268324.18,1914275.35,2503287.51,2024858.69,6375571.66,6217888.06,3089177.63,3106617.67,2835456.9,2191456.13
2016-01-15,3532606.36,3003599.85,Train,2016,1,15,4,0,1,0,0,0.49999999999999994,0.8660254037844387,-0.433883739117558,-0.9009688679024191,0,0,0,3247398.41,2705497.94,2738103.45,2202044.96,5846204.33,5354701.23,2310884.14,2367574.49,2047933.05,1631831.77
2016-01-16,3856871.3,3138016.53,Train,2016,1,16,5,1,1,0,0,0.49999999999999994,0.8660254037844387,-0.9749279121818236,-0.2225209339563146,0,0,0,3532606.36,3003599.85,3026961.32,2446095.09,2558616.91,2072521.54,2671287.02,2646046.82,2569213.44,2030636.7
2016-01-17,4229318.34,3477169.21,Train,2016,1,17,6,1,1,0,0,0.49999999999999994,0.8660254037844387,-0.7818314824680299,0.6234898018587334,0,0,0,3856871.3,3138016.53,4122392.05,3201417.67,2744446.82,2169775.39,2923802.97,2954646.8,2588700.22,2035239.72
2016-01-18,4105149.52,3409714.29,Train,2016,1,18,0,0,1,0,0,0.49999999999999994,0.8660254037844387,0.0,1.0,0,0,0,4229318.34,3477169.21,3434076.67,2780091.13,2387838.0,1861702.6,2965218.72,3081409.43,3021302.7,2433685.6
2016-01-19,2818234.03,2313238.83,Train,2016,1,19,1,0,1,0,0,0.49999999999999994,0.8660254037844387,0.7818314824680298,0.6234898018587336,0,0,0,4105149.52,3409714.29,2627637.47,2110300.27,1557710.07,1249444.02,3613917.61,3711607.1,2851705.68,2258471.9
2016-01-20,2842888.66,2294689.37,Train,2016,1,20,2,0,1,0,0,0.49999999999999994,0.8660254037844387,0.9749279121818236,-0.22252093395631434,0,0,0,2818234.03,2313238.83,2268324.18,1914275.35,2337143.16,1917221.35,5050481.76,5131271.18,2455411.13,1957537.38
2016-01-21,3981191.66,3293021.93,Train,2016,1,21,3,0,1,0,0,0.49999999999999994,0.8660254037844387,0.43388373911755823,-0.900968867902419,0,0,0,2842888.66,2294689.37,3247398.41,2705497.94,2503287.51,2024858.69,3719442.83,3727031.54,2603856.87,2019373.54
2016-01-22,3322730.4,2667153.86,Train,2016,1,22,4,0,1,0,0,0.49999999999999994,0.8660254037844387,-0.433883739117558,-0.9009688679024191,0,0,0,3981191.66,3293021.93,3532606.36,3003599.85,2738103.45,2202044.96,3656481.63,3646146.76,2683523.21,2190572.01
2016-01-23,3998813.29,3324513.23,Train,2016,1,23,5,1,1,0,0,0.49999999999999994,0.8660254037844387,-0.9749279121818236,-0.2225209339563146,0,0,0,3322730.4,2667153.86,3856871.3,3138016.53,3026961.32,2446095.09,2398336.72,2262884.17,2703262.73,2149537.87
2016-01-24,4734624.57,3904936.72,Train,2016,1,24,6,1,1,0,0,0.49999999999999994,0.8660254037844387,-0.7818314824680299,0.6234898018587334,0,0,0,3998813.29,3324513.23,4229318.34,3477169.21,4122392.05,3201417.67,3229207.58,3048061.85,4004609.82,3181968.24
2016-01-25,5007306.32,4047871.63,Train,2016,1,25,0,0,1,0,0,0.49999999999999994,0.8660254037844387,0.0,1.0,0,0,0,4734624.57,3904936.72,4105149.52,3409714.29,3434076.67,2780091.13,3645783.09,3633106.61,4665645.74,3747345.78
2016-01-26,3544741.3,2876880.62,Train,2016,1,26,1,0,1,0,0,0.49999999999999994,0.8660254037844387,0.7818314824680298,0.6234898018587336,0,0,0,5007306.32,4047871.63,2818234.03,2313238.83,2627637.47,2110300.27,5096354.17,5095420.51,4084367.08,3209020.3
2016-01-27,4728554.45,3994526.08,Train,2016,1,27,2,0,1,0,0,0.49999999999999994,0.8660254037844387,0.9749279121818236,-0.22252093395631434,0,0,0,3544741.3,2876880.62,2842888.66,2294689.37,2268324.18,1914275.35,8179976.67,8163764.62,3116141.82,2455632.77
2016-01-28,6717660.92,5529962.06,Train,2016,1,28,3,0,1,0,0,0.49999999999999994,0.8660254037844387,0.43388373911755823,-0.900968867902419,0,0,0,4728554.45,3994526.08,3981191.66,3293021.93,3247398.41,2705497.94,7760149.23,7689336.24,4612174.41,3603868.33
2016-01-29,5013253.01,4078543.96,Train,2016,1,29,4,0,1,0,0,0.49999999999999994,0.8660254037844387,-0.433883739117558,-0.9009688679024191,0,0,0,6717660.92,5529962.06,3322730.4,2667153.86,3532606.36,3003599.85,5941753.52,5888436.34,5300109.93,4295752.25
2016-01-30,6920879.78,5546795.93,Train,2016,1,30,5,1,1,0,0,0.49999999999999994,0.8660254037844387,-0.9749279121818236,-0.2225209339563146,0,0,0,5013253.01,4078543.96,3998813.29,3324513.23,3856871.3,3138016.53,6375571.66,6217888.06,4336302.07,3457573.62
2016-01-31,6449751.32,5251383.47,Train,2016,1,31,6,1,1,0,1,0.49999999999999994,0.8660254037844387,-0.7818314824680299,0.6234898018587334,0,0,0,6920879.78,5546795.93,4734624.57,3904936.72,4229318.34,3477169.21,5846204.33,5354701.23,4195901.17,3269383.7
2016-02-01,5200767.32,4131331.82,Train,2016,2,1,0,0,1,1,0,0.8660254037844386,0.5000000000000001,0.0,1.0,0,0,0,6449751.32,5251383.47,5007306.32,4047871.63,4105149.52,3409714.29,2558616.91,2072521.54,4977201.37,4063980.38
2016-02-02,2966994.87,2413250.92,Train,2016,2,2,1,0,1,0,0,0.8660254037844386,0.5000000000000001,0.7818314824680298,0.6234898018587336,0,0,0,5200767.32,4131331.82,3544741.3,2876880.62,2818234.03,2313238.83,2744446.82,2169775.39,2901454.29,2325361.53
2016-02-03,2273911.2,1841992.31,Train,2016,2,3,2,0,1,0,0,0.8660254037844386,0.5000000000000001,0.9749279121818236,-0.22252093395631434,0,0,0,2966994.87,2413250.92,4728554.45,3994526.08,2842888.66,2294689.37,2387838.0,1861702.6,1779457.49,1427675.21
2016-02-04,2819439.59,2305544.16,Train,2016,2,4,3,0,1,0,0,0.8660254037844386,0.5000000000000001,0.43388373911755823,-0.900968867902419,0,0,0,2273911.2,1841992.31,6717660.92,5529962.06,3981191.66,3293021.93,1557710.07,1249444.02,2496729.14,2129083.48
2016-02-05,3680939.41,2987435.62,Train,2016,2,5,4,0,1,0,0,0.8660254037844386,0.5000000000000001,-0.433883739117558,-0.9009688679024191,0,0,0,2819439.59,2305544.16,5013253.01,4078543.96,3322730.4,2667153.86,2337143.16,1917221.35,2500351.24,2064567.04
2016-02-06,4735761.79,3973322.09,Train,2016,2,6,5,1,1,0,0,0.8660254037844386,0.5000000000000001,-0.9749279121818236,-0.2225209339563146,0,0,0,3680939.41,2987435.62,6920879.78,5546795.93,3998813.29,3324513.23,2503287.51,2024858.69,3457294.9,2699578.13
2016-02-07,4032333.88,3144310.26,Train,2016,2,7,6,1,1,0,0,0.8660254037844386,0.5000000000000001,-0.7818314824680299,0.6234898018587334,0,0,0,4735761.79,3973322.09,6449751.32,5251383.47,4734624.57,3904936.72,2738103.45,2202044.96,3570886.94,2952636.69
2016-02-08,3848593.44,3120549.68,Train,2016,2,8,0,0,1,0,0,0.8660254037844386,0.5000000000000001,0.0,1.0,0,0,0,4032333.88,3144310.26,5200767.32,4131331.82,5007306.32,4047871.63,3026961.32,2446095.09,4197082.23,3455113.24
2016-02-09,3979641.11,3286349.1,Train,2016,2,9,1,0,1,0,0,0.8660254037844386,0.5000000000000001,0.7818314824680298,0.6234898018587336,0,0,0,3848593.44,3120549.68,2966994.87,2413250.92,3544741.3,2876880.62,4122392.05,3201417.67,4490187.64,3675813.84
2016-02-10,3448601.24,2764263.83,Train,2016,2,10,2,0,1,0,0,0.8660254037844386,0.5000000000000001,0.9749279121818236,-0.22252093395631434,0,0,0,3979641.11,3286349.1,2273911.2,1841992.31,4728554.45,3994526.08,3434076.67,2780091.13,2813867.9,2247526.75
2016-02-11,3717348.88,3000678.76,Train,2016,2,11,3,0,1,0,0,0.8660254037844386,0.5000000000000001,0.43388373911755823,-0.900968867902419,0,0,0,3448601.24,2764263.83,2819439.59,2305544.16,6717660.92,5529962.06,2627637.47,2110300.27,3311241.3,2623112.64
2016-02-12,4035900.93,3269439.67,Train,2016,2,12,4,0,1,0,0,0.8660254037844386,0.5000000000000001,-0.433883739117558,-0.9009688679024191,0,0,0,3717348.88,3000678.76,3680939.41,2987435.62,5013253.01,4078543.96,2268324.18,1914275.35,3468141.29,2797170.91
2016-02-13,4701818.64,3727060.93,Train,2016,2,13,5,1,1,0,0,0.8660254037844386,0.5000000000000001,-0.9749279121818236,-0.2225209339563146,0,0,0,4035900.93,3269439.67,4735761.79,3973322.09,6920879.78,5546795.93,3247398.41,2705497.94,4164849.99,3458801.88
2016-02-14,4925684.12,4030980.54,Train,2016,2,14,6,1,1,0,0,0.8660254037844386,0.5000000000000001,-0.7818314824680299,0.6234898018587334,0,0,0,4701818.64,3727060.93,4032333.88,3144310.26,6449751.32,5251383.47,3532606.36,3003599.85,4312422.12,3541992.72
2016-02-15,4588032.77,3702428.02,Train,2016,2,15,0,0,1,0,0,0.8660254037844386,0.5000000000000001,0.0,1.0,0,0,0,4925684.12,4030980.54,3848593.44,3120549.68,5200767.32,4131331.82,3856871.3,3138016.53,4757224.49,3925128.98
2016-02-16,3941056.12,3209642.29,Train,2016,2,16,1,0,1,0,0,0.8660254037844386,0.5000000000000001,0.7818314824680298,0.6234898018587336,0,0,0,4588032.77,3702428.02,3979641.11,3286349.1,2966994.87,2413250.92,4229318.34,3477169.21,4817928.66,3988291.36
2016-02-17,2962078.99,2374063.71,Train,2016,2,17,2,0,1,0,0,0.8660254037844386,0.5000000000000001,0.9749279121818236,-0.22252093395631434,0,0,0,3941056.12,3209642.29,3448601.24,2764263.83,2273911.2,1841992.31,4105149.52,3409714.29,4293160.67,3537248.79
2016-02-18,4009498.5,3301336.9,Train,2016,2,18,3,0,1,0,0,0.8660254037844386,0.5000000000000001,0.43388373911755823,-0.900968867902419,0,0,0,2962078.99,2374063.71,3717348.88,3000678.76,2819439.59,2305544.16,2818234.03,2313238.83,3209407.04,2685036.44
2016-02-19,4571419.08,3665043.13,Train,2016,2,19,4,0,1,0,0,0.8660254037844386,0.5000000000000001,-0.433883739117558,-0.9009688679024191,0,0,0,4009498.5,3301336.9,4035900.93,3269439.67,3680939.41,2987435.62,2842888.66,2294689.37,3793775.02,3109300.19
2016-02-20,5176883.79,4193086.14,Train,2016,2,20,5,1,1,0,0,0.8660254037844386,0.5000000000000001,-0.9749279121818236,-0.2225209339563146,0,0,0,4571419.08,3665043.13,4701818.64,3727060.93,4735761.79,3973322.09,3981191.66,3293021.93,4760336.65,3942085.3
2016-02-21,4758472.96,3843027.26,Train,2016,2,21,6,1,1,0,0,0.8660254037844386,0.5000000000000001,-0.7818314824680299,0.6234898018587334,0,0,0,5176883.79,4193086.14,4925684.12,4030980.54,4032333.88,3144310.26,3322730.4,2667153.86,4368539.08,3544819.23
2016-02-22,4721935.01,3825599.58,Train,2016,2,22,0,0,1,0,0,0.8660254037844386,0.5000000000000001,0.0,1.0,0,0,0,4758472.96,3843027.26,4588032.77,3702428.02,3848593.44,3120549.68,3998813.29,3324513.23,5784606.22,4804964.15
2016-02-23,4550216.22,3722357.32,Train,2016,2,23,1,0,1,0,0,0.8660254037844386,0.5000000000000001,0.7818314824680298,0.6234898018587336,0,0,0,4721935.01,3825599.58,3941056.12,3209642.29,3979641.11,3286349.1,4734624.57,3904936.72,7360399.98,5966271.62
2016-02-24,5790273.07,4665515.38,Train,2016,2,24,2,0,1,0,0,0.8660254037844386,0.5000000000000001,0.9749279121818236,-0.22252093395631434,0,0,0,4550216.22,3722357.32,2962078.99,2374063.71,3448601.24,2764263.83,5007306.32,4047871.63,5473140.47,4450268.77
2016-02-25,7677182.49,6237906.21,Train,2016,2,25,3,0,1,0,0,0.8660254037844386,0.5000000000000001,0.43388373911755823,-0.900968867902419,0,0,0,5790273.07,4665515.38,4009498.5,3301336.9,3717348.88,3000678.76,3544741.3,2876880.62,8502202.85,7083827.01
2016-02-26,7096236.89,5762106.77,Train,2016,2,26,4,0,1,0,0,0.8660254037844386,0.5000000000000001,-0.433883739117558,-0.9009688679024191,0,0,0,7677182.49,6237906.21,4571419.08,3665043.13,4035900.93,3269439.67,4728554.45,3994526.08,6528340.52,5386905.64
2016-02-27,6837275.28,5301081.64,Train,2016,2,27,5,1,1,0,0,0.8660254037844386,0.5000000000000001,-0.9749279121818236,-0.2225209339563146,0,0,0,7096236.89,5762106.77,5176883.79,4193086.14,4701818.64,3727060.93,6717660.92,5529962.06,4695415.58,3896449.69
2016-02-28,5117740.12,4142676.19,Train,2016,2,28,6,1,1,0,0,0.8660254037844386,0.5000000000000001,-0.7818314824680299,0.6234898018587334,0,0,0,6837275.28,5301081.64,4758472.96,3843027.26,4925684.12,4030980.54,5013253.01,4078543.96,3896812.17,3287398.94
2016-02-29,3529083.59,2843903.05,Train,2016,2,29,0,0,1,0,1,0.8660254037844386,0.5000000000000001,0.0,1.0,0,0,0,5117740.12,4142676.19,4721935.01,3825599.58,4588032.77,3702428.02,6920879.78,5546795.93,4612623.19,3760240.57
2016-03-01,709982.79,623398.17,Train,2016,3,1,1,0,1,1,0,1.0,6.123233995736766e-17,0.7818314824680298,0.6234898018587336,0,0,0,3529083.59,2843903.05,4550216.22,3722357.32,3941056.12,3209642.29,6449751.32,5251383.47,1204115.66,996728.16
2016-03-02,1479744.0,1243049.71,Train,2016,3,2,2,0,1,0,0,1.0,6.123233995736766e-17,0.9749279121818236,-0.22252093395631434,0,0,0,709982.79,623398.17,5790273.07,4665515.38,2962078.99,2374063.71,5200767.32,4131331.82,2971078.12,2450231.82
2016-03-03,2251060.05,1853979.92,Train,2016,3,3,3,0,1,0,0,1.0,6.123233995736766e-17,0.43388373911755823,-0.900968867902419,0,0,0,1479744.0,1243049.71,7677182.49,6237906.21,4009498.5,3301336.9,2966994.87,2413250.92,3275231.73,2540097.74
2016-03-04,2778579.79,2305820.78,Train,2016,3,4,4,0,1,0,0,1.0,6.123233995736766e-17,-0.433883739117558,-0.9009688679024191,0,0,0,2251060.05,1853979.92,7096236.89,5762106.77,4571419.08,3665043.13,2273911.2,1841992.31,3623778.02,2818823.69
2016-03-05,3472294.22,2819038.04,Train,2016,3,5,5,1,1,0,0,1.0,6.123233995736766e-17,-0.9749279121818236,-0.2225209339563146,0,0,0,2778579.79,2305820.78,6837275.28,5301081.64,5176883.79,4193086.14,2819439.59,2305544.16,4126698.63,3333077.32
2016-03-06,3501407.51,2754054.05,Train,2016,3,6,6,1,1,0,0,1.0,6.123233995736766e-17,-0.7818314824680299,0.6234898018587334,0,0,0,3472294.22,2819038.04,5117740.12,4142676.19,4758472.96,3843027.26,3680939.41,2987435.62,3652751.16,2946148.77
2016-03-07,4275566.76,3544887.63,Train,2016,3,7,0,0,1,0,0,1.0,6.123233995736766e-17,0.0,1.0,0,0,0,3501407.51,2754054.05,3529083.59,2843903.05,4721935.01,3825599.58,4735761.79,3973322.09,3679065.16,2903799.07
2016-03-08,4693887.34,3819333.06,Train,2016,3,8,1,0,1,0,0,1.0,6.123233995736766e-17,0.7818314824680298,0.6234898018587336,0,0,0,4275566.76,3544887.63,709982.79,623398.17,4550216.22,3722357.32,4032333.88,3144310.26,4520902.2,3610296.4
2016-03-09,5050829.68,4101613.27,Train,2016,3,9,2,0,1,0,0,1.0,6.123233995736766e-17,0.9749279121818236,-0.22252093395631434,0,0,0,4693887.34,3819333.06,1479744.0,1243049.71,5790273.07,4665515.38,3848593.44,3120549.68,5042080.93,3980962.03
2016-03-10,7374516.48,5983967.59,Train,2016,3,10,3,0,1,0,0,1.0,6.123233995736766e-17,0.43388373911755823,-0.900968867902419,0,0,0,5050829.68,4101613.27,2251060.05,1853979.92,7677182.49,6237906.21,3979641.11,3286349.1,6098020.8,4928286.75
2016-03-11,6281759.31,5065973.55,Train,2016,3,11,4,0,1,0,0,1.0,6.123233995736766e-17,-0.433883739117558,-0.9009688679024191,0,0,0,7374516.48,5983967.59,2778579.79,2305820.78,7096236.89,5762106.77,3448601.24,2764263.83,4869770.72,3760439.95
2016-03-12,4673863.75,3853834.05,Train,2016,3,12,5,1,1,0,0,1.0,6.123233995736766e-17,-0.9749279121818236,-0.2225209339563146,0,0,0,6281759.31,5065973.55,3472294.22,2819038.04,6837275.28,5301081.64,3717348.88,3000678.76,3474969.89,2712283.16
2016-03-13,4655322.31,3707033.48,Train,2016,3,13,6,1,1,0,0,1.0,6.123233995736766e-17,-0.7818314824680299,0.6234898018587334,0,0,0,4673863.75,3853834.05,3501407.51,2754054.05,5117740.12,4142676.19,4035900.93,3269439.67,4711284.42,3671123.8
2016-03-14,5214530.57,4150309.08,Train,2016,3,14,0,0,1,0,0,1.0,6.123233995736766e-17,0.0,1.0,0,0,0,4655322.31,3707033.48,4275566.76,3544887.63,3529083.59,2843903.05,4701818.64,3727060.93,5040735.75,4008157.53
2016-03-15,5319085.92,4384259.36,Train,2016,3,15,1,0,1,0,0,1.0,6.123233995736766e-17,0.7818314824680298,0.6234898018587336,0,0,0,5214530.57,4150309.08,4693887.34,3819333.06,709982.79,623398.17,4925684.12,4030980.54,5602879.7,4422966.9
2016-03-16,6412758.35,5219744.05,Train,2016,3,16,2,0,1,0,0,1.0,6.123233995736766e-17,0.9749279121818236,-0.22252093395631434,0,0,0,5319085.92,4384259.36,5050829.68,4101613.27,1479744.0,1243049.71,4588032.77,3702428.02,5692241.74,4623906.32
2016-03-17,8569336.81,6809198.69,Train,2016,3,17,3,0,1,0,0,1.0,6.123233995736766e-17,0.43388373911755823,-0.900968867902419,0,0,0,6412758.35,5219744.05,7374516.48,5983967.59,2251060.05,1853979.92,3941056.12,3209642.29,6793794.72,5583548.33
2016-03-18,6917674.02,5792586.92,Train,2016,3,18,4,0,1,0,0,1.0,6.123233995736766e-17,-0.433883739117558,-0.9009688679024191,0,0,1,8569336.81,6809198.69,6281759.31,5065973.55,2778579.79,2305820.78,2962078.99,2374063.71,6012381.06,5053767.27
2016-03-19,5852909.53,4990341.15,Train,2016,3,19,5,1,1,0,0,1.0,6.123233995736766e-17,-0.9749279121818236,-0.2225209339563146,0,0,1,6917674.02,5792586.92,4673863.75,3853834.05,3472294.22,2819038.04,4009498.5,3301336.9,4887915.96,4122124.89
2016-03-20,4759469.17,3951071.76,Train,2016,3,20,6,1,1,0,0,1.0,6.123233995736766e-17,-0.7818314824680299,0.6234898018587334,0,0,1,5852909.53,4990341.15,4655322.31,3707033.48,3501407.51,2754054.05,4571419.08,3665043.13,4566270.71,4002288.11
2016-03-21,5534732.74,4759221.87,Train,2016,3,21,0,0,1,0,0,1.0,6.123233995736766e-17,0.0,1.0,0,0,1,4759469.17,3951071.76,5214530.57,4150309.08,4275566.76,3544887.63,5176883.79,4193086.14,5271032.0,4721422.49
2016-03-22,5449314.63,4970365.56,Train,2016,3,22,1,0,1,0,0,1.0,6.123233995736766e-17,0.7818314824680298,0.6234898018587336,0,0,1,5534732.74,4759221.87,5319085.92,4384259.36,4693887.34,3819333.06,4758472.96,3843027.26,5172623.98,4663072.48
2016-03-23,6046593.49,5532819.27,Train,2016,3,23,2,0,1,0,0,1.0,6.123233995736766e-17,0.9749279121818236,-0.22252093395631434,0,0,1,5449314.63,4970365.56,6412758.35,5219744.05,5050829.68,4101613.27,4721935.01,3825599.58,6187718.83,5662250.07
2016-03-24,7933448.72,7157854.93,Train,2016,3,24,3,0,1,0,0,1.0,6.123233995736766e-17,0.43388373911755823,-0.900968867902419,0,0,1,6046593.49,5532819.27,8569336.81,6809198.69,7374516.48,5983967.59,4550216.22,3722357.32,6763449.95,6062883.43
2016-03-25,7008643.3,6273523.88,Train,2016,3,25,4,0,1,0,0,1.0,6.123233995736766e-17,-0.433883739117558,-0.9009688679024191,0,0,1,7933448.72,7157854.93,6917674.02,5792586.92,6281759.31,5065973.55,5790273.07,4665515.38,6983791.47,6190732.25
2016-03-26,5197781.65,4790136.82,Train,2016,3,26,5,1,1,0,0,1.0,6.123233995736766e-17,-0.9749279121818236,-0.2225209339563146,0,0,1,7008643.3,6273523.88,5852909.53,4990341.15,4673863.75,3853834.05,7677182.49,6237906.21,5007891.27,4516109.24
2016-03-27,6141114.6,5639995.87,Train,2016,3,27,6,1,1,0,0,1.0,6.123233995736766e-17,-0.7818314824680299,0.6234898018587334,0,0,1,5197781.65,4790136.82,4759469.17,3951071.76,4655322.31,3707033.48,7096236.89,5762106.77,5941997.22,5296480.62
2016-03-28,5291170.65,4853169.6,Train,2016,3,28,0,0,1,0,0,1.0,6.123233995736766e-17,0.0,1.0,0,0,1,6141114.6,5639995.87,5534732.74,4759221.87,5214530.57,4150309.08,6837275.28,5301081.64,6087900.7,5431213.47
2016-03-29,7521778.94,6878616.36,Train,2016,3,29,1,0,1,0,0,1.0,6.123233995736766e-17,0.7818314824680298,0.6234898018587336,0,0,1,5291170.65,4853169.6,5449314.63,4970365.56,5319085.92,4384259.36,5117740.12,4142676.19,14251354.04,12890205.46
2016-03-30,14545392.64,13412468.3,Train,2016,3,30,2,0,1,0,0,1.0,6.123233995736766e-17,0.9749279121818236,-0.22252093395631434,0,0,1,7521778.94,6878616.36,6046593.49,5532819.27,6412758.35,5219744.05,3529083.59,2843903.05,14813965.34,13306811.36
2016-03-31,14231299.73,12932629.87,Train,2016,3,31,3,0,1,0,1,1.0,6.123233995736766e-17,0.43388373911755823,-0.900968867902419,0,0,1,14545392.64,13412468.3,7933448.72,7157854.93,8569336.81,6809198.69,709982.79,623398.17,13697879.88,12323133.99
2016-04-01,12298083.49,11254792.81,Train,2016,4,1,4,0,2,1,0,0.8660254037844387,-0.4999999999999998,-0.433883739117558,-0.9009688679024191,0,0,1,14231299.73,12932629.87,7008643.3,6273523.88,6917674.02,5792586.92,1479744.0,1243049.71,11638587.41,10494545.99
2016-04-02,13123488.4,12292938.79,Train,2016,4,2,5,1,2,0,0,0.8660254037844387,-0.4999999999999998,-0.9749279121818236,-0.2225209339563146,0,0,1,12298083.49,11254792.81,5197781.65,4790136.82,5852909.53,4990341.15,2251060.05,1853979.92,10239965.04,9205352.56
2016-04-03,10576481.39,9627706.26,Train,2016,4,3,6,1,2,0,0,0.8660254037844387,-0.4999999999999998,-0.7818314824680299,0.6234898018587334,0,0,1,13123488.4,12292938.79,6141114.6,5639995.87,4759469.17,3951071.76,2778579.79,2305820.78,4214414.51,3835706.41
2016-04-04,4230255.21,3886345.44,Train,2016,4,4,0,0,2,0,0,0.8660254037844387,-0.4999999999999998,0.0,1.0,0,0,1,10576481.39,9627706.26,5291170.65,4853169.6,5534732.74,4759221.87,3472294.22,2819038.04,4549233.48,4060392.25
2016-04-05,4598444.87,4315060.71,Train,2016,4,5,1,0,2,0,0,0.8660254037844387,-0.4999999999999998,0.7818314824680298,0.6234898018587336,0,0,1,4230255.21,3886345.44,7521778.94,6878616.36,5449314.63,4970365.56,3501407.51,2754054.05,5947351.85,5501604.96
2016-04-06,5873076.02,5465466.98,Train,2016,4,6,2,0,2,0,0,0.8660254037844387,-0.4999999999999998,0.9749279121818236,-0.22252093395631434,0,0,1,4598444.87,4315060.71,14545392.64,13412468.3,6046593.49,5532819.27,4275566.76,3544887.63,6969771.13,6115686.29
2016-04-07,5504606.21,5121344.12,Train,2016,4,7,3,0,2,0,0,0.8660254037844387,-0.4999999999999998,0.43388373911755823,-0.900968867902419,0,0,1,5873076.02,5465466.98,14231299.73,12932629.87,7933448.72,7157854.93,4693887.34,3819333.06,6923568.08,6092200.11
2016-04-08,4323869.8,3902265.35,Train,2016,4,8,4,0,2,0,0,0.8660254037844387,-0.4999999999999998,-0.433883739117558,-0.9009688679024191,0,0,1,5504606.21,5121344.12,12298083.49,11254792.81,7008643.3,6273523.88,5050829.68,4101613.27,5334934.77,4630574.68
2016-04-09,4537873.44,4208365.26,Train,2016,4,9,5,1,2,0,0,0.8660254037844387,-0.4999999999999998,-0.9749279121818236,-0.2225209339563146,0,0,1,4323869.8,3902265.35,13123488.4,12292938.79,5197781.65,4790136.82,7374516.48,5983967.59,5286341.9,4755107.84
2016-04-10,4898415.28,4517178.31,Train,2016,4,10,6,1,2,0,0,0.8660254037844387,-0.4999999999999998,-0.7818314824680299,0.6234898018587334,0,0,1,4537873.44,4208365.26,10576481.39,9627706.26,6141114.6,5639995.87,6281759.31,5065973.55,7223512.23,6692976.84
2016-04-11,6193751.24,5553289.41,Train,2016,4,11,0,0,2,0,0,0.8660254037844387,-0.4999999999999998,0.0,1.0,0,0,1,4898415.28,4517178.31,4230255.21,3886345.44,5291170.65,4853169.6,4673863.75,3853834.05,6941143.47,6173613.48
2016-04-12,5962850.28,5477134.6,Train,2016,4,12,1,0,2,0,0,0.8660254037844387,-0.4999999999999998,0.7818314824680298,0.6234898018587336,0,0,1,6193751.24,5553289.41,4598444.87,4315060.71,7521778.94,6878616.36,4655322.31,3707033.48,8008850.6,7198672.06
2016-04-13,8636899.06,7772805.93,Train,2016,4,13,2,0,2,0,0,0.8660254037844387,-0.4999999999999998,0.9749279121818236,-0.22252093395631434,0,0,1,5962850.28,5477134.6,5873076.02,5465466.98,14545392.64,13412468.3,5214530.57,4150309.08,9764966.49,8525033.47
2016-04-14,7184576.35,6220003.38,Train,2016,4,14,3,0,2,0,0,0.8660254037844387,-0.4999999999999998,0.43388373911755823,-0.900968867902419,0,0,1,8636899.06,7772805.93,5504606.21,5121344.12,14231299.73,12932629.87,5319085.92,4384259.36,8464241.45,7283839.1
2016-04-15,5910167.4,5244820.29,Train,2016,4,15,4,0,2,0,0,0.8660254037844387,-0.4999999999999998,-0.433883739117558,-0.9009688679024191,0,0,1,7184576.35,6220003.38,4323869.8,3902265.35,12298083.49,11254792.81,6412758.35,5219744.05,6025485.77,5033699.98
2016-04-16,7075518.69,5997253.75,Train,2016,4,16,5,1,2,0,0,0.8660254037844387,-0.4999999999999998,-0.9749279121818236,-0.2225209339563146,0,0,1,5910167.4,5244820.29,4537873.44,4208365.26,13123488.4,12292938.79,8569336.81,6809198.69,6481493.13,5294636.04
2016-04-17,9065525.85,7747445.67,Train,2016,4,17,6,1,2,0,0,0.8660254037844387,-0.4999999999999998,-0.7818314824680299,0.6234898018587334,0,0,1,7075518.69,5997253.75,4898415.28,4517178.31,10576481.39,9627706.26,6917674.02,5792586.92,7432727.07,5745887.3
2016-04-18,7930420.94,6496267.7,Train,2016,4,18,0,0,2,0,0,0.8660254037844387,-0.4999999999999998,0.0,1.0,0,0,0,9065525.85,7747445.67,6193751.24,5553289.41,4230255.21,3886345.44,5852909.53,4990341.15,6854069.17,5371424.19
2016-04-19,9299472.01,7665794.67,Train,2016,4,19,1,0,2,0,0,0.8660254037844387,-0.4999999999999998,0.7818314824680298,0.6234898018587336,0,0,0,7930420.94,6496267.7,5962850.28,5477134.6,4598444.87,4315060.71,4759469.17,3951071.76,8942873.22,6952833.82
2016-04-20,11470503.55,9220652.39,Train,2016,4,20,2,0,2,0,0,0.8660254037844387,-0.4999999999999998,0.9749279121818236,-0.22252093395631434,0,0,0,9299472.01,7665794.67,8636899.06,7772805.93,5873076.02,5465466.98,5534732.74,4759221.87,11246554.8,8986101.87
2016-04-21,9681621.65,7780628.47,Train,2016,4,21,3,0,2,0,0,0.8660254037844387,-0.4999999999999998,0.43388373911755823,-0.900968867902419,0,0,0,11470503.55,9220652.39,7184576.35,6220003.38,5504606.21,5121344.12,5449314.63,4970365.56,9099886.14,7216624.95
2016-04-22,6442191.99,5276646.93,Train,2016,4,22,4,0,2,0,0,0.8660254037844387,-0.4999999999999998,-0.433883739117558,-0.9009688679024191,0,0,0,9681621.65,7780628.47,5910167.4,5244820.29,4323869.8,3902265.35,6046593.49,5532819.27,7548994.85,5939101.06
2016-04-23,8225755.2,6488166.41,Train,2016,4,23,5,1,2,0,0,0.8660254037844387,-0.4999999999999998,-0.9749279121818236,-0.2225209339563146,0,0,0,6442191.99,5276646.93,7075518.69,5997253.75,4537873.44,4208365.26,7933448.72,7157854.93,6578500.68,5143109.11
2016-04-24,8005992.5,6468446.01,Train,2016,4,24,6,1,2,0,0,0.8660254037844387,-0.4999999999999998,-0.7818314824680299,0.6234898018587334,0,0,0,8225755.2,6488166.41,9065525.85,7747445.67,4898415.28,4517178.31,7008643.3,6273523.88,9981817.81,7741342.2
2016-04-25,11068078.01,8923524.58,Train,2016,4,25,0,0,2,0,0,0.8660254037844387,-0.4999999999999998,0.0,1.0,0,0,0,8005992.5,6468446.01,7930420.94,6496267.7,6193751.24,5553289.41,5197781.65,4790136.82,8486257.42,6790371.72
2016-04-26,11387120.36,9133066.32,Train,2016,4,26,1,0,2,0,0,0.8660254037844387,-0.4999999999999998,0.7818314824680298,0.6234898018587336,0,0,0,11068078.01,8923524.58,9299472.01,7665794.67,5962850.28,5477134.6,6141114.6,5639995.87,11233528.64,8990933.6
2016-04-27,16379722.53,13128158.81,Train,2016,4,27,2,0,2,0,0,0.8660254037844387,-0.4999999999999998,0.9749279121818236,-0.22252093395631434,0,0,0,11387120.36,9133066.32,11470503.55,9220652.39,8636899.06,7772805.93,5291170.65,4853169.6,14371525.01,11368208.46
2016-04-28,17388183.19,13978683.94,Train,2016,4,28,3,0,2,0,0,0.8660254037844387,-0.4999999999999998,0.43388373911755823,-0.900968867902419,0,0,0,16379722.53,13128158.81,9681621.65,7780628.47,7184576.35,6220003.38,7521778.94,6878616.36,15294818.22,12456433.34
2016-04-29,16966030.5,13610990.42,Train,2016,4,29,4,0,2,0,0,0.8660254037844387,-0.4999999999999998,-0.433883739117558,-0.9009688679024191,0,0,0,17388183.19,13978683.94,6442191.99,5276646.93,5910167.4,5244820.29,14545392.64,13412468.3,14911130.64,11744026.43
2016-04-30,12874790.56,10476104.29,Train,2016,4,30,5,1,2,0,1,0.8660254037844387,-0.4999999999999998,-0.9749279121818236,-0.2225209339563146,1,0,0,16966030.5,13610990.42,8225755.2,6488166.41,7075518.69,5997253.75,14231299.73,12932629.87,11462217.29,9026019.09
2016-05-01,11553720.73,9387796.08,Train,2016,5,1,6,1,2,1,0,0.49999999999999994,-0.8660254037844387,-0.7818314824680299,0.6234898018587334,1,0,0,12874790.56,10476104.29,8005992.5,6468446.01,9065525.85,7747445.67,12298083.49,11254792.81,8951414.69,7003240.14
2016-05-02,8891959.72,7094979.67,Train,2016,5,2,0,0,2,0,0,0.49999999999999994,-0.8660254037844387,0.0,1.0,0,0,0,11553720.73,9387796.08,11068078.01,8923524.58,7930420.94,6496267.7,13123488.4,12292938.79,7902349.85,6325430.88
2016-05-03,6609488.85,5263847.33,Train,2016,5,3,1,0,2,0,0,0.49999999999999994,-0.8660254037844387,0.7818314824680298,0.6234898018587336,0,0,0,8891959.72,7094979.67,11387120.36,9133066.32,9299472.01,7665794.67,10576481.39,9627706.26,4063632.19,3220456.05
2016-05-04,6041365.35,4874007.55,Train,2016,5,4,2,0,2,0,0,0.49999999999999994,-0.8660254037844387,0.9749279121818236,-0.22252093395631434,0,0,0,6609488.85,5263847.33,16379722.53,13128158.81,11470503.55,9220652.39,4230255.21,3886345.44,4993358.48,3895803.59
2016-05-05,6026491.95,4682705.07,Train,2016,5,5,3,0,2,0,0,0.49999999999999994,-0.8660254037844387,0.43388373911755823,-0.900968867902419,0,0,0,6041365.35,4874007.55,17388183.19,13978683.94,9681621.65,7780628.47,4598444.87,4315060.71,5912157.02,4721080.32
2016-05-06,5884185.84,4692160.58,Train,2016,5,6,4,0,2,0,0,0.49999999999999994,-0.8660254037844387,-0.433883739117558,-0.9009688679024191,0,0,0,6026491.95,4682705.07,16966030.5,13610990.42,6442191.99,5276646.93,5873076.02,5465466.98,6417545.13,5062352.65
2016-05-07,5016235.82,3962154.52,Train,2016,5,7,5,1,2,0,0,0.49999999999999994,-0.8660254037844387,-0.9749279121818236,-0.2225209339563146,0,0,0,5884185.84,4692160.58,12874790.56,10476104.29,8225755.2,6488166.41,5504606.21,5121344.12,4654167.53,3561342.38
2016-05-08,4730903.12,3759762.75,Train,2016,5,8,6,1,2,0,0,0.49999999999999994,-0.8660254037844387,-0.7818314824680299,0.6234898018587334,0,0,0,5016235.82,3962154.52,11553720.73,9387796.08,8005992.5,6468446.01,4323869.8,3902265.35,4178643.57,3269969.19
2016-05-09,7307039.01,5990848.79,Train,2016,5,9,0,0,2,0,0,0.49999999999999994,-0.8660254037844387,0.0,1.0,0,0,0,4730903.12,3759762.75,8891959.72,7094979.67,11068078.01,8923524.58,4537873.44,4208365.26,5135747.06,3949880.44
2016-05-10,6636687.87,5216849.07,Train,2016,5,10,1,0,2,0,0,0.49999999999999994,-0.8660254037844387,0.7818314824680298,0.6234898018587336,0,0,0,7307039.01,5990848.79,6609488.85,5263847.33,11387120.36,9133066.32,4898415.28,4517178.31,6740124.2,5364204.35
2016-05-11,8452886.26,6878143.05,Train,2016,5,11,2,0,2,0,0,0.49999999999999994,-0.8660254037844387,0.9749279121818236,-0.22252093395631434,0,0,0,6636687.87,5216849.07,6041365.35,4874007.55,16379722.53,13128158.81,6193751.24,5553289.41,6877097.83,5464941.46
2016-05-12,10736290.28,8789857.02,Train,2016,5,12,3,0,2,0,0,0.49999999999999994,-0.8660254037844387,0.43388373911755823,-0.900968867902419,0,0,0,8452886.26,6878143.05,6026491.95,4682705.07,17388183.19,13978683.94,5962850.28,5477134.6,8472230.27,6752088.25
2016-05-13,9817523.43,7817935.3,Train,2016,5,13,4,0,2,0,0,0.49999999999999994,-0.8660254037844387,-0.433883739117558,-0.9009688679024191,0,0,0,10736290.28,8789857.02,5884185.84,4692160.58,16966030.5,13610990.42,8636899.06,7772805.93,8373161.73,6566657.69
2016-05-14,7446413.22,6064015.7,Train,2016,5,14,5,1,2,0,0,0.49999999999999994,-0.8660254037844387,-0.9749279121818236,-0.2225209339563146,0,0,0,9817523.43,7817935.3,5016235.82,3962154.52,12874790.56,10476104.29,7184576.35,6220003.38,6454103.0,5103049.75
2016-05-15,6413929.56,4998345.42,Train,2016,5,15,6,1,2,0,0,0.49999999999999994,-0.8660254037844387,-0.7818314824680299,0.6234898018587334,0,0,0,7446413.22,6064015.7,4730903.12,3759762.75,11553720.73,9387796.08,5910167.4,5244820.29,6409003.84,5140481.43
2016-05-16,7701732.93,5993216.92,Train,2016,5,16,0,0,2,0,0,0.49999999999999994,-0.8660254037844387,0.0,1.0,0,0,0,6413929.56,4998345.42,7307039.01,5990848.79,8891959.72,7094979.67,7075518.69,5997253.75,6593507.34,5168476.45
2016-05-17,8631034.09,6848845.3,Train,2016,5,17,1,0,2,0,0,0.49999999999999994,-0.8660254037844387,0.7818314824680298,0.6234898018587336,0,0,0,7701732.93,5993216.92,6636687.87,5216849.07,6609488.85,5263847.33,9065525.85,7747445.67,7049312.68,5707463.8
2016-05-18,8416389.92,6811181.17,Train,2016,5,18,2,0,2,0,0,0.49999999999999994,-0.8660254037844387,0.9749279121818236,-0.22252093395631434,0,0,0,8631034.09,6848845.3,8452886.26,6878143.05,6041365.35,4874007.55,7930420.94,6496267.7,8167385.27,6584434.28
2016-05-19,11212790.37,9063577.59,Train,2016,5,19,3,0,2,0,0,0.49999999999999994,-0.8660254037844387,0.43388373911755823,-0.900968867902419,0,0,0,8416389.92,6811181.17,10736290.28,8789857.02,6026491.95,4682705.07,9299472.01,7665794.67,10886447.11,8610088.68
2016-05-20,10058131.11,8217262.68,Train,2016,5,20,4,0,2,0,0,0.49999999999999994,-0.8660254037844387,-0.433883739117558,-0.9009688679024191,0,0,0,11212790.37,9063577.59,9817523.43,7817935.3,5884185.84,4692160.58,11470503.55,9220652.39,9585349.34,7629673.54
2016-05-21,7447083.47,5895652.1,Train,2016,5,21,5,1,2,0,0,0.49999999999999994,-0.8660254037844387,-0.9749279121818236,-0.2225209339563146,0,0,0,10058131.11,8217262.68,7446413.22,6064015.7,5016235.82,3962154.52,9681621.65,7780628.47,6849849.55,5526949.11
2016-05-22,7687940.04,6156525.22,Train,2016,5,22,6,1,2,0,0,0.49999999999999994,-0.8660254037844387,-0.7818314824680299,0.6234898018587334,0,0,0,7447083.47,5895652.1,6413929.56,4998345.42,4730903.12,3759762.75,6442191.99,5276646.93,5769728.11,4699867.99
2016-05-23,8645211.05,7045764.67,Train,2016,5,23,0,0,2,0,0,0.49999999999999994,-0.8660254037844387,0.0,1.0,0,0,0,7687940.04,6156525.22,7701732.93,5993216.92,7307039.01,5990848.79,8225755.2,6488166.41,7759286.87,6115304.75
2016-05-24,8183351.87,6580079.91,Train,2016,5,24,1,0,2,0,0,0.49999999999999994,-0.8660254037844387,0.7818314824680298,0.6234898018587336,0,0,0,8645211.05,7045764.67,8631034.09,6848845.3,6636687.87,5216849.07,8005992.5,6468446.01,6648911.62,5479719.27
2016-05-25,9916196.12,7860116.29,Train,2016,5,25,2,0,2,0,0,0.49999999999999994,-0.8660254037844387,0.9749279121818236,-0.22252093395631434,0,0,0,8183351.87,6580079.91,8416389.92,6811181.17,8452886.26,6878143.05,11068078.01,8923524.58,7250067.07,5753775.74
2016-05-26,12748857.56,10440320.85,Train,2016,5,26,3,0,2,0,0,0.49999999999999994,-0.8660254037844387,0.43388373911755823,-0.900968867902419,0,0,0,9916196.12,7860116.29,11212790.37,9063577.59,10736290.28,8789857.02,11387120.36,9133066.32,11264269.11,8911794.91
2016-05-27,10645860.16,8560911.95,Train,2016,5,27,4,0,2,0,0,0.49999999999999994,-0.8660254037844387,-0.433883739117558,-0.9009688679024191,0,0,0,12748857.56,10440320.85,10058131.11,8217262.68,9817523.43,7817935.3,16379722.53,13128158.81,10886440.76,8702126.28
2016-05-28,7818417.53,6306590.85,Train,2016,5,28,5,1,2,0,0,0.49999999999999994,-0.8660254037844387,-0.9749279121818236,-0.2225209339563146,0,0,0,10645860.16,8560911.95,7447083.47,5895652.1,7446413.22,6064015.7,17388183.19,13978683.94,7443400.33,6010039.49
2016-05-29,6277386.71,4980964.03,Train,2016,5,29,6,1,2,0,0,0.49999999999999994,-0.8660254037844387,-0.7818314824680299,0.6234898018587334,0,0,0,7818417.53,6306590.85,7687940.04,6156525.22,6413929.56,4998345.42,16966030.5,13610990.42,14386454.27,11671007.33
2016-05-30,15902645.06,12868500.26,Train,2016,5,30,0,0,2,0,0,0.49999999999999994,-0.8660254037844387,0.0,1.0,0,0,0,6277386.71,4980964.03,8645211.05,7045764.67,7701732.93,5993216.92,12874790.56,10476104.29,12847323.1,10142347.13
2016-05-31,15273734.62,12146387.51,Train,2016,5,31,1,0,2,0,1,0.49999999999999994,-0.8660254037844387,0.7818314824680298,0.6234898018587336,0,0,0,15902645.06,12868500.26,8183351.87,6580079.91,8631034.09,6848845.3,11553720.73,9387796.08,12707400.56,9938849.85
2016-06-01,15027967.48,12020718.26,Train,2016,6,1,2,0,2,1,0,1.2246467991473532e-16,-1.0,0.9749279121818236,-0.22252093395631434,0,0,0,15273734.62,12146387.51,9916196.12,7860116.29,8416389.92,6811181.17,8891959.72,7094979.67,10370270.22,8221123.6
2016-06-02,15450407.81,12454831.83,Train,2016,6,2,3,0,2,0,0,1.2246467991473532e-16,-1.0,0.43388373911755823,-0.900968867902419,0,0,0,15027967.48,12020718.26,12748857.56,10440320.85,11212790.37,9063577.59,6609488.85,5263847.33,12915899.82,10182209.97
2016-06-03,14905219.23,12099283.96,Train,2016,6,3,4,0,2,0,0,1.2246467991473532e-16,-1.0,-0.433883739117558,-0.9009688679024191,0,0,0,15450407.81,12454831.83,10645860.16,8560911.95,10058131.11,8217262.68,6041365.35,4874007.55,4389371.3,3612066.24
2016-06-04,3543917.94,2852864.04,Train,2016,6,4,5,1,2,0,0,1.2246467991473532e-16,-1.0,-0.9749279121818236,-0.2225209339563146,0,0,0,14905219.23,12099283.96,7818417.53,6306590.85,7447083.47,5895652.1,6026491.95,4682705.07,4689415.18,3666593.72
2016-06-05,5281645.29,4151357.66,Train,2016,6,5,6,1,2,0,0,1.2246467991473532e-16,-1.0,-0.7818314824680299,0.6234898018587334,0,0,0,3543917.94,2852864.04,6277386.71,4980964.03,7687940.04,6156525.22,5884185.84,4692160.58,4504545.31,3683127.75
2016-06-06,5164395.26,4100125.08,Train,2016,6,6,0,0,2,0,0,1.2246467991473532e-16,-1.0,0.0,1.0,0,0,0,5281645.29,4151357.66,15902645.06,12868500.26,8645211.05,7045764.67,5016235.82,3962154.52,4737477.49,3636812.14
2016-06-07,6484605.21,5302528.24,Train,2016,6,7,1,0,2,0,0,1.2246467991473532e-16,-1.0,0.7818314824680298,0.6234898018587336,0,0,0,5164395.26,4100125.08,15273734.62,12146387.51,8183351.87,6580079.91,4730903.12,3759762.75,5997977.12,4767036.54
2016-06-08,8622987.0,7158408.04,Train,2016,6,8,2,0,2,0,0,1.2246467991473532e-16,-1.0,0.9749279121818236,-0.22252093395631434,0,0,0,6484605.21,5302528.24,15027967.48,12020718.26,9916196.12,7860116.29,7307039.01,5990848.79,7149148.38,5741574.05
2016-06-09,6719422.7,5484927.09,Train,2016,6,9,3,0,2,0,0,1.2246467991473532e-16,-1.0,0.43388373911755823,-0.900968867902419,0,0,0,8622987.0,7158408.04,15450407.81,12454831.83,12748857.56,10440320.85,6636687.87,5216849.07,7033422.25,5437275.2
2016-06-10,5856690.47,4774033.93,Train,2016,6,10,4,0,2,0,0,1.2246467991473532e-16,-1.0,-0.433883739117558,-0.9009688679024191,0,0,0,6719422.7,5484927.09,14905219.23,12099283.96,10645860.16,8560911.95,8452886.26,6878143.05,5174085.58,4188520.67
2016-06-11,5949391.29,4761365.56,Train,2016,6,11,5,1,2,0,0,1.2246467991473532e-16,-1.0,-0.9749279121818236,-0.2225209339563146,0,0,0,5856690.47,4774033.93,3543917.94,2852864.04,7818417.53,6306590.85,10736290.28,8789857.02,6351066.12,4900508.38
2016-06-12,6087764.33,4901187.37,Train,2016,6,12,6,1,2,0,0,1.2246467991473532e-16,-1.0,-0.7818314824680299,0.6234898018587334,0,0,0,5949391.29,4761365.56,5281645.29,4151357.66,6277386.71,4980964.03,9817523.43,7817935.3,5087923.97,3913528.15
2016-06-13,6889883.95,5491827.46,Train,2016,6,13,0,0,2,0,0,1.2246467991473532e-16,-1.0,0.0,1.0,0,0,0,6087764.33,4901187.37,5164395.26,4100125.08,15902645.06,12868500.26,7446413.22,6064015.7,7257781.25,5645520.63
2016-06-14,9141001.7,7338757.88,Train,2016,6,14,1,0,2,0,0,1.2246467991473532e-16,-1.0,0.7818314824680298,0.6234898018587336,0,0,0,6889883.95,5491827.46,6484605.21,5302528.24,15273734.62,12146387.51,6413929.56,4998345.42,7185781.7,5677039.63
2016-06-15,9864183.86,7853426.55,Train,2016,6,15,2,0,2,0,0,1.2246467991473532e-16,-1.0,0.9749279121818236,-0.22252093395631434,0,0,0,9141001.7,7338757.88,8622987.0,7158408.04,15027967.48,12020718.26,7701732.93,5993216.92,7904688.49,6283325.81
2016-06-16,10058421.18,8220535.81,Train,2016,6,16,3,0,2,0,0,1.2246467991473532e-16,-1.0,0.43388373911755823,-0.900968867902419,0,0,0,9864183.86,7853426.55,6719422.7,5484927.09,15450407.81,12454831.83,8631034.09,6848845.3,8476249.0,6775868.17
2016-06-17,5423957.08,4250810.07,Train,2016,6,17,4,0,2,0,0,1.2246467991473532e-16,-1.0,-0.433883739117558,-0.9009688679024191,0,0,0,10058421.18,8220535.81,5856690.47,4774033.93,14905219.23,12099283.96,8416389.92,6811181.17,6561476.72,5174441.56
2016-06-18,7882351.1,6322388.46,Train,2016,6,18,5,1,2,0,0,1.2246467991473532e-16,-1.0,-0.9749279121818236,-0.2225209339563146,0,0,0,5423957.08,4250810.07,5949391.29,4761365.56,3543917.94,2852864.04,11212790.37,9063577.59,5300940.37,4147889.8
2016-06-19,7908073.31,6297385.32,Train,2016,6,19,6,1,2,0,0,1.2246467991473532e-16,-1.0,-0.7818314824680299,0.6234898018587334,0,0,0,7882351.1,6322388.46,6087764.33,4901187.37,5281645.29,4151357.66,10058131.11,8217262.68,5709630.01,4391167.7
2016-06-20,7266335.58,5841977.09,Train,2016,6,20,0,0,2,0,0,1.2246467991473532e-16,-1.0,0.0,1.0,0,0,0,7908073.31,6297385.32,6889883.95,5491827.46,5164395.26,4100125.08,7447083.47,5895652.1,5755437.59,4546815.45
2016-06-21,8500049.69,6752198.15,Train,2016,6,21,1,0,2,0,0,1.2246467991473532e-16,-1.0,0.7818314824680298,0.6234898018587336,0,0,0,7266335.58,5841977.09,9141001.7,7338757.88,6484605.21,5302528.24,7687940.04,6156525.22,8091120.75,6486078.97
2016-06-22,10283795.21,8167871.69,Train,2016,6,22,2,0,2,0,0,1.2246467991473532e-16,-1.0,0.9749279121818236,-0.22252093395631434,0,0,0,8500049.69,6752198.15,9864183.86,7853426.55,8622987.0,7158408.04,8645211.05,7045764.67,8014615.36,6549729.21
2016-06-23,9872888.2,7950198.34,Train,2016,6,23,3,0,2,0,0,1.2246467991473532e-16,-1.0,0.43388373911755823,-0.900968867902419,0,0,1,10283795.21,8167871.69,10058421.18,8220535.81,6719422.7,5484927.09,8183351.87,6580079.91,8106694.48,6848465.28
2016-06-24,7881916.83,6508523.99,Train,2016,6,24,4,0,2,0,0,1.2246467991473532e-16,-1.0,-0.433883739117558,-0.9009688679024191,0,0,1,9872888.2,7950198.34,5423957.08,4250810.07,5856690.47,4774033.93,9916196.12,7860116.29,6395417.81,5471074.95
2016-06-25,6886227.09,6096912.54,Train,2016,6,25,5,1,2,0,0,1.2246467991473532e-16,-1.0,-0.9749279121818236,-0.2225209339563146,0,0,1,7881916.83,6508523.99,7882351.1,6322388.46,5949391.29,4761365.56,12748857.56,10440320.85,5791488.27,5164656.66
2016-06-26,6698524.32,6144242.3,Train,2016,6,26,6,1,2,0,0,1.2246467991473532e-16,-1.0,-0.7818314824680299,0.6234898018587334,0,0,1,6886227.09,6096912.54,7908073.31,6297385.32,6087764.33,4901187.37,10645860.16,8560911.95,5907901.77,5761761.16
2016-06-27,6871506.56,6833479.69,Train,2016,6,27,0,0,2,0,0,1.2246467991473532e-16,-1.0,0.0,1.0,0,0,1,6698524.32,6144242.3,7266335.58,5841977.09,6889883.95,5491827.46,7818417.53,6306590.85,7048110.81,6755443.51
2016-06-28,8247984.99,8163713.72,Train,2016,6,28,1,0,2,0,0,1.2246467991473532e-16,-1.0,0.7818314824680298,0.6234898018587336,0,0,1,6871506.56,6833479.69,8500049.69,6752198.15,9141001.7,7338757.88,6277386.71,4980964.03,10266326.47,10003747.48
2016-06-29,13343751.12,13303063.47,Train,2016,6,29,2,0,2,0,0,1.2246467991473532e-16,-1.0,0.9749279121818236,-0.22252093395631434,0,0,1,8247984.99,8163713.72,10283795.21,8167871.69,9864183.86,7853426.55,15902645.06,12868500.26,10954727.42,10628217.87
2016-06-30,11824115.33,11686500.64,Train,2016,6,30,3,0,2,0,1,1.2246467991473532e-16,-1.0,0.43388373911755823,-0.900968867902419,0,0,1,13343751.12,13303063.47,9872888.2,7950198.34,10058421.18,8220535.81,15273734.62,12146387.51,9503954.04,9190648.76
2016-07-01,10173764.85,10138330.52,Train,2016,7,1,4,0,3,1,0,-0.4999999999999997,-0.8660254037844388,-0.433883739117558,-0.9009688679024191,0,0,1,11824115.33,11686500.64,7881916.83,6508523.99,5423957.08,4250810.07,15027967.48,12020718.26,8552727.69,8154787.16
2016-07-02,8800553.93,8597989.65,Train,2016,7,2,5,1,3,0,0,-0.4999999999999997,-0.8660254037844388,-0.9749279121818236,-0.2225209339563146,0,0,1,10173764.85,10138330.52,6886227.09,6096912.54,7882351.1,6322388.46,15450407.81,12454831.83,6047919.06,5867150.51
2016-07-03,6426683.62,6344095.57,Train,2016,7,3,6,1,3,0,0,-0.4999999999999997,-0.8660254037844388,-0.7818314824680299,0.6234898018587334,0,0,1,8800553.93,8597989.65,6698524.32,6144242.3,7908073.31,6297385.32,14905219.23,12099283.96,1184319.43,1068025.58
2016-07-04,1386571.93,1325944.63,Train,2016,7,4,0,0,3,0,0,-0.4999999999999997,-0.8660254037844388,0.0,1.0,0,0,1,6426683.62,6344095.57,6871506.56,6833479.69,7266335.58,5841977.09,3543917.94,2852864.04,2966146.59,2810871.75
2016-07-05,2748779.52,2677876.06,Train,2016,7,5,1,0,3,0,0,-0.4999999999999997,-0.8660254037844388,0.7818314824680298,0.6234898018587336,0,0,1,1386571.93,1325944.63,8247984.99,8163713.72,8500049.69,6752198.15,5281645.29,4151357.66,2490899.57,2437063.72
2016-07-06,2703265.31,2729115.94,Train,2016,7,6,2,0,3,0,0,-0.4999999999999997,-0.8660254037844388,0.9749279121818236,-0.22252093395631434,0,0,1,2748779.52,2677876.06,13343751.12,13303063.47,10283795.21,8167871.69,5164395.26,4100125.08,4185006.32,3947428.34
2016-07-07,4517288.27,4518370.11,Train,2016,7,7,3,0,3,0,0,-0.4999999999999997,-0.8660254037844388,0.43388373911755823,-0.900968867902419,0,0,1,2703265.31,2729115.94,11824115.33,11686500.64,9872888.2,7950198.34,6484605.21,5302528.24,4333446.86,4256271.94
2016-07-08,3773827.56,3763622.72,Train,2016,7,8,4,0,3,0,0,-0.4999999999999997,-0.8660254037844388,-0.433883739117558,-0.9009688679024191,0,0,1,4517288.27,4518370.11,10173764.85,10138330.52,7881916.83,6508523.99,8622987.0,7158408.04,6011409.46,5756814.71
2016-07-09,4051086.89,3956559.68,Train,2016,7,9,5,1,3,0,0,-0.4999999999999997,-0.8660254037844388,-0.9749279121818236,-0.2225209339563146,0,0,1,3773827.56,3763622.72,8800553.93,8597989.65,6886227.09,6096912.54,6719422.7,5484927.09,3936544.23,3750891.91
2016-07-10,4008532.54,3789183.06,Train,2016,7,10,6,1,3,0,0,-0.4999999999999997,-0.8660254037844388,-0.7818314824680299,0.6234898018587334,0,0,1,4051086.89,3956559.68,6426683.62,6344095.57,6698524.32,6144242.3,5856690.47,4774033.93,3965266.87,3859812.43
2016-07-11,4094198.38,3954521.72,Train,2016,7,11,0,0,3,0,0,-0.4999999999999997,-0.8660254037844388,0.0,1.0,0,0,1,4008532.54,3789183.06,1386571.93,1325944.63,6871506.56,6833479.69,5949391.29,4761365.56,4444033.83,4308843.11
2016-07-12,4373623.08,4271906.38,Train,2016,7,12,1,0,3,0,0,-0.4999999999999997,-0.8660254037844388,0.7818314824680298,0.6234898018587336,0,0,1,4094198.38,3954521.72,2748779.52,2677876.06,8247984.99,8163713.72,6087764.33,4901187.37,4008119.02,3879117.89
2016-07-13,3978100.94,3903887.84,Train,2016,7,13,2,0,3,0,0,-0.4999999999999997,-0.8660254037844388,0.9749279121818236,-0.22252093395631434,0,0,1,4373623.08,4271906.38,2703265.31,2729115.94,13343751.12,13303063.47,6889883.95,5491827.46,4541662.42,4427340.58
2016-07-14,5834657.65,5776926.66,Train,2016,7,14,3,0,3,0,0,-0.4999999999999997,-0.8660254037844388,0.43388373911755823,-0.900968867902419,0,0,1,3978100.94,3903887.84,4517288.27,4518370.11,11824115.33,11686500.64,9141001.7,7338757.88,6195528.74,5945270.24
2016-07-15,5538171.41,5410397.02,Train,2016,7,15,4,0,3,0,0,-0.4999999999999997,-0.8660254037844388,-0.433883739117558,-0.9009688679024191,0,0,1,5834657.65,5776926.66,3773827.56,3763622.72,10173764.85,10138330.52,9864183.86,7853426.55,5351713.45,5204783.4
2016-07-16,4146739.21,3932641.54,Train,2016,7,16,5,1,3,0,0,-0.4999999999999997,-0.8660254037844388,-0.9749279121818236,-0.2225209339563146,0,0,1,5538171.41,5410397.02,4051086.89,3956559.68,8800553.93,8597989.65,10058421.18,8220535.81,3953465.4,3879500.64
2016-07-17,4362617.65,4257377.15,Train,2016,7,17,6,1,3,0,0,-0.4999999999999997,-0.8660254037844388,-0.7818314824680299,0.6234898018587334,0,0,1,4146739.21,3932641.54,4008532.54,3789183.06,6426683.62,6344095.57,5423957.08,4250810.07,4352743.94,4230281.82
2016-07-18,4037086.77,4032049.3,Train,2016,7,18,0,0,3,0,0,-0.4999999999999997,-0.8660254037844388,0.0,1.0,0,0,1,4362617.65,4257377.15,4094198.38,3954521.72,1386571.93,1325944.63,7882351.1,6322388.46,4734057.3,4244345.55
2016-07-19,4972014.76,4468539.05,Train,2016,7,19,1,0,3,0,0,-0.4999999999999997,-0.8660254037844388,0.7818314824680298,0.6234898018587336,0,0,1,4037086.77,4032049.3,4373623.08,4271906.38,2748779.52,2677876.06,7908073.31,6297385.32,4593431.52,3967198.09
2016-07-20,5743038.13,4989427.8,Train,2016,7,20,2,0,3,0,0,-0.4999999999999997,-0.8660254037844388,0.9749279121818236,-0.22252093395631434,0,0,1,4972014.76,4468539.05,3978100.94,3903887.84,2703265.31,2729115.94,7266335.58,5841977.09,6205610.6,5212906.4
2016-07-21,6234589.1,5454135.01,Train,2016,7,21,3,0,3,0,0,-0.4999999999999997,-0.8660254037844388,0.43388373911755823,-0.900968867902419,0,0,1,5743038.13,4989427.8,5834657.65,5776926.66,4517288.27,4518370.11,8500049.69,6752198.15,7003315.42,5699625.87
2016-07-22,6429688.49,5405412.2,Train,2016,7,22,4,0,3,0,0,-0.4999999999999997,-0.8660254037844388,-0.433883739117558,-0.9009688679024191,0,0,1,6234589.1,5454135.01,5538171.41,5410397.02,3773827.56,3763622.72,10283795.21,8167871.69,6241579.84,5041557.0
2016-07-23,5794840.19,4693760.16,Train,2016,7,23,5,1,3,0,0,-0.4999999999999997,-0.8660254037844388,-0.9749279121818236,-0.2225209339563146,0,0,0,6429688.49,5405412.2,4146739.21,3932641.54,4051086.89,3956559.68,9872888.2,7950198.34,4815209.73,3864863.25
2016-07-24,4992598.4,3988427.93,Train,2016,7,24,6,1,3,0,0,-0.4999999999999997,-0.8660254037844388,-0.7818314824680299,0.6234898018587334,0,0,0,5794840.19,4693760.16,4362617.65,4257377.15,4008532.54,3789183.06,7881916.83,6508523.99,4869837.46,3980424.09
2016-07-25,6602810.86,5210533.01,Train,2016,7,25,0,0,3,0,0,-0.4999999999999997,-0.8660254037844388,0.0,1.0,0,0,0,4992598.4,3988427.93,4037086.77,4032049.3,4094198.38,3954521.72,6886227.09,6096912.54,5323996.74,4436550.96
2016-07-26,7851989.46,6298482.2,Train,2016,7,26,1,0,3,0,0,-0.4999999999999997,-0.8660254037844388,0.7818314824680298,0.6234898018587336,0,0,0,6602810.86,5210533.01,4972014.76,4468539.05,4373623.08,4271906.38,6698524.32,6144242.3,5603376.79,4431670.86
2016-07-27,7880563.86,6294203.51,Train,2016,7,27,2,0,3,0,0,-0.4999999999999997,-0.8660254037844388,0.9749279121818236,-0.22252093395631434,0,0,0,7851989.46,6298482.2,5743038.13,4989427.8,3978100.94,3903887.84,6871506.56,6833479.69,6826651.55,5538901.92
2016-07-28,10561338.25,8364736.75,Train,2016,7,28,3,0,3,0,0,-0.4999999999999997,-0.8660254037844388,0.43388373911755823,-0.900968867902419,0,0,0,7880563.86,6294203.51,6234589.1,5454135.01,5834657.65,5776926.66,8247984.99,8163713.72,9470985.24,7602775.68
2016-07-29,9786083.49,8009568.05,Train,2016,7,29,4,0,3,0,0,-0.4999999999999997,-0.8660254037844388,-0.433883739117558,-0.9009688679024191,0,0,0,10561338.25,8364736.75,6429688.49,5405412.2,5538171.41,5410397.02,13343751.12,13303063.47,10296776.67,9762134.91
2016-07-30,6346290.87,5035247.55,Train,2016,7,30,5,1,3,0,0,-0.4999999999999997,-0.8660254037844388,-0.9749279121818236,-0.2225209339563146,0,0,0,9786083.49,8009568.05,5794840.19,4693760.16,4146739.21,3932641.54,11824115.33,11686500.64,8227312.7,8001039.19
2016-07-31,11015269.56,8901256.98,Train,2016,7,31,6,1,3,0,1,-0.4999999999999997,-0.8660254037844388,-0.7818314824680299,0.6234898018587334,0,0,0,6346290.87,5035247.55,4992598.4,3988427.93,4362617.65,4257377.15,10173764.85,10138330.52,7969399.16,8307674.69
2016-08-01,10793582.2,8684114.27,Train,2016,8,1,0,0,3,1,0,-0.8660254037844385,-0.5000000000000004,0.0,1.0,0,0,0,11015269.56,8901256.98,6602810.86,5210533.01,4037086.77,4032049.3,8800553.93,8597989.65,5808782.79,6999844.19
2016-08-02,9744357.22,7715286.95,Train,2016,8,2,1,0,3,0,0,-0.8660254037844385,-0.5000000000000004,0.7818314824680298,0.6234898018587336,0,0,0,10793582.2,8684114.27,7851989.46,6298482.2,4972014.76,4468539.05,6426683.62,6344095.57,4720575.96,6451104.36
2016-08-03,9904285.99,7903743.51,Train,2016,8,3,2,0,3,0,0,-0.8660254037844385,-0.5000000000000004,0.9749279121818236,-0.22252093395631434,0,0,0,9744357.22,7715286.95,7880563.86,6294203.51,5743038.13,4989427.8,1386571.93,1325944.63,2658117.34,3894709.67
2016-08-04,9495153.07,7445312.45,Train,2016,8,4,3,0,3,0,0,-0.8660254037844385,-0.5000000000000004,0.43388373911755823,-0.900968867902419,0,0,0,9904285.99,7903743.51,10561338.25,8364736.75,6234589.1,5454135.01,2748779.52,2677876.06,2978173.12,4001425.35
2016-08-05,5608281.75,4405172.77,Train,2016,8,5,4,0,3,0,0,-0.8660254037844385,-0.5000000000000004,-0.433883739117558,-0.9009688679024191,0,0,0,9495153.07,7445312.45,9786083.49,8009568.05,6429688.49,5405412.2,2703265.31,2729115.94,2558707.18,3656184.22
2016-08-06,3417126.9,2778007.61,Train,2016,8,6,5,1,3,0,0,-0.8660254037844385,-0.5000000000000004,-0.9749279121818236,-0.2225209339563146,0,0,0,5608281.75,4405172.77,6346290.87,5035247.55,5794840.19,4693760.16,4517288.27,4518370.11,1981109.04,2648627.83
2016-08-07,4427581.45,3417549.23,Train,2016,8,7,6,1,3,0,0,-0.8660254037844385,-0.5000000000000004,-0.7818314824680299,0.6234898018587334,0,0,0,3417126.9,2778007.61,11015269.56,8901256.98,4992598.4,3988427.93,3773827.56,3763622.72,1709563.14,2428463.02
2016-08-08,4350104.4,3457274.61,Train,2016,8,8,0,0,3,0,0,-0.8660254037844385,-0.5000000000000004,0.0,1.0,0,0,0,4427581.45,3417549.23,10793582.2,8684114.27,6602810.86,5210533.01,4051086.89,3956559.68,2122689.02,2864218.57
2016-08-09,5367433.58,4307308.14,Train,2016,8,9,1,0,3,0,0,-0.8660254037844385,-0.5000000000000004,0.7818314824680298,0.6234898018587336,0,0,0,4350104.4,3457274.61,9744357.22,7715286.95,7851989.46,6298482.2,4008532.54,3789183.06,2341717.61,3233525.06
2016-08-10,6219835.93,4989664.4,Train,2016,8,10,2,0,3,0,0,-0.8660254037844385,-0.5000000000000004,0.9749279121818236,-0.22252093395631434,0,0,0,5367433.58,4307308.14,9904285.99,7903743.51,7880563.86,6294203.51,4094198.38,3954521.72,2434219.28,3451194.49
2016-08-11,6515630.05,5260377.53,Train,2016,8,11,3,0,3,0,0,-0.8660254037844385,-0.5000000000000004,0.43388373911755823,-0.900968867902419,0,0,0,6219835.93,4989664.4,9495153.07,7445312.45,10561338.25,8364736.75,4373623.08,4271906.38,3555473.95,4878289.67
2016-08-12,6119372.31,4890673.79,Train,2016,8,12,4,0,3,0,0,-0.8660254037844385,-0.5000000000000004,-0.433883739117558,-0.9009688679024191,0,0,0,6515630.05,5260377.53,5608281.75,4405172.77,9786083.49,8009568.05,3978100.94,3903887.84,2921138.79,3979730.24
2016-08-13,4911652.24,4032826.41,Train,2016,8,13,5,1,3,0,0,-0.8660254037844385,-0.5000000000000004,-0.9749279121818236,-0.2225209339563146,0,0,0,6119372.31,4890673.79,3417126.9,2778007.61,6346290.87,5035247.55,5834657.65,5776926.66,2842163.51,3979723.24
2016-08-14,4133214.74,3276890.85,Train,2016,8,14,6,1,3,0,0,-0.8660254037844385,-0.5000000000000004,-0.7818314824680299,0.6234898018587334,0,0,0,4911652.24,4032826.41,4427581.45,3417549.23,11015269.56,8901256.98,5538171.41,5410397.02,2655077.08,3723026.61
2016-08-15,5605211.59,4497185.08,Train,2016,8,15,0,0,3,0,0,-0.8660254037844385,-0.5000000000000004,0.0,1.0,0,0,0,4133214.74,3276890.85,4350104.4,3457274.61,10793582.2,8684114.27,4146739.21,3932641.54,2851597.29,3843042.72
2016-08-16,5622571.31,4439845.57,Train,2016,8,16,1,0,3,0,0,-0.8660254037844385,-0.5000000000000004,0.7818314824680298,0.6234898018587336,0,0,0,5605211.59,4497185.08,5367433.58,4307308.14,9744357.22,7715286.95,4362617.65,4257377.15,2804909.03,3580539.39
2016-08-17,5481191.48,4224740.02,Train,2016,8,17,2,0,3,0,0,-0.8660254037844385,-0.5000000000000004,0.9749279121818236,-0.22252093395631434,0,0,0,5622571.31,4439845.57,6219835.93,4989664.4,9904285.99,7903743.51,4037086.77,4032049.3,3797369.86,5081331.41
2016-08-18,9528740.46,7920089.68,Train,2016,8,18,3,0,3,0,0,-0.8660254037844385,-0.5000000000000004,0.43388373911755823,-0.900968867902419,0,0,0,5481191.48,4224740.02,6515630.05,5260377.53,9495153.07,7445312.45,4972014.76,4468539.05,3996506.07,5388360.8
2016-08-19,6546299.57,5278113.04,Train,2016,8,19,4,0,3,0,0,-0.8660254037844385,-0.5000000000000004,-0.433883739117558,-0.9009688679024191,0,0,0,9528740.46,7920089.68,6119372.31,4890673.79,5608281.75,4405172.77,5743038.13,4989427.8,3542649.14,4967122.51
2016-08-20,5781551.94,4564247.81,Train,2016,8,20,5,1,3,0,0,-0.8660254037844385,-0.5000000000000004,-0.9749279121818236,-0.2225209339563146,0,0,0,6546299.57,5278113.04,4911652.24,4032826.41,3417126.9,2778007.61,6234589.1,5454135.01,2826694.43,4029608.29
2016-08-21,6521389.47,5328696.02,Train,2016,8,21,6,1,3,0,0,-0.8660254037844385,-0.5000000000000004,-0.7818314824680299,0.6234898018587334,0,0,0,5781551.94,4564247.81,4133214.74,3276890.85,4427581.45,3417549.23,6429688.49,5405412.2,2330134.4,3196044.6
2016-08-22,5219998.72,4287522.68,Train,2016,8,22,0,0,3,0,0,-0.8660254037844385,-0.5000000000000004,0.0,1.0,0,0,0,6521389.47,5328696.02,5605211.59,4497185.08,4350104.4,3457274.61,5794840.19,4693760.16,2980880.01,4035327.45
2016-08-23,4815121.42,3868404.84,Train,2016,8,23,1,0,3,0,0,-0.8660254037844385,-0.5000000000000004,0.7818314824680298,0.6234898018587336,0,0,0,5219998.72,4287522.68,5622571.31,4439845.57,5367433.58,4307308.14,4992598.4,3988427.93,2905862.72,4140352.34
2016-08-24,6292751.73,5100249.41,Train,2016,8,24,2,0,3,0,0,-0.8660254037844385,-0.5000000000000004,0.9749279121818236,-0.22252093395631434,0,0,0,4815121.42,3868404.84,5481191.48,4224740.02,6219835.93,4989664.4,6602810.86,5210533.01,3470416.25,4713031.14
2016-08-25,8794928.73,6977759.11,Train,2016,8,25,3,0,3,0,0,-0.8660254037844385,-0.5000000000000004,0.43388373911755823,-0.900968867902419,0,0,0,6292751.73,5100249.41,9528740.46,7920089.68,6515630.05,5260377.53,7851989.46,6298482.2,4027164.09,5549423.27
2016-08-26,5680360.34,4488665.83,Train,2016,8,26,4,0,3,0,0,-0.8660254037844385,-0.5000000000000004,-0.433883739117558,-0.9009688679024191,0,0,0,8794928.73,6977759.11,6546299.57,5278113.04,6119372.31,4890673.79,7880563.86,6294203.51,3564052.29,4867784.09
2016-08-27,4561647.77,3662367.33,Train,2016,8,27,5,1,3,0,0,-0.8660254037844385,-0.5000000000000004,-0.9749279121818236,-0.2225209339563146,0,0,0,5680360.34,4488665.83,5781551.94,4564247.81,4911652.24,4032826.41,10561338.25,8364736.75,8506950.72,11044258.41
2016-08-28,15158669.18,12249721.23,Train,2016,8,28,6,1,3,0,0,-0.8660254037844385,-0.5000000000000004,-0.7818314824680299,0.6234898018587334,0,0,0,4561647.77,3662367.33,6521389.47,5328696.02,4133214.74,3276890.85,9786083.49,8009568.05,7794439.44,10361751.16
2016-08-29,14043471.1,11328872.12,Train,2016,8,29,0,0,3,0,0,-0.8660254037844385,-0.5000000000000004,0.0,1.0,0,0,0,15158669.18,12249721.23,5219998.72,4287522.68,5605211.59,4497185.08,6346290.87,5035247.55,7344062.69,9260104.74
2016-08-30,13812380.3,11037531.68,Train,2016,8,30,1,0,3,0,0,-0.8660254037844385,-0.5000000000000004,0.7818314824680298,0.6234898018587336,0,0,1,14043471.1,11328872.12,4815121.42,3868404.84,5622571.31,4439845.57,11015269.56,8901256.98,7854391.23,10070785.58
2016-08-31,12534594.92,10091516.93,Train,2016,8,31,2,0,3,0,1,-0.8660254037844385,-0.5000000000000004,0.9749279121818236,-0.22252093395631434,0,0,1,13812380.3,11037531.68,6292751.73,5100249.41,5481191.48,4224740.02,10793582.2,8684114.27,6760812.85,8154672.78
2016-09-01,12403544.62,10116739.78,Train,2016,9,1,3,0,3,1,0,-1.0,-1.8369701987210297e-16,0.43388373911755823,-0.900968867902419,0,0,1,12534594.92,10091516.93,8794928.73,6977759.11,9528740.46,7920089.68,9744357.22,7715286.95,2200298.26,2129220.78
2016-09-02,2363186.38,2197302.32,Train,2016,9,2,4,0,3,0,0,-1.0,-1.8369701987210297e-16,-0.433883739117558,-0.9009688679024191,1,0,1,12403544.62,10116739.78,5680360.34,4488665.83,6546299.57,5278113.04,9904285.99,7903743.51,2827263.54,2604249.38
2016-09-03,2854708.14,2576390.08,Train,2016,9,3,5,1,3,0,0,-1.0,-1.8369701987210297e-16,-0.9749279121818236,-0.2225209339563146,0,0,1,2363186.38,2197302.32,4561647.77,3662367.33,5781551.94,4564247.81,9495153.07,7445312.45,3174821.93,2868467.84
2016-09-04,2911393.7,2610346.46,Train,2016,9,4,6,1,3,0,0,-1.0,-1.8369701987210297e-16,-0.7818314824680299,0.6234898018587334,0,0,1,2854708.14,2576390.08,15158669.18,12249721.23,6521389.47,5328696.02,5608281.75,4405172.77,4060108.04,3677521.7
2016-09-05,4157930.98,3683805.93,Train,2016,9,5,0,0,3,0,0,-1.0,-1.8369701987210297e-16,0.0,1.0,0,0,1,2911393.7,2610346.46,14043471.1,11328872.12,5219998.72,4287522.68,3417126.9,2778007.61,5806076.99,5165364.57
2016-09-06,4457820.99,4021959.96,Train,2016,9,6,1,0,3,0,0,-1.0,-1.8369701987210297e-16,0.7818314824680298,0.6234898018587336,0,0,1,4157930.98,3683805.93,13812380.3,11037531.68,4815121.42,3868404.84,4427581.45,3417549.23,5427754.58,4736445.82
2016-09-07,2727504.52,2482230.36,Train,2016,9,7,2,0,3,0,0,-1.0,-1.8369701987210297e-16,0.9749279121818236,-0.22252093395631434,0,0,1,4457820.99,4021959.96,12534594.92,10091516.93,6292751.73,5100249.41,4350104.4,3457274.61,4280040.71,3769505.38
2016-09-08,2950156.73,2710099.28,Train,2016,9,8,3,0,3,0,0,-1.0,-1.8369701987210297e-16,0.43388373911755823,-0.900968867902419,0,0,1,2727504.52,2482230.36,12403544.62,10116739.78,8794928.73,6977759.11,5367433.58,4307308.14,3647303.9,3266493.41
2016-09-09,4080455.52,3550531.35,Train,2016,9,9,4,0,3,0,0,-1.0,-1.8369701987210297e-16,-0.433883739117558,-0.9009688679024191,0,0,1,2950156.73,2710099.28,2363186.38,2197302.32,5680360.34,4488665.83,6219835.93,4989664.4,3721441.58,3354394.08
2016-09-10,3383667.97,3081087.79,Train,2016,9,10,5,1,3,0,0,-1.0,-1.8369701987210297e-16,-0.9749279121818236,-0.2225209339563146,0,0,1,4080455.52,3550531.35,2854708.14,2576390.08,4561647.77,3662367.33,6515630.05,5260377.53,5440903.55,4839456.19
2016-09-11,4791697.67,4209772.35,Train,2016,9,11,6,1,3,0,0,-1.0,-1.8369701987210297e-16,-0.7818314824680299,0.6234898018587334,0,0,1,3383667.97,3081087.79,2911393.7,2610346.46,15158669.18,12249721.23,6119372.31,4890673.79,4950740.04,4404176.85
2016-09-12,5675073.45,5130706.55,Train,2016,9,12,0,0,3,0,0,-1.0,-1.8369701987210297e-16,0.0,1.0,0,0,1,4791697.67,4209772.35,4157930.98,3683805.93,14043471.1,11328872.12,4911652.24,4032826.41,6063850.75,5333297.85
2016-09-13,5639925.61,5076124.78,Train,2016,9,13,1,0,3,0,0,-1.0,-1.8369701987210297e-16,0.7818314824680298,0.6234898018587336,0,0,1,5675073.45,5130706.55,4457820.99,4021959.96,13812380.3,11037531.68,4133214.74,3276890.85,5951627.11,5241870.86
2016-09-14,4385149.48,3911967.05,Train,2016,9,14,2,0,3,0,0,-1.0,-1.8369701987210297e-16,0.9749279121818236,-0.22252093395631434,0,0,1,5639925.61,5076124.78,2727504.52,2482230.36,12534594.92,10091516.93,5605211.59,4497185.08,4289955.17,3759560.12
2016-09-15,3714513.35,3311188.02,Train,2016,9,15,3,0,3,0,0,-1.0,-1.8369701987210297e-16,0.43388373911755823,-0.900968867902419,0,0,1,4385149.48,3911967.05,2950156.73,2710099.28,12403544.62,10116739.78,5622571.31,4439845.57,4578098.38,4047593.29
2016-09-16,4018602.31,3556568.41,Train,2016,9,16,4,0,3,0,0,-1.0,-1.8369701987210297e-16,-0.433883739117558,-0.9009688679024191,0,0,1,3714513.35,3311188.02,4080455.52,3550531.35,2363186.38,2197302.32,5481191.48,4224740.02,4322042.75,3890293.3
2016-09-17,4431680.09,3843688.85,Train,2016,9,17,5,1,3,0,0,-1.0,-1.8369701987210297e-16,-0.9749279121818236,-0.2225209339563146,0,0,1,4018602.31,3556568.41,3383667.97,3081087.79,2854708.14,2576390.08,9528740.46,7920089.68,4626830.39,4125549.97
2016-09-18,4942620.63,4382989.7,Train,2016,9,18,6,1,3,0,0,-1.0,-1.8369701987210297e-16,-0.7818314824680299,0.6234898018587334,0,0,1,4431680.09,3843688.85,4791697.67,4209772.35,2911393.7,2610346.46,6546299.57,5278113.04,4866373.41,4338177.32
2016-09-19,5350877.2,4783146.79,Train,2016,9,19,0,0,3,0,0,-1.0,-1.8369701987210297e-16,0.0,1.0,0,0,1,4942620.63,4382989.7,5675073.45,5130706.55,4157930.98,3683805.93,5781551.94,4564247.81,5970375.19,5199616.34
2016-09-20,4950112.24,4381290.5,Train,2016,9,20,1,0,3,0,0,-1.0,-1.8369701987210297e-16,0.7818314824680298,0.6234898018587336,0,0,1,5350877.2,4783146.79,5639925.61,5076124.78,4457820.99,4021959.96,6521389.47,5328696.02,5429549.96,4922952.43
2016-09-21,4415854.52,4042078.78,Train,2016,9,21,2,0,3,0,0,-1.0,-1.8369701987210297e-16,0.9749279121818236,-0.22252093395631434,0,0,1,4950112.24,4381290.5,4385149.48,3911967.05,2727504.52,2482230.36,5219998.72,4287522.68,3989413.65,3510644.34
2016-09-22,3570383.96,3326231.28,Train,2016,9,22,3,0,3,0,0,-1.0,-1.8369701987210297e-16,0.43388373911755823,-0.900968867902419,0,0,1,4415854.52,4042078.78,3714513.35,3311188.02,2950156.73,2710099.28,4815121.42,3868404.84,4492195.74,4136948.97
2016-09-23,4188287.62,3857859.5,Train,2016,9,23,4,0,3,0,0,-1.0,-1.8369701987210297e-16,-0.433883739117558,-0.9009688679024191,0,0,1,3570383.96,3326231.28,4018602.31,3556568.41,4080455.52,3550531.35,6292751.73,5100249.41,4990183.49,4532817.65
2016-09-24,3669054.98,3149906.57,Train,2016,9,24,5,1,3,0,0,-1.0,-1.8369701987210297e-16,-0.9749279121818236,-0.2225209339563146,0,0,1,4188287.62,3857859.5,4431680.09,3843688.85,3383667.97,3081087.79,8794928.73,6977759.11,5455949.84,4738294.51
2016-09-25,5830714.93,5221915.5,Train,2016,9,25,6,1,3,0,0,-1.0,-1.8369701987210297e-16,-0.7818314824680299,0.6234898018587334,0,0,1,3669054.98,3149906.57,4942620.63,4382989.7,4791697.67,4209772.35,5680360.34,4488665.83,6622087.86,5772363.74
2016-09-26,6888617.97,6121949.95,Train,2016,9,26,0,0,3,0,0,-1.0,-1.8369701987210297e-16,0.0,1.0,0,0,1,5830714.93,5221915.5,5350877.2,4783146.79,5675073.45,5130706.55,4561647.77,3662367.33,9527329.68,8445286.43
2016-09-27,8489123.16,7795904.94,Train,2016,9,27,1,0,3,0,0,-1.0,-1.8369701987210297e-16,0.7818314824680298,0.6234898018587336,0,0,1,6888617.97,6121949.95,4950112.24,4381290.5,5639925.61,5076124.78,15158669.18,12249721.23,8161672.8,7449690.47
2016-09-28,7567886.85,6824968.63,Train,2016,9,28,2,0,3,0,0,-1.0,-1.8369701987210297e-16,0.9749279121818236,-0.22252093395631434,0,0,1,8489123.16,7795904.94,4415854.52,4042078.78,4385149.48,3911967.05,14043471.1,11328872.12,7149980.42,6330231.0
2016-09-29,5432931.71,4892504.82,Train,2016,9,29,3,0,3,0,0,-1.0,-1.8369701987210297e-16,0.43388373911755823,-0.900968867902419,0,0,1,7567886.85,6824968.63,3570383.96,3326231.28,3714513.35,3311188.02,13812380.3,11037531.68,6245594.21,5509034.08
2016-09-30,4909635.76,4205412.15,Train,2016,9,30,4,0,3,0,1,-1.0,-1.8369701987210297e-16,-0.433883739117558,-0.9009688679024191,0,0,1,5432931.71,4892504.82,4188287.62,3857859.5,4018602.31,3556568.41,12534594.92,10091516.93,5328206.77,4579676.64
2016-10-01,4366699.03,3701260.21,Train,2016,10,1,5,1,4,1,0,-0.8660254037844386,0.5000000000000001,-0.9749279121818236,-0.2225209339563146,0,0,1,4909635.76,4205412.15,3669054.98,3149906.57,4431680.09,3843688.85,12403544.62,10116739.78,2171539.56,1796561.55
2016-10-02,2596796.4,1974164.43,Train,2016,10,2,6,1,4,0,0,-0.8660254037844386,0.5000000000000001,-0.7818314824680299,0.6234898018587334,0,0,0,4366699.03,3701260.21,5830714.93,5221915.5,4942620.63,4382989.7,2363186.38,2197302.32,4071748.88,3247591.03
2016-10-03,2548741.44,2097911.33,Train,2016,10,3,0,0,4,0,0,-0.8660254037844386,0.5000000000000001,0.0,1.0,0,0,0,2596796.4,1974164.43,6888617.97,6121949.95,5350877.2,4783146.79,2854708.14,2576390.08,3492367.73,2871726.8
2016-10-04,3461082.31,2850191.25,Train,2016,10,4,1,0,4,0,0,-0.8660254037844386,0.5000000000000001,0.7818314824680298,0.6234898018587336,0,0,0,2548741.44,2097911.33,8489123.16,7795904.94,4950112.24,4381290.5,2911393.7,2610346.46,4507541.9,3678096.41
2016-10-05,3424882.78,2746226.47,Train,2016,10,5,2,0,4,0,0,-0.8660254037844386,0.5000000000000001,0.9749279121818236,-0.22252093395631434,0,0,0,3461082.31,2850191.25,7567886.85,6824968.63,4415854.52,4042078.78,4157930.98,3683805.93,4188998.54,3415837.46
2016-10-06,2895028.23,2454432.63,Train,2016,10,6,3,0,4,0,0,-0.8660254037844386,0.5000000000000001,0.43388373911755823,-0.900968867902419,0,0,0,3424882.78,2746226.47,5432931.71,4892504.82,3570383.96,3326231.28,4457820.99,4021959.96,3426493.43,2803278.62
2016-10-07,3222934.99,2477341.55,Train,2016,10,7,4,0,4,0,0,-0.8660254037844386,0.5000000000000001,-0.433883739117558,-0.9009688679024191,0,0,0,2895028.23,2454432.63,4909635.76,4205412.15,4188287.62,3857859.5,2727504.52,2482230.36,3233949.18,2641121.98
2016-10-08,3101070.27,2574361.13,Train,2016,10,8,5,1,4,0,0,-0.8660254037844386,0.5000000000000001,-0.9749279121818236,-0.2225209339563146,0,0,0,3222934.99,2477341.55,4366699.03,3701260.21,3669054.98,3149906.57,2950156.73,2710099.28,3267999.74,2663149.73
2016-10-09,3313712.48,2583489.11,Train,2016,10,9,6,1,4,0,0,-0.8660254037844386,0.5000000000000001,-0.7818314824680299,0.6234898018587334,0,0,0,3101070.27,2574361.13,2596796.4,1974164.43,5830714.93,5221915.5,4080455.52,3550531.35,3378102.79,2705337.11
2016-10-10,4264616.83,3371581.16,Train,2016,10,10,0,0,4,0,0,-0.8660254037844386,0.5000000000000001,0.0,1.0,0,0,0,3313712.48,2583489.11,2548741.44,2097911.33,6888617.97,6121949.95,3383667.97,3081087.79,3286486.34,2566855.85
2016-10-11,4422185.53,3581266.99,Train,2016,10,11,1,0,4,0,0,-0.8660254037844386,0.5000000000000001,0.7818314824680298,0.6234898018587336,0,0,0,4264616.83,3371581.16,3461082.31,2850191.25,8489123.16,7795904.94,4791697.67,4209772.35,4956524.37,4081540.58
2016-10-12,4541598.24,3524730.02,Train,2016,10,12,2,0,4,0,0,-0.8660254037844386,0.5000000000000001,0.9749279121818236,-0.22252093395631434,0,0,0,4422185.53,3581266.99,3424882.78,2746226.47,7567886.85,6824968.63,5675073.45,5130706.55,5498991.17,4432958.2
2016-10-13,3317032.06,2649214.4,Train,2016,10,13,3,0,4,0,0,-0.8660254037844386,0.5000000000000001,0.43388373911755823,-0.900968867902419,0,0,0,4541598.24,3524730.02,2895028.23,2454432.63,5432931.71,4892504.82,5639925.61,5076124.78,3411355.27,2666618.8
2016-10-14,3511630.87,2718591.77,Train,2016,10,14,4,0,4,0,0,-0.8660254037844386,0.5000000000000001,-0.433883739117558,-0.9009688679024191,0,0,0,3317032.06,2649214.4,3222934.99,2477341.55,4909635.76,4205412.15,4385149.48,3911967.05,3768908.71,2948986.13
2016-10-15,3943248.97,3043533.56,Train,2016,10,15,5,1,4,0,0,-0.8660254037844386,0.5000000000000001,-0.9749279121818236,-0.2225209339563146,0,0,0,3511630.87,2718591.77,3101070.27,2574361.13,4366699.03,3701260.21,3714513.35,3311188.02,3821540.36,2987369.39
2016-10-16,4376304.87,3413503.15,Train,2016,10,16,6,1,4,0,0,-0.8660254037844386,0.5000000000000001,-0.7818314824680299,0.6234898018587334,0,0,0,3943248.97,3043533.56,3313712.48,2583489.11,2596796.4,1974164.43,4018602.31,3556568.41,3662021.88,2894880.7
2016-10-17,3037287.93,2453991.87,Train,2016,10,17,0,0,4,0,0,-0.8660254037844386,0.5000000000000001,0.0,1.0,0,0,0,4376304.87,3413503.15,4264616.83,3371581.16,2548741.44,2097911.33,4431680.09,3843688.85,4235369.07,3332133.13
2016-10-18,4508859.09,3657069.31,Train,2016,10,18,1,0,4,0,0,-0.8660254037844386,0.5000000000000001,0.7818314824680298,0.6234898018587336,0,0,0,3037287.93,2453991.87,4422185.53,3581266.99,3461082.31,2850191.25,4942620.63,4382989.7,6150586.07,4953145.42
2016-10-19,4228189.57,3396000.86,Train,2016,10,19,2,0,4,0,0,-0.8660254037844386,0.5000000000000001,0.9749279121818236,-0.22252093395631434,0,0,0,4508859.09,3657069.31,4541598.24,3524730.02,3424882.78,2746226.47,5350877.2,4783146.79,5151254.9,4073078.24
2016-10-20,2846518.01,2260628.69,Train,2016,10,20,3,0,4,0,0,-0.8660254037844386,0.5000000000000001,0.43388373911755823,-0.900968867902419,0,0,0,4228189.57,3396000.86,3317032.06,2649214.4,2895028.23,2454432.63,4950112.24,4381290.5,3861128.76,3112793.66
2016-10-21,3272036.28,2634207.2,Train,2016,10,21,4,0,4,0,0,-0.8660254037844386,0.5000000000000001,-0.433883739117558,-0.9009688679024191,0,0,0,2846518.01,2260628.69,3511630.87,2718591.77,3222934.99,2477341.55,4415854.52,4042078.78,3503062.58,2822517.81
2016-10-22,3948044.16,3231763.1,Train,2016,10,22,5,1,4,0,0,-0.8660254037844386,0.5000000000000001,-0.9749279121818236,-0.2225209339563146,0,0,0,3272036.28,2634207.2,3943248.97,3043533.56,3101070.27,2574361.13,3570383.96,3326231.28,4220053.16,3535441.18
2016-10-23,3383059.2,2666084.61,Train,2016,10,23,6,1,4,0,0,-0.8660254037844386,0.5000000000000001,-0.7818314824680299,0.6234898018587334,0,0,0,3948044.16,3231763.1,4376304.87,3413503.15,3313712.48,2583489.11,4188287.62,3857859.5,3836294.44,2963519.26
2016-10-24,4380387.44,3526727.23,Train,2016,10,24,0,0,4,0,0,-0.8660254037844386,0.5000000000000001,0.0,1.0,0,0,0,3383059.2,2666084.61,3037287.93,2453991.87,4264616.83,3371581.16,3669054.98,3149906.57,4371735.18,3592252.8
2016-10-25,4299274.8,3249930.02,Train,2016,10,25,1,0,4,0,0,-0.8660254037844386,0.5000000000000001,0.7818314824680298,0.6234898018587336,0,0,0,4380387.44,3526727.23,4508859.09,3657069.31,4422185.53,3581266.99,5830714.93,5221915.5,5670407.54,4548016.77
2016-10-26,4706906.11,3751859.51,Train,2016,10,26,2,0,4,0,0,-0.8660254037844386,0.5000000000000001,0.9749279121818236,-0.22252093395631434,0,0,0,4299274.8,3249930.02,4228189.57,3396000.86,4541598.24,3524730.02,6888617.97,6121949.95,5227347.01,4220293.85
2016-10-27,4202633.76,3430770.86,Train,2016,10,27,3,0,4,0,0,-0.8660254037844386,0.5000000000000001,0.43388373911755823,-0.900968867902419,0,0,0,4706906.11,3751859.51,2846518.01,2260628.69,3317032.06,2649214.4,8489123.16,7795904.94,7029977.95,5631491.38
2016-10-28,7095459.64,5821255.79,Train,2016,10,28,4,0,4,0,0,-0.8660254037844386,0.5000000000000001,-0.433883739117558,-0.9009688679024191,0,0,0,4202633.76,3430770.86,3272036.28,2634207.2,3511630.87,2718591.77,7567886.85,6824968.63,7420192.54,6015934.85
2016-10-29,7748034.04,6291672.94,Train,2016,10,29,5,1,4,0,0,-0.8660254037844386,0.5000000000000001,-0.9749279121818236,-0.2225209339563146,0,0,0,7095459.64,5821255.79,3948044.16,3231763.1,3943248.97,3043533.56,5432931.71,4892504.82,7246849.63,5898873.81
2016-10-30,6231866.09,5021019.4,Train,2016,10,30,6,1,4,0,0,-0.8660254037844386,0.5000000000000001,-0.7818314824680299,0.6234898018587334,0,0,0,7748034.04,6291672.94,3383059.2,2666084.61,4376304.87,3413503.15,4909635.76,4205412.15,5833943.99,4766615.28
2016-10-31,6154479.92,4923620.6,Train,2016,10,31,0,0,4,0,1,-0.8660254037844386,0.5000000000000001,0.0,1.0,0,0,0,6231866.09,5021019.4,4380387.44,3526727.23,3037287.93,2453991.87,4366699.03,3701260.21,5794071.48,4691433.96
2016-11-01,7719179.86,6108632.49,Train,2016,11,1,1,0,4,1,0,-0.5000000000000004,0.8660254037844384,0.7818314824680298,0.6234898018587336,0,0,0,6154479.92,4923620.6,4299274.8,3249930.02,4508859.09,3657069.31,2596796.4,1974164.43,2770297.66,2300656.83
2016-11-02,2019573.39,1671538.84,Train,2016,11,2,2,0,4,0,0,-0.5000000000000004,0.8660254037844384,0.9749279121818236,-0.22252093395631434,0,0,0,7719179.86,6108632.49,4706906.11,3751859.51,4228189.57,3396000.86,2548741.44,2097911.33,2095237.3,1642341.12
2016-11-03,2167731.38,1630172.24,Train,2016,11,3,3,0,4,0,0,-0.5000000000000004,0.8660254037844384,0.43388373911755823,-0.900968867902419,0,0,0,2019573.39,1671538.84,4202633.76,3430770.86,2846518.01,2260628.69,3461082.31,2850191.25,2658412.16,2230527.42
2016-11-04,2921457.72,2325634.63,Train,2016,11,4,4,0,4,0,0,-0.5000000000000004,0.8660254037844384,-0.433883739117558,-0.9009688679024191,0,0,0,2167731.38,1630172.24,7095459.64,5821255.79,3272036.28,2634207.2,3424882.78,2746226.47,2550367.78,2095931.27
2016-11-05,3331729.51,2510325.05,Train,2016,11,5,5,1,4,0,0,-0.5000000000000004,0.8660254037844384,-0.9749279121818236,-0.2225209339563146,0,0,0,2921457.72,2325634.63,7748034.04,6291672.94,3948044.16,3231763.1,2895028.23,2454432.63,3113759.4,2524846.93
2016-11-06,3177194.93,2614531.12,Train,2016,11,6,6,1,4,0,0,-0.5000000000000004,0.8660254037844384,-0.7818314824680299,0.6234898018587334,0,0,0,3331729.51,2510325.05,6231866.09,5021019.4,3383059.2,2666084.61,3222934.99,2477341.55,2523233.52,2111797.74
2016-11-07,4013690.76,3164694.75,Train,2016,11,7,0,0,4,0,0,-0.5000000000000004,0.8660254037844384,0.0,1.0,0,0,0,3177194.93,2614531.12,6154479.92,4923620.6,4380387.44,3526727.23,3101070.27,2574361.13,4183206.42,3467217.26
2016-11-08,2902668.64,2275142.13,Train,2016,11,8,1,0,4,0,0,-0.5000000000000004,0.8660254037844384,0.7818314824680298,0.6234898018587336,0,0,0,4013690.76,3164694.75,7719179.86,6108632.49,4299274.8,3249930.02,3313712.48,2583489.11,3409517.01,2730600.71
2016-11-09,3088936.2,2415653.4,Train,2016,11,9,2,0,4,0,0,-0.5000000000000004,0.8660254037844384,0.9749279121818236,-0.22252093395631434,0,0,0,2902668.64,2275142.13,2019573.39,1671538.84,4706906.11,3751859.51,4264616.83,3371581.16,3237404.66,2600539.96
2016-11-10,3524443.54,2787453.25,Train,2016,11,10,3,0,4,0,0,-0.5000000000000004,0.8660254037844384,0.43388373911755823,-0.900968867902419,0,0,0,3088936.2,2415653.4,2167731.38,1630172.24,4202633.76,3430770.86,4422185.53,3581266.99,2928494.89,2445001.94
2016-11-11,3242466.89,2622416.39,Train,2016,11,11,4,0,4,0,0,-0.5000000000000004,0.8660254037844384,-0.433883739117558,-0.9009688679024191,0,0,0,3524443.54,2787453.25,2921457.72,2325634.63,7095459.64,5821255.79,4541598.24,3524730.02,3900732.76,3072175.13
2016-11-12,4067309.35,3215859.82,Train,2016,11,12,5,1,4,0,0,-0.5000000000000004,0.8660254037844384,-0.9749279121818236,-0.2225209339563146,0,0,0,3242466.89,2622416.39,3331729.51,2510325.05,7748034.04,6291672.94,3317032.06,2649214.4,3144926.75,2547598.28
2016-11-13,4108240.53,3298120.47,Train,2016,11,13,6,1,4,0,0,-0.5000000000000004,0.8660254037844384,-0.7818314824680299,0.6234898018587334,0,0,0,4067309.35,3215859.82,3177194.93,2614531.12,6231866.09,5021019.4,3511630.87,2718591.77,4369752.69,3445998.98
2016-11-14,5384564.17,4287246.16,Train,2016,11,14,0,0,4,0,0,-0.5000000000000004,0.8660254037844384,0.0,1.0,0,0,0,4108240.53,3298120.47,4013690.76,3164694.75,6154479.92,4923620.6,3943248.97,3043533.56,4297274.47,3488973.66
2016-11-15,4067351.79,3266049.08,Train,2016,11,15,1,0,4,0,0,-0.5000000000000004,0.8660254037844384,0.7818314824680298,0.6234898018587336,0,0,0,5384564.17,4287246.16,2902668.64,2275142.13,7719179.86,6108632.49,4376304.87,3413503.15,4316238.63,3541079.15
2016-11-16,2666254.64,2184170.77,Train,2016,11,16,2,0,4,0,0,-0.5000000000000004,0.8660254037844384,0.9749279121818236,-0.22252093395631434,0,0,0,4067351.79,3266049.08,3088936.2,2415653.4,2019573.39,1671538.84,3037287.93,2453991.87,3035948.85,2418023.08
2016-11-17,3253737.52,2657687.82,Train,2016,11,17,3,0,4,0,0,-0.5000000000000004,0.8660254037844384,0.43388373911755823,-0.900968867902419,0,0,0,2666254.64,2184170.77,3524443.54,2787453.25,2167731.38,1630172.24,4508859.09,3657069.31,3208924.12,2787131.03
2016-11-18,2750384.49,2341586.51,Train,2016,11,18,4,0,4,0,0,-0.5000000000000004,0.8660254037844384,-0.433883739117558,-0.9009688679024191,0,0,1,3253737.52,2657687.82,3242466.89,2622416.39,2921457.72,2325634.63,4228189.57,3396000.86,2934934.24,2722267.8
2016-11-19,3049656.36,2797715.85,Train,2016,11,19,5,1,4,0,0,-0.5000000000000004,0.8660254037844384,-0.9749279121818236,-0.2225209339563146,0,0,1,2750384.49,2341586.51,4067309.35,3215859.82,3331729.51,2510325.05,2846518.01,2260628.69,3389498.76,3170548.9
2016-11-20,2422645.76,2208447.77,Train,2016,11,20,6,1,4,0,0,-0.5000000000000004,0.8660254037844384,-0.7818314824680299,0.6234898018587334,0,0,1,3049656.36,2797715.85,4108240.53,3298120.47,3177194.93,2614531.12,3272036.28,2634207.2,2291920.41,2320486.62
2016-11-21,2849528.18,2622825.33,Train,2016,11,21,0,0,4,0,0,-0.5000000000000004,0.8660254037844384,0.0,1.0,0,0,1,2422645.76,2208447.77,5384564.17,4287246.16,4013690.76,3164694.75,3948044.16,3231763.1,3070301.17,3152837.2
2016-11-22,2953802.19,3010640.25,Train,2016,11,22,1,0,4,0,0,-0.5000000000000004,0.8660254037844384,0.7818314824680298,0.6234898018587336,0,0,1,2849528.18,2622825.33,4067351.79,3266049.08,2902668.64,2275142.13,3383059.2,2666084.61,2329823.55,2370762.85
2016-11-23,1781135.32,1682846.05,Train,2016,11,23,2,0,4,0,0,-0.5000000000000004,0.8660254037844384,0.9749279121818236,-0.22252093395631434,0,0,1,2953802.19,3010640.25,2666254.64,2184170.77,3088936.2,2415653.4,4380387.44,3526727.23,1994420.05,2017128.44
2016-11-24,1693041.1,1727778.84,Train,2016,11,24,3,0,4,0,0,-0.5000000000000004,0.8660254037844384,0.43388373911755823,-0.900968867902419,0,0,1,1781135.32,1682846.05,3253737.52,2657687.82,3524443.54,2787453.25,4299274.8,3249930.02,1994246.64,2069297.94
2016-11-25,3314537.94,3343367.28,Train,2016,11,25,4,0,4,0,0,-0.5000000000000004,0.8660254037844384,-0.433883739117558,-0.9009688679024191,0,0,1,1693041.1,1727778.84,2750384.49,2341586.51,3242466.89,2622416.39,4706906.11,3751859.51,3361942.92,3392781.25
2016-11-26,3392192.14,3360164.37,Train,2016,11,26,5,1,4,0,0,-0.5000000000000004,0.8660254037844384,-0.9749279121818236,-0.2225209339563146,0,0,1,3314537.94,3343367.28,3049656.36,2797715.85,4067309.35,3215859.82,4202633.76,3430770.86,5242225.8,5137790.23
2016-11-27,5299633.2,5281944.59,Train,2016,11,27,6,1,4,0,0,-0.5000000000000004,0.8660254037844384,-0.7818314824680299,0.6234898018587334,0,0,1,3392192.14,3360164.37,2422645.76,2208447.77,4108240.53,3298120.47,7095459.64,5821255.79,5114979.4,5281806.7
2016-11-28,5196318.58,5131257.93,Train,2016,11,28,0,0,4,0,0,-0.5000000000000004,0.8660254037844384,0.0,1.0,0,0,1,5299633.2,5281944.59,2849528.18,2622825.33,5384564.17,4287246.16,7748034.04,6291672.94,5018236.03,4955536.7
2016-11-29,4921786.18,4962698.8,Train,2016,11,29,1,0,4,0,0,-0.5000000000000004,0.8660254037844384,0.7818314824680298,0.6234898018587336,0,0,1,5196318.58,5131257.93,2953802.19,3010640.25,4067351.79,3266049.08,6231866.09,5021019.4,4031497.64,4065929.95
2016-11-30,3832887.02,3897608.89,Train,2016,11,30,2,0,4,0,1,-0.5000000000000004,0.8660254037844384,0.9749279121818236,-0.22252093395631434,0,0,1,4921786.18,4962698.8,1781135.32,1682846.05,2666254.64,2184170.77,6154479.92,4923620.6,3221463.05,3262618.05
2016-12-01,2358573.02,2341309.79,Train,2016,12,1,3,0,4,1,0,-2.4492935982947064e-16,1.0,0.43388373911755823,-0.900968867902419,0,0,1,3832887.02,3897608.89,1693041.1,1727778.84,3253737.52,2657687.82,7719179.86,6108632.49,953639.35,978207.15
2016-12-02,907573.74,925477.21,Train,2016,12,2,4,0,4,0,0,-2.4492935982947064e-16,1.0,-0.433883739117558,-0.9009688679024191,0,0,1,2358573.02,2341309.79,3314537.94,3343367.28,2750384.49,2341586.51,2019573.39,1671538.84,1852279.15,1907081.99
2016-12-03,1333890.05,1218185.92,Train,2016,12,3,5,1,4,0,0,-2.4492935982947064e-16,1.0,-0.9749279121818236,-0.2225209339563146,0,0,1,907573.74,925477.21,3392192.14,3360164.37,3049656.36,2797715.85,2167731.38,1630172.24,2076429.7,2095572.96
2016-12-04,2237557.76,2224630.3,Train,2016,12,4,6,1,4,0,0,-2.4492935982947064e-16,1.0,-0.7818314824680299,0.6234898018587334,0,0,1,1333890.05,1218185.92,5299633.2,5281944.59,2422645.76,2208447.77,2921457.72,2325634.63,2287846.3,2292826.58
2016-12-05,1925286.27,1939563.58,Train,2016,12,5,0,0,4,0,0,-2.4492935982947064e-16,1.0,0.0,1.0,0,0,1,2237557.76,2224630.3,5196318.58,5131257.93,2849528.18,2622825.33,3331729.51,2510325.05,2028034.94,2013778.51
2016-12-06,2605334.49,2510982.32,Train,2016,12,6,1,0,4,0,0,-2.4492935982947064e-16,1.0,0.7818314824680298,0.6234898018587336,0,0,1,1925286.27,1939563.58,4921786.18,4962698.8,2953802.19,3010640.25,3177194.93,2614531.12,2286683.02,2364273.69
2016-12-07,2299467.49,2274139.79,Train,2016,12,7,2,0,4,0,0,-2.4492935982947064e-16,1.0,0.9749279121818236,-0.22252093395631434,0,0,1,2605334.49,2510982.32,3832887.02,3897608.89,1781135.32,1682846.05,4013690.76,3164694.75,2785090.6,2715044.46
2016-12-08,2075549.34,2136761.21,Train,2016,12,8,3,0,4,0,0,-2.4492935982947064e-16,1.0,0.43388373911755823,-0.900968867902419,0,0,1,2299467.49,2274139.79,2358573.02,2341309.79,1693041.1,1727778.84,2902668.64,2275142.13,1648123.41,1664248.89
2016-12-09,2553283.93,2600587.96,Train,2016,12,9,4,0,4,0,0,-2.4492935982947064e-16,1.0,-0.433883739117558,-0.9009688679024191,0,0,1,2075549.34,2136761.21,907573.74,925477.21,3314537.94,3343367.28,3088936.2,2415653.4,2450848.03,2579079.6
2016-12-10,2913080.54,2889190.43,Train,2016,12,10,5,1,4,0,0,-2.4492935982947064e-16,1.0,-0.9749279121818236,-0.2225209339563146,0,0,1,2553283.93,2600587.96,1333890.05,1218185.92,3392192.14,3360164.37,3524443.54,2787453.25,2027594.98,1955884.16
2016-12-11,2853330.5,2812545.24,Train,2016,12,11,6,1,4,0,0,-2.4492935982947064e-16,1.0,-0.7818314824680299,0.6234898018587334,0,0,1,2913080.54,2889190.43,2237557.76,2224630.3,5299633.2,5281944.59,3242466.89,2622416.39,2888573.7,2824587.14
2016-12-12,3248145.42,3217430.0,Train,2016,12,12,0,0,4,0,0,-2.4492935982947064e-16,1.0,0.0,1.0,0,0,1,2853330.5,2812545.24,1925286.27,1939563.58,5196318.58,5131257.93,4067309.35,3215859.82,3442735.4,3382073.59
2016-12-13,3823629.31,3830277.56,Train,2016,12,13,1,0,4,0,0,-2.4492935982947064e-16,1.0,0.7818314824680298,0.6234898018587336,0,0,1,3248145.42,3217430.0,2605334.49,2510982.32,4921786.18,4962698.8,4108240.53,3298120.47,3272227.86,3176504.37
2016-12-14,2792734.55,2831410.87,Train,2016,12,14,2,0,4,0,0,-2.4492935982947064e-16,1.0,0.9749279121818236,-0.22252093395631434,0,0,1,3823629.31,3830277.56,2299467.49,2274139.79,3832887.02,3897608.89,5384564.17,4287246.16,3089177.63,3106617.67
2016-12-15,2707101.38,2742933.88,Train,2016,12,15,3,0,4,0,0,-2.4492935982947064e-16,1.0,0.43388373911755823,-0.900968867902419,0,0,1,2792734.55,2831410.87,2075549.34,2136761.21,2358573.02,2341309.79,4067351.79,3266049.08,2310884.14,2367574.49
2016-12-16,2646651.72,2651717.38,Train,2016,12,16,4,0,4,0,0,-2.4492935982947064e-16,1.0,-0.433883739117558,-0.9009688679024191,0,0,1,2707101.38,2742933.88,2553283.93,2600587.96,907573.74,925477.21,2666254.64,2184170.77,2671287.02,2646046.82
2016-12-17,3238132.58,3280502.46,Train,2016,12,17,5,1,4,0,0,-2.4492935982947064e-16,1.0,-0.9749279121818236,-0.2225209339563146,0,0,1,2646651.72,2651717.38,2913080.54,2889190.43,1333890.05,1218185.92,3253737.52,2657687.82,2923802.97,2954646.8
2016-12-18,3271429.4,3285398.32,Train,2016,12,18,6,1,4,0,0,-2.4492935982947064e-16,1.0,-0.7818314824680299,0.6234898018587334,0,0,1,3238132.58,3280502.46,2853330.5,2812545.24,2237557.76,2224630.3,2750384.49,2341586.51,2965218.72,3081409.43
2016-12-19,4135316.35,4095588.8,Train,2016,12,19,0,0,4,0,0,-2.4492935982947064e-16,1.0,0.0,1.0,0,0,1,3271429.4,3285398.32,3248145.42,3217430.0,1925286.27,1939563.58,3049656.36,2797715.85,3613917.61,3711607.1
2016-12-20,4293749.29,4224108.67,Train,2016,12,20,1,0,4,0,0,-2.4492935982947064e-16,1.0,0.7818314824680298,0.6234898018587336,0,0,1,4135316.35,4095588.8,3823629.31,3830277.56,2605334.49,2510982.32,2422645.76,2208447.77,5050481.76,5131271.18
2016-12-21,4279775.59,4100591.43,Train,2016,12,21,2,0,4,0,0,-2.4492935982947064e-16,1.0,0.9749279121818236,-0.22252093395631434,0,0,1,4293749.29,4224108.67,2792734.55,2831410.87,2299467.49,2274139.79,2849528.18,2622825.33,3719442.83,3727031.54
2016-12-22,3117384.48,3057416.11,Train,2016,12,22,3,0,4,0,0,-2.4492935982947064e-16,1.0,0.43388373911755823,-0.900968867902419,0,0,1,4279775.59,4100591.43,2707101.38,2742933.88,2075549.34,2136761.21,2953802.19,3010640.25,3656481.63,3646146.76
2016-12-23,2500798.47,2509747.01,Train,2016,12,23,4,0,4,0,0,-2.4492935982947064e-16,1.0,-0.433883739117558,-0.9009688679024191,0,0,1,3117384.48,3057416.11,2646651.72,2651717.38,2553283.93,2600587.96,1781135.32,1682846.05,2398336.72,2262884.17
2016-12-24,2034069.49,2007308.18,Train,2016,12,24,5,1,4,0,0,-2.4492935982947064e-16,1.0,-0.9749279121818236,-0.2225209339563146,0,0,1,2500798.47,2509747.01,3238132.58,3280502.46,2913080.54,2889190.43,1693041.1,1727778.84,3229207.58,3048061.85
2016-12-25,3488378.94,3406046.44,Train,2016,12,25,6,1,4,0,0,-2.4492935982947064e-16,1.0,-0.7818314824680299,0.6234898018587334,0,0,1,2034069.49,2007308.18,3271429.4,3285398.32,2853330.5,2812545.24,3314537.94,3343367.28,3645783.09,3633106.61
2016-12-26,3839559.68,3806837.33,Train,2016,12,26,0,0,4,0,0,-2.4492935982947064e-16,1.0,0.0,1.0,0,0,1,3488378.94,3406046.44,4135316.35,4095588.8,3248145.42,3217430.0,3392192.14,3360164.37,5096354.17,5095420.51
2016-12-27,5844260.6,5750792.35,Train,2016,12,27,1,0,4,0,0,-2.4492935982947064e-16,1.0,0.7818314824680298,0.6234898018587336,0,0,1,3839559.68,3806837.33,4293749.29,4224108.67,3823629.31,3830277.56,5299633.2,5281944.59,8179976.67,8163764.62
2016-12-28,7554359.22,7421332.69,Train,2016,12,28,2,0,4,0,0,-2.4492935982947064e-16,1.0,0.9749279121818236,-0.22252093395631434,0,0,1,5844260.6,5750792.35,4279775.59,4100591.43,2792734.55,2831410.87,5196318.58,5131257.93,7760149.23,7689336.24
2016-12-29,7928143.58,7951767.41,Train,2016,12,29,3,0,4,0,0,-2.4492935982947064e-16,1.0,0.43388373911755823,-0.900968867902419,0,0,1,7554359.22,7421332.69,3117384.48,3057416.11,2707101.38,2742933.88,4921786.18,4962698.8,5941753.52,5888436.34
2016-12-30,5840732.73,5741938.39,Train,2016,12,30,4,0,4,0,0,-2.4492935982947064e-16,1.0,-0.433883739117558,-0.9009688679024191,0,0,1,7928143.58,7951767.41,2500798.47,2509747.01,2646651.72,2651717.38,3832887.02,3897608.89,6375571.66,6217888.06
2016-12-31,4969730.15,4920694.41,Train,2016,12,31,5,1,4,0,1,-2.4492935982947064e-16,1.0,-0.9749279121818236,-0.2225209339563146,0,0,1,5840732.73,5741938.39,2034069.49,2007308.18,3238132.58,3280502.46,2358573.02,2341309.79,5846204.33,5354701.23
2017-01-01,3998895.08,3583814.01,Train,2017,1,1,6,1,1,1,0,0.49999999999999994,0.8660254037844387,-0.7818314824680299,0.6234898018587334,1,0,1,4969730.15,4920694.41,3488378.94,3406046.44,3271429.4,3285398.32,907573.74,925477.21,2558616.91,2072521.54
2017-01-02,1748553.87,1374452.07,Train,2017,1,2,0,0,1,0,0,0.49999999999999994,0.8660254037844387,0.0,1.0,0,0,1,3998895.08,3583814.01,3839559.68,3806837.33,4135316.35,4095588.8,1333890.05,1218185.92,2744446.82,2169775.39
2017-01-03,1891837.91,1573537.28,Train,2017,1,3,1,0,1,0,0,0.49999999999999994,0.8660254037844387,0.7818314824680298,0.6234898018587336,0,0,0,1748553.87,1374452.07,5844260.6,5750792.35,4293749.29,4224108.67,2237557.76,2224630.3,2387838.0,1861702.6
2017-01-04,847466.28,682698.81,Train,2017,1,4,2,0,1,0,0,0.49999999999999994,0.8660254037844387,0.9749279121818236,-0.22252093395631434,0,0,0,1891837.91,1573537.28,7554359.22,7421332.69,4279775.59,4100591.43,1925286.27,1939563.58,1557710.07,1249444.02
2017-01-05,1464435.52,1145400.53,Train,2017,1,5,3,0,1,0,0,0.49999999999999994,0.8660254037844387,0.43388373911755823,-0.900968867902419,0,0,0,847466.28,682698.81,7928143.58,7951767.41,3117384.48,3057416.11,2605334.49,2510982.32,2337143.16,1917221.35
2017-01-06,2311449.24,1842665.52,Train,2017,1,6,4,0,1,0,0,0.49999999999999994,0.8660254037844387,-0.433883739117558,-0.9009688679024191,0,0,0,1464435.52,1145400.53,5840732.73,5741938.39,2500798.47,2509747.01,2299467.49,2274139.79,2503287.51,2024858.69
2017-01-07,2148635.45,1767280.58,Train,2017,1,7,5,1,1,0,0,0.49999999999999994,0.8660254037844387,-0.9749279121818236,-0.2225209339563146,0,0,0,2311449.24,1842665.52,4969730.15,4920694.41,2034069.49,2007308.18,2075549.34,2136761.21,2738103.45,2202044.96
2017-01-08,2907768.3,2272946.44,Train,2017,1,8,6,1,1,0,0,0.49999999999999994,0.8660254037844387,-0.7818314824680299,0.6234898018587334,0,0,0,2148635.45,1767280.58,3998895.08,3583814.01,3488378.94,3406046.44,2553283.93,2600587.96,3026961.32,2446095.09
2017-01-09,3437216.12,2814472.11,Train,2017,1,9,0,0,1,0,0,0.49999999999999994,0.8660254037844387,0.0,1.0,0,0,0,2907768.3,2272946.44,1748553.87,1374452.07,3839559.68,3806837.33,2913080.54,2889190.43,4122392.05,3201417.67
2017-01-10,3014515.71,2440786.22,Train,2017,1,10,1,0,1,0,0,0.49999999999999994,0.8660254037844387,0.7818314824680298,0.6234898018587336,0,0,0,3437216.12,2814472.11,1891837.91,1573537.28,5844260.6,5750792.35,2853330.5,2812545.24,3434076.67,2780091.13
2017-01-11,2227157.79,1674420.56,Train,2017,1,11,2,0,1,0,0,0.49999999999999994,0.8660254037844387,0.9749279121818236,-0.22252093395631434,0,0,0,3014515.71,2440786.22,847466.28,682698.81,7554359.22,7421332.69,3248145.42,3217430.0,2627637.47,2110300.27
2017-01-12,2704158.21,2101198.8,Train,2017,1,12,3,0,1,0,0,0.49999999999999994,0.8660254037844387,0.43388373911755823,-0.900968867902419,0,0,0,2227157.79,1674420.56,1464435.52,1145400.53,7928143.58,7951767.41,3823629.31,3830277.56,2268324.18,1914275.35
2017-01-13,3136819.59,2599219.64,Train,2017,1,13,4,0,1,0,0,0.49999999999999994,0.8660254037844387,-0.433883739117558,-0.9009688679024191,0,0,0,2704158.21,2101198.8,2311449.24,1842665.52,5840732.73,5741938.39,2792734.55,2831410.87,3247398.41,2705497.94
2017-01-14,2056300.58,1704845.73,Train,2017,1,14,5,1,1,0,0,0.49999999999999994,0.8660254037844387,-0.9749279121818236,-0.2225209339563146,0,0,0,3136819.59,2599219.64,2148635.45,1767280.58,4969730.15,4920694.41,2707101.38,2742933.88,3532606.36,3003599.85
2017-01-15,2415343.55,1994964.86,Train,2017,1,15,6,1,1,0,0,0.49999999999999994,0.8660254037844387,-0.7818314824680299,0.6234898018587334,0,0,0,2056300.58,1704845.73,2907768.3,2272946.44,3998895.08,3583814.01,2646651.72,2651717.38,3856871.3,3138016.53
2017-01-16,3848368.92,3102404.56,Train,2017,1,16,0,0,1,0,0,0.49999999999999994,0.8660254037844387,0.0,1.0,0,0,0,2415343.55,1994964.86,3437216.12,2814472.11,1748553.87,1374452.07,3238132.58,3280502.46,4229318.34,3477169.21
2017-01-17,2829843.68,2229864.7,Train,2017,1,17,1,0,1,0,0,0.49999999999999994,0.8660254037844387,0.7818314824680298,0.6234898018587336,0,0,0,3848368.92,3102404.56,3014515.71,2440786.22,1891837.91,1573537.28,3271429.4,3285398.32,4105149.52,3409714.29
2017-01-18,2138817.82,1652537.47,Train,2017,1,18,2,0,1,0,0,0.49999999999999994,0.8660254037844387,0.9749279121818236,-0.22252093395631434,0,0,0,2829843.68,2229864.7,2227157.79,1674420.56,847466.28,682698.81,4135316.35,4095588.8,2818234.03,2313238.83
2017-01-19,2663777.41,2187863.56,Train,2017,1,19,3,0,1,0,0,0.49999999999999994,0.8660254037844387,0.43388373911755823,-0.900968867902419,0,0,0,2138817.82,1652537.47,2704158.21,2101198.8,1464435.52,1145400.53,4293749.29,4224108.67,2842888.66,2294689.37
2017-01-20,2871845.05,2318588.01,Train,2017,1,20,4,0,1,0,0,0.49999999999999994,0.8660254037844387,-0.433883739117558,-0.9009688679024191,0,0,0,2663777.41,2187863.56,3136819.59,2599219.64,2311449.24,1842665.52,4279775.59,4100591.43,3981191.66,3293021.93
2017-01-21,2790303.1,2232164.85,Train,2017,1,21,5,1,1,0,0,0.49999999999999994,0.8660254037844387,-0.9749279121818236,-0.2225209339563146,0,0,0,2871845.05,2318588.01,2056300.58,1704845.73,2148635.45,1767280.58,3117384.48,3057416.11,3322730.4,2667153.86
2017-01-22,2438538.62,2064760.98,Train,2017,1,22,6,1,1,0,0,0.49999999999999994,0.8660254037844387,-0.7818314824680299,0.6234898018587334,0,0,0,2790303.1,2232164.85,2415343.55,1994964.86,2907768.3,2272946.44,2500798.47,2509747.01,3998813.29,3324513.23
2017-01-23,3466339.69,2719480.1,Train,2017,1,23,0,0,1,0,0,0.49999999999999994,0.8660254037844387,0.0,1.0,0,0,0,2438538.62,2064760.98,3848368.92,3102404.56,3437216.12,2814472.11,2034069.49,2007308.18,4734624.57,3904936.72
2017-01-24,2856042.21,2288079.89,Train,2017,1,24,1,0,1,0,0,0.49999999999999994,0.8660254037844387,0.7818314824680298,0.6234898018587336,0,0,0,3466339.69,2719480.1,2829843.68,2229864.7,3014515.71,2440786.22,3488378.94,3406046.44,5007306.32,4047871.63
2017-01-25,2345949.16,1953862.54,Train,2017,1,25,2,0,1,0,0,0.49999999999999994,0.8660254037844387,0.9749279121818236,-0.22252093395631434,0,0,0,2856042.21,2288079.89,2138817.82,1652537.47,2227157.79,1674420.56,3839559.68,3806837.33,3544741.3,2876880.62
2017-01-26,3398297.86,2689465.29,Train,2017,1,26,3,0,1,0,0,0.49999999999999994,0.8660254037844387,0.43388373911755823,-0.900968867902419,0,0,0,2345949.16,1953862.54,2663777.41,2187863.56,2704158.21,2101198.8,5844260.6,5750792.35,4728554.45,3994526.08
2017-01-27,3893498.97,3118864.85,Train,2017,1,27,4,0,1,0,0,0.49999999999999994,0.8660254037844387,-0.433883739117558,-0.9009688679024191,0,0,0,3398297.86,2689465.29,2871845.05,2318588.01,3136819.59,2599219.64,7554359.22,7421332.69,6717660.92,5529962.06
2017-01-28,5454445.79,4466542.85,Train,2017,1,28,5,1,1,0,0,0.49999999999999994,0.8660254037844387,-0.9749279121818236,-0.2225209339563146,0,0,0,3893498.97,3118864.85,2790303.1,2232164.85,2056300.58,1704845.73,7928143.58,7951767.41,5013253.01,4078543.96
2017-01-29,6530902.38,5313138.23,Train,2017,1,29,6,1,1,0,0,0.49999999999999994,0.8660254037844387,-0.7818314824680299,0.6234898018587334,0,0,0,5454445.79,4466542.85,2438538.62,2064760.98,2415343.55,1994964.86,5840732.73,5741938.39,6920879.78,5546795.93
2017-01-30,5647441.37,4545794.61,Train,2017,1,30,0,0,1,0,0,0.49999999999999994,0.8660254037844387,0.0,1.0,0,0,1,6530902.38,5313138.23,3466339.69,2719480.1,3848368.92,3102404.56,4969730.15,4920694.41,6449751.32,5251383.47
2017-01-31,5786663.6,4731579.01,Train,2017,1,31,1,0,1,0,1,0.49999999999999994,0.8660254037844387,0.7818314824680298,0.6234898018587336,0,0,1,5647441.37,4545794.61,2856042.21,2288079.89,2829843.68,2229864.7,3998895.08,3583814.01,5200767.32,4131331.82
2017-02-01,3754242.39,3007642.45,Train,2017,2,1,2,0,1,1,0,0.8660254037844386,0.5000000000000001,0.9749279121818236,-0.22252093395631434,0,0,1,5786663.6,4731579.01,2345949.16,1953862.54,2138817.82,1652537.47,1748553.87,1374452.07,2966994.87,2413250.92
2017-02-02,2084558.98,1704689.79,Train,2017,2,2,3,0,1,0,0,0.8660254037844386,0.5000000000000001,0.43388373911755823,-0.900968867902419,0,0,1,3754242.39,3007642.45,3398297.86,2689465.29,2663777.41,2187863.56,1891837.91,1573537.28,2273911.2,1841992.31
2017-02-03,2527455.7,2118774.82,Train,2017,2,3,4,0,1,0,0,0.8660254037844386,0.5000000000000001,-0.433883739117558,-0.9009688679024191,0,0,1,2084558.98,1704689.79,3893498.97,3118864.85,2871845.05,2318588.01,847466.28,682698.81,2819439.59,2305544.16
2017-02-04,2511052.37,2067059.03,Train,2017,2,4,5,1,1,0,0,0.8660254037844386,0.5000000000000001,-0.9749279121818236,-0.2225209339563146,0,0,1,2527455.7,2118774.82,5454445.79,4466542.85,2790303.1,2232164.85,1464435.52,1145400.53,3680939.41,2987435.62
2017-02-05,2436308.96,2039899.33,Train,2017,2,5,6,1,1,0,0,0.8660254037844386,0.5000000000000001,-0.7818314824680299,0.6234898018587334,0,0,1,2511052.37,2067059.03,6530902.38,5313138.23,2438538.62,2064760.98,2311449.24,1842665.52,4735761.79,3973322.09
2017-02-06,2567404.94,2085607.67,Train,2017,2,6,0,0,1,0,0,0.8660254037844386,0.5000000000000001,0.0,1.0,0,0,1,2436308.96,2039899.33,5647441.37,4545794.61,3466339.69,2719480.1,2148635.45,1767280.58,4032333.88,3144310.26
2017-02-07,2738634.88,2219123.05,Train,2017,2,7,1,0,1,0,0,0.8660254037844386,0.5000000000000001,0.7818314824680298,0.6234898018587336,0,0,1,2567404.94,2085607.67,5786663.6,4731579.01,2856042.21,2288079.89,2907768.3,2272946.44,3848593.44,3120549.68
2017-02-08,1933130.03,1586818.66,Train,2017,2,8,2,0,1,0,0,0.8660254037844386,0.5000000000000001,0.9749279121818236,-0.22252093395631434,0,0,1,2738634.88,2219123.05,3754242.39,3007642.45,2345949.16,1953862.54,3437216.12,2814472.11,3979641.11,3286349.1
2017-02-09,2516914.69,2076822.36,Train,2017,2,9,3,0,1,0,0,0.8660254037844386,0.5000000000000001,0.43388373911755823,-0.900968867902419,0,0,1,1933130.03,1586818.66,2084558.98,1704689.79,3398297.86,2689465.29,3014515.71,2440786.22,3448601.24,2764263.83
2017-02-10,2588464.94,2130151.17,Train,2017,2,10,4,0,1,0,0,0.8660254037844386,0.5000000000000001,-0.433883739117558,-0.9009688679024191,0,0,1,2516914.69,2076822.36,2527455.7,2118774.82,3893498.97,3118864.85,2227157.79,1674420.56,3717348.88,3000678.76
2017-02-11,3014037.02,2552520.25,Train,2017,2,11,5,1,1,0,0,0.8660254037844386,0.5000000000000001,-0.9749279121818236,-0.2225209339563146,0,0,1,2588464.94,2130151.17,2511052.37,2067059.03,5454445.79,4466542.85,2704158.21,2101198.8,4035900.93,3269439.67
2017-02-12,3603536.48,2886850.52,Train,2017,2,12,6,1,1,0,0,0.8660254037844386,0.5000000000000001,-0.7818314824680299,0.6234898018587334,0,0,1,3014037.02,2552520.25,2436308.96,2039899.33,6530902.38,5313138.23,3136819.59,2599219.64,4701818.64,3727060.93
2017-02-13,4440040.43,3602625.97,Train,2017,2,13,0,0,1,0,0,0.8660254037844386,0.5000000000000001,0.0,1.0,0,0,1,3603536.48,2886850.52,2567404.94,2085607.67,5647441.37,4545794.61,2056300.58,1704845.73,4925684.12,4030980.54
2017-02-14,3875527.43,3254271.21,Train,2017,2,14,1,0,1,0,0,0.8660254037844386,0.5000000000000001,0.7818314824680298,0.6234898018587336,0,0,1,4440040.43,3602625.97,2738634.88,2219123.05,5786663.6,4731579.01,2415343.55,1994964.86,4588032.77,3702428.02
2017-02-15,2042667.61,1725509.05,Train,2017,2,15,2,0,1,0,0,0.8660254037844386,0.5000000000000001,0.9749279121818236,-0.22252093395631434,0,0,1,3875527.43,3254271.21,1933130.03,1586818.66,3754242.39,3007642.45,3848368.92,3102404.56,3941056.12,3209642.29
2017-02-16,3533527.8,2858753.36,Train,2017,2,16,3,0,1,0,0,0.8660254037844386,0.5000000000000001,0.43388373911755823,-0.900968867902419,0,0,1,2042667.61,1725509.05,2516914.69,2076822.36,2084558.98,1704689.79,2829843.68,2229864.7,2962078.99,2374063.71
2017-02-17,3023518.61,2507056.83,Train,2017,2,17,4,0,1,0,0,0.8660254037844386,0.5000000000000001,-0.433883739117558,-0.9009688679024191,0,0,1,3533527.8,2858753.36,2588464.94,2130151.17,2527455.7,2118774.82,2138817.82,1652537.47,4009498.5,3301336.9
2017-02-18,3277433.63,2800726.99,Train,2017,2,18,5,1,1,0,0,0.8660254037844386,0.5000000000000001,-0.9749279121818236,-0.2225209339563146,0,0,1,3023518.61,2507056.83,3014037.02,2552520.25,2511052.37,2067059.03,2663777.41,2187863.56,4571419.08,3665043.13
2017-02-19,4520643.56,3744775.49,Train,2017,2,19,6,1,1,0,0,0.8660254037844386,0.5000000000000001,-0.7818314824680299,0.6234898018587334,0,0,1,3277433.63,2800726.99,3603536.48,2886850.52,2436308.96,2039899.33,2871845.05,2318588.01,5176883.79,4193086.14
2017-02-20,5623470.83,4661358.55,Train,2017,2,20,0,0,1,0,0,0.8660254037844386,0.5000000000000001,0.0,1.0,0,0,1,4520643.56,3744775.49,4440040.43,3602625.97,2567404.94,2085607.67,2790303.1,2232164.85,4758472.96,3843027.26
2017-02-21,5243661.46,4397106.06,Train,2017,2,21,1,0,1,0,0,0.8660254037844386,0.5000000000000001,0.7818314824680298,0.6234898018587336,0,0,1,5623470.83,4661358.55,3875527.43,3254271.21,2738634.88,2219123.05,2438538.62,2064760.98,4721935.01,3825599.58
2017-02-22,4461426.24,3673004.77,Train,2017,2,22,2,0,1,0,0,0.8660254037844386,0.5000000000000001,0.9749279121818236,-0.22252093395631434,0,0,1,5243661.46,4397106.06,2042667.61,1725509.05,1933130.03,1586818.66,3466339.69,2719480.1,4550216.22,3722357.32
2017-02-23,5005082.74,4050645.07,Train,2017,2,23,3,0,1,0,0,0.8660254037844386,0.5000000000000001,0.43388373911755823,-0.900968867902419,0,0,1,4461426.24,3673004.77,3533527.8,2858753.36,2516914.69,2076822.36,2856042.21,2288079.89,5790273.07,4665515.38
2017-02-24,5197080.94,4291124.12,Train,2017,2,24,4,0,1,0,0,0.8660254037844386,0.5000000000000001,-0.433883739117558,-0.9009688679024191,0,0,1,5005082.74,4050645.07,3023518.61,2507056.83,2588464.94,2130151.17,2345949.16,1953862.54,7677182.49,6237906.21
2017-02-25,7193655.77,5984598.22,Train,2017,2,25,5,1,1,0,0,0.8660254037844386,0.5000000000000001,-0.9749279121818236,-0.2225209339563146,0,0,1,5197080.94,4291124.12,3277433.63,2800726.99,3014037.02,2552520.25,3398297.86,2689465.29,7096236.89,5762106.77
2017-02-26,6951383.99,5568547.06,Train,2017,2,26,6,1,1,0,0,0.8660254037844386,0.5000000000000001,-0.7818314824680299,0.6234898018587334,0,0,1,7193655.77,5984598.22,4520643.56,3744775.49,3603536.48,2886850.52,3893498.97,3118864.85,6837275.28,5301081.64
2017-02-27,7418488.93,6084966.92,Train,2017,2,27,0,0,1,0,0,0.8660254037844386,0.5000000000000001,0.0,1.0,0,0,1,6951383.99,5568547.06,5623470.83,4661358.55,4440040.43,3602625.97,5454445.79,4466542.85,5117740.12,4142676.19
2017-02-28,5900508.14,4852701.48,Train,2017,2,28,1,0,1,0,1,0.8660254037844386,0.5000000000000001,0.7818314824680298,0.6234898018587336,0,0,1,7418488.93,6084966.92,5243661.46,4397106.06,3875527.43,3254271.21,6530902.38,5313138.23,3529083.59,2843903.05
2017-03-01,4138759.12,3461752.84,Train,2017,3,1,2,0,1,1,0,1.0,6.123233995736766e-17,0.9749279121818236,-0.22252093395631434,0,0,1,5900508.14,4852701.48,4461426.24,3673004.77,2042667.61,1725509.05,5647441.37,4545794.61,709982.79,623398.17
2017-03-02,1084768.59,894235.96,Train,2017,3,2,3,0,1,0,0,1.0,6.123233995736766e-17,0.43388373911755823,-0.900968867902419,0,0,0,4138759.12,3461752.84,5005082.74,4050645.07,3533527.8,2858753.36,5786663.6,4731579.01,1479744.0,1243049.71
2017-03-03,1291387.67,1088338.93,Train,2017,3,3,4,0,1,0,0,1.0,6.123233995736766e-17,-0.433883739117558,-0.9009688679024191,0,0,0,1084768.59,894235.96,5197080.94,4291124.12,3023518.61,2507056.83,3754242.39,3007642.45,2251060.05,1853979.92
2017-03-04,1414852.54,1091358.11,Train,2017,3,4,5,1,1,0,0,1.0,6.123233995736766e-17,-0.9749279121818236,-0.2225209339563146,0,0,0,1291387.67,1088338.93,7193655.77,5984598.22,3277433.63,2800726.99,2084558.98,1704689.79,2778579.79,2305820.78
2017-03-05,2359240.19,1784452.73,Train,2017,3,5,6,1,1,0,0,1.0,6.123233995736766e-17,-0.7818314824680299,0.6234898018587334,0,0,0,1414852.54,1091358.11,6951383.99,5568547.06,4520643.56,3744775.49,2527455.7,2118774.82,3472294.22,2819038.04
2017-03-06,3890607.23,3160109.06,Train,2017,3,6,0,0,1,0,0,1.0,6.123233995736766e-17,0.0,1.0,0,0,0,2359240.19,1784452.73,7418488.93,6084966.92,5623470.83,4661358.55,2511052.37,2067059.03,3501407.51,2754054.05
2017-03-07,3220221.21,2644266.94,Train,2017,3,7,1,0,1,0,0,1.0,6.123233995736766e-17,0.7818314824680298,0.6234898018587336,0,0,0,3890607.23,3160109.06,5900508.14,4852701.48,5243661.46,4397106.06,2436308.96,2039899.33,4275566.76,3544887.63
2017-03-08,4553707.12,3607122.81,Train,2017,3,8,2,0,1,0,0,1.0,6.123233995736766e-17,0.9749279121818236,-0.22252093395631434,0,0,0,3220221.21,2644266.94,4138759.12,3461752.84,4461426.24,3673004.77,2567404.94,2085607.67,4693887.34,3819333.06
2017-03-09,4967983.41,4034647.4,Train,2017,3,9,3,0,1,0,0,1.0,6.123233995736766e-17,0.43388373911755823,-0.900968867902419,0,0,0,4553707.12,3607122.81,1084768.59,894235.96,5005082.74,4050645.07,2738634.88,2219123.05,5050829.68,4101613.27
2017-03-10,6057343.95,4929376.63,Train,2017,3,10,4,0,1,0,0,1.0,6.123233995736766e-17,-0.433883739117558,-0.9009688679024191,0,0,0,4967983.41,4034647.4,1291387.67,1088338.93,5197080.94,4291124.12,1933130.03,1586818.66,7374516.48,5983967.59
2017-03-11,4368486.87,3465509.34,Train,2017,3,11,5,1,1,0,0,1.0,6.123233995736766e-17,-0.9749279121818236,-0.2225209339563146,0,0,0,6057343.95,4929376.63,1414852.54,1091358.11,7193655.77,5984598.22,2516914.69,2076822.36,6281759.31,5065973.55
2017-03-12,3116003.75,2481856.51,Train,2017,3,12,6,1,1,0,0,1.0,6.123233995736766e-17,-0.7818314824680299,0.6234898018587334,0,0,0,4368486.87,3465509.34,2359240.19,1784452.73,6951383.99,5568547.06,2588464.94,2130151.17,4673863.75,3853834.05
2017-03-13,4924647.72,4152542.23,Train,2017,3,13,0,0,1,0,0,1.0,6.123233995736766e-17,0.0,1.0,0,0,0,3116003.75,2481856.51,3890607.23,3160109.06,7418488.93,6084966.92,3014037.02,2552520.25,4655322.31,3707033.48
2017-03-14,5669415.23,4519981.15,Train,2017,3,14,1,0,1,0,0,1.0,6.123233995736766e-17,0.7818314824680298,0.6234898018587336,0,0,0,4924647.72,4152542.23,3220221.21,2644266.94,5900508.14,4852701.48,3603536.48,2886850.52,5214530.57,4150309.08
2017-03-15,7298281.44,5862653.36,Train,2017,3,15,2,0,1,0,0,1.0,6.123233995736766e-17,0.9749279121818236,-0.22252093395631434,0,0,0,5669415.23,4519981.15,4553707.12,3607122.81,4138759.12,3461752.84,4440040.43,3602625.97,5319085.92,4384259.36
2017-03-16,7437742.79,6020449.52,Train,2017,3,16,3,0,1,0,0,1.0,6.123233995736766e-17,0.43388373911755823,-0.900968867902419,0,0,0,7298281.44,5862653.36,4967983.41,4034647.4,1084768.59,894235.96,3875527.43,3254271.21,6412758.35,5219744.05
2017-03-17,7834618.24,6274517.1,Train,2017,3,17,4,0,1,0,0,1.0,6.123233995736766e-17,-0.433883739117558,-0.9009688679024191,0,0,0,7437742.79,6020449.52,6057343.95,4929376.63,1291387.67,1088338.93,2042667.61,1725509.05,8569336.81,6809198.69
2017-03-18,5974783.9,4875618.15,Train,2017,3,18,5,1,1,0,0,1.0,6.123233995736766e-17,-0.9749279121818236,-0.2225209339563146,0,0,1,7834618.24,6274517.1,4368486.87,3465509.34,1414852.54,1091358.11,3533527.8,2858753.36,6917674.02,5792586.92
2017-03-19,5122059.27,4468071.53,Train,2017,3,19,6,1,1,0,0,1.0,6.123233995736766e-17,-0.7818314824680299,0.6234898018587334,0,0,1,5974783.9,4875618.15,3116003.75,2481856.51,2359240.19,1784452.73,3023518.61,2507056.83,5852909.53,4990341.15
2017-03-20,5574811.65,4750949.98,Train,2017,3,20,0,0,1,0,0,1.0,6.123233995736766e-17,0.0,1.0,0,0,1,5122059.27,4468071.53,4924647.72,4152542.23,3890607.23,3160109.06,3277433.63,2800726.99,4759469.17,3951071.76
2017-03-21,6395400.59,5699224.23,Train,2017,3,21,1,0,1,0,0,1.0,6.123233995736766e-17,0.7818314824680298,0.6234898018587336,0,0,1,5574811.65,4750949.98,5669415.23,4519981.15,3220221.21,2644266.94,4520643.56,3744775.49,5534732.74,4759221.87
2017-03-22,6704488.72,5884865.16,Train,2017,3,22,2,0,1,0,0,1.0,6.123233995736766e-17,0.9749279121818236,-0.22252093395631434,0,0,1,6395400.59,5699224.23,7298281.44,5862653.36,4553707.12,3607122.81,5623470.83,4661358.55,5449314.63,4970365.56
2017-03-23,8227253.04,7586583.97,Train,2017,3,23,3,0,1,0,0,1.0,6.123233995736766e-17,0.43388373911755823,-0.900968867902419,0,0,1,6704488.72,5884865.16,7437742.79,6020449.52,4967983.41,4034647.4,5243661.46,4397106.06,6046593.49,5532819.27
2017-03-24,8043513.7,7275137.93,Train,2017,3,24,4,0,1,0,0,1.0,6.123233995736766e-17,-0.433883739117558,-0.9009688679024191,0,0,1,8227253.04,7586583.97,7834618.24,6274517.1,6057343.95,4929376.63,4461426.24,3673004.77,7933448.72,7157854.93
2017-03-25,5949599.34,5438511.57,Train,2017,3,25,5,1,1,0,0,1.0,6.123233995736766e-17,-0.9749279121818236,-0.2225209339563146,0,0,1,8043513.7,7275137.93,5974783.9,4875618.15,4368486.87,3465509.34,5005082.74,4050645.07,7008643.3,6273523.88
2017-03-26,5631526.96,5140078.21,Train,2017,3,26,6,1,1,0,0,1.0,6.123233995736766e-17,-0.7818314824680299,0.6234898018587334,0,0,1,5949599.34,5438511.57,5122059.27,4468071.53,3116003.75,2481856.51,5197080.94,4291124.12,5197781.65,4790136.82
2017-03-27,6690279.11,5981854.17,Train,2017,3,27,0,0,1,0,0,1.0,6.123233995736766e-17,0.0,1.0,0,0,1,5631526.96,5140078.21,5574811.65,4750949.98,4924647.72,4152542.23,7193655.77,5984598.22,6141114.6,5639995.87
2017-03-28,7528150.84,6808020.58,Train,2017,3,28,1,0,1,0,0,1.0,6.123233995736766e-17,0.7818314824680298,0.6234898018587336,0,0,1,6690279.11,5981854.17,6395400.59,5699224.23,5669415.23,4519981.15,6951383.99,5568547.06,5291170.65,4853169.6
2017-03-29,8839810.76,8216778.38,Train,2017,3,29,2,0,1,0,0,1.0,6.123233995736766e-17,0.9749279121818236,-0.22252093395631434,0,0,1,7528150.84,6808020.58,6704488.72,5884865.16,7298281.44,5862653.36,7418488.93,6084966.92,7521778.94,6878616.36
2017-03-30,17516038.82,16224964.49,Train,2017,3,30,3,0,1,0,0,1.0,6.123233995736766e-17,0.43388373911755823,-0.900968867902419,0,0,1,8839810.76,8216778.38,8227253.04,7586583.97,7437742.79,6020449.52,5900508.14,4852701.48,14545392.64,13412468.3
2017-03-31,16556662.03,15209810.1,Train,2017,3,31,4,0,1,0,1,1.0,6.123233995736766e-17,-0.433883739117558,-0.9009688679024191,0,0,1,17516038.82,16224964.49,8043513.7,7275137.93,7834618.24,6274517.1,4138759.12,3461752.84,14231299.73,12932629.87
2017-04-01,15808755.61,14645912.76,Train,2017,4,1,5,1,2,1,0,0.8660254037844387,-0.4999999999999998,-0.9749279121818236,-0.2225209339563146,0,0,1,16556662.03,15209810.1,5949599.34,5438511.57,5974783.9,4875618.15,1084768.59,894235.96,12298083.49,11254792.81
2017-04-02,14750037.65,13407725.54,Train,2017,4,2,6,1,2,0,0,0.8660254037844387,-0.4999999999999998,-0.7818314824680299,0.6234898018587334,0,0,1,15808755.61,14645912.76,5631526.96,5140078.21,5122059.27,4468071.53,1291387.67,1088338.93,13123488.4,12292938.79
2017-04-03,11986923.68,10898039.76,Train,2017,4,3,0,0,2,0,0,0.8660254037844387,-0.4999999999999998,0.0,1.0,0,0,1,14750037.65,13407725.54,6690279.11,5981854.17,5574811.65,4750949.98,1414852.54,1091358.11,10576481.39,9627706.26
2017-04-04,3822590.98,3438348.87,Train,2017,4,4,1,0,2,0,0,0.8660254037844387,-0.4999999999999998,0.7818314824680298,0.6234898018587336,0,0,1,11986923.68,10898039.76,7528150.84,6808020.58,6395400.59,5699224.23,2359240.19,1784452.73,4230255.21,3886345.44
2017-04-05,4629254.97,4199168.99,Train,2017,4,5,2,0,2,0,0,0.8660254037844387,-0.4999999999999998,0.9749279121818236,-0.22252093395631434,0,0,1,3822590.98,3438348.87,8839810.76,8216778.38,6704488.72,5884865.16,3890607.23,3160109.06,4598444.87,4315060.71
2017-04-06,3991728.43,3603945.57,Train,2017,4,6,3,0,2,0,0,0.8660254037844387,-0.4999999999999998,0.43388373911755823,-0.900968867902419,0,0,1,4629254.97,4199168.99,17516038.82,16224964.49,8227253.04,7586583.97,3220221.21,2644266.94,5873076.02,5465466.98
2017-04-07,3428956.51,3033332.62,Train,2017,4,7,4,0,2,0,0,0.8660254037844387,-0.4999999999999998,-0.433883739117558,-0.9009688679024191,0,0,1,3991728.43,3603945.57,16556662.03,15209810.1,8043513.7,7275137.93,4553707.12,3607122.81,5504606.21,5121344.12
2017-04-08,3512061.04,3104040.68,Train,2017,4,8,5,1,2,0,0,0.8660254037844387,-0.4999999999999998,-0.9749279121818236,-0.2225209339563146,0,0,1,3428956.51,3033332.62,15808755.61,14645912.76,5949599.34,5438511.57,4967983.41,4034647.4,4323869.8,3902265.35
2017-04-09,5195329.1,4683867.18,Train,2017,4,9,6,1,2,0,0,0.8660254037844387,-0.4999999999999998,-0.7818314824680299,0.6234898018587334,0,0,1,3512061.04,3104040.68,14750037.65,13407725.54,5631526.96,5140078.21,6057343.95,4929376.63,4537873.44,4208365.26
2017-04-10,4956146.85,4458418.44,Train,2017,4,10,0,0,2,0,0,0.8660254037844387,-0.4999999999999998,0.0,1.0,0,0,1,5195329.1,4683867.18,11986923.68,10898039.76,6690279.11,5981854.17,4368486.87,3465509.34,4898415.28,4517178.31
2017-04-11,6400896.15,5775011.4,Train,2017,4,11,1,0,2,0,0,0.8660254037844387,-0.4999999999999998,0.7818314824680298,0.6234898018587336,0,0,1,4956146.85,4458418.44,3822590.98,3438348.87,7528150.84,6808020.58,3116003.75,2481856.51,6193751.24,5553289.41
2017-04-12,6346191.53,5932271.71,Train,2017,4,12,2,0,2,0,0,0.8660254037844387,-0.4999999999999998,0.9749279121818236,-0.22252093395631434,0,0,1,6400896.15,5775011.4,4629254.97,4199168.99,8839810.76,8216778.38,4924647.72,4152542.23,5962850.28,5477134.6
2017-04-13,6080699.31,5675033.32,Train,2017,4,13,3,0,2,0,0,0.8660254037844387,-0.4999999999999998,0.43388373911755823,-0.900968867902419,0,0,1,6346191.53,5932271.71,3991728.43,3603945.57,17516038.82,16224964.49,5669415.23,4519981.15,8636899.06,7772805.93
2017-04-14,5046450.29,4501125.15,Train,2017,4,14,4,0,2,0,0,0.8660254037844387,-0.4999999999999998,-0.433883739117558,-0.9009688679024191,0,0,1,6080699.31,5675033.32,3428956.51,3033332.62,16556662.03,15209810.1,7298281.44,5862653.36,7184576.35,6220003.38
2017-04-15,5118767.2,4382670.97,Train,2017,4,15,5,1,2,0,0,0.8660254037844387,-0.4999999999999998,-0.9749279121818236,-0.2225209339563146,0,0,1,5046450.29,4501125.15,3512061.04,3104040.68,15808755.61,14645912.76,7437742.79,6020449.52,5910167.4,5244820.29
2017-04-16,5550880.17,4613246.21,Train,2017,4,16,6,1,2,0,0,0.8660254037844387,-0.4999999999999998,-0.7818314824680299,0.6234898018587334,0,0,1,5118767.2,4382670.97,5195329.1,4683867.18,14750037.65,13407725.54,7834618.24,6274517.1,7075518.69,5997253.75
2017-04-17,6659045.31,5533903.49,Train,2017,4,17,0,0,2,0,0,0.8660254037844387,-0.4999999999999998,0.0,1.0,0,0,1,5550880.17,4613246.21,4956146.85,4458418.44,11986923.68,10898039.76,5974783.9,4875618.15,9065525.85,7747445.67
2017-04-18,8056843.67,6512827.94,Train,2017,4,18,1,0,2,0,0,0.8660254037844387,-0.4999999999999998,0.7818314824680298,0.6234898018587336,0,0,0,6659045.31,5533903.49,6400896.15,5775011.4,3822590.98,3438348.87,5122059.27,4468071.53,7930420.94,6496267.7
2017-04-19,8628781.58,6869166.87,Train,2017,4,19,2,0,2,0,0,0.8660254037844387,-0.4999999999999998,0.9749279121818236,-0.22252093395631434,0,0,0,8056843.67,6512827.94,6346191.53,5932271.71,4629254.97,4199168.99,5574811.65,4750949.98,9299472.01,7665794.67
2017-04-20,7240460.1,5704449.86,Train,2017,4,20,3,0,2,0,0,0.8660254037844387,-0.4999999999999998,0.43388373911755823,-0.900968867902419,0,0,0,8628781.58,6869166.87,6080699.31,5675033.32,3991728.43,3603945.57,6395400.59,5699224.23,11470503.55,9220652.39
2017-04-21,5516371.41,4399591.55,Train,2017,4,21,4,0,2,0,0,0.8660254037844387,-0.4999999999999998,-0.433883739117558,-0.9009688679024191,0,0,0,7240460.1,5704449.86,5046450.29,4501125.15,3428956.51,3033332.62,6704488.72,5884865.16,9681621.65,7780628.47
2017-04-22,5307716.56,4273571.86,Train,2017,4,22,5,1,2,0,0,0.8660254037844387,-0.4999999999999998,-0.9749279121818236,-0.2225209339563146,0,0,0,5516371.41,4399591.55,5118767.2,4382670.97,3512061.04,3104040.68,8227253.04,7586583.97,6442191.99,5276646.93
2017-04-23,7933547.43,6292750.65,Train,2017,4,23,6,1,2,0,0,0.8660254037844387,-0.4999999999999998,-0.7818314824680299,0.6234898018587334,0,0,0,5307716.56,4273571.86,5550880.17,4613246.21,5195329.1,4683867.18,8043513.7,7275137.93,8225755.2,6488166.41
2017-04-24,7075130.23,5783275.04,Train,2017,4,24,0,0,2,0,0,0.8660254037844387,-0.4999999999999998,0.0,1.0,0,0,0,7933547.43,6292750.65,6659045.31,5533903.49,4956146.85,4458418.44,5949599.34,5438511.57,8005992.5,6468446.01
2017-04-25,8289377.68,6751931.23,Train,2017,4,25,1,0,2,0,0,0.8660254037844387,-0.4999999999999998,0.7818314824680298,0.6234898018587336,0,0,0,7075130.23,5783275.04,8056843.67,6512827.94,6400896.15,5775011.4,5631526.96,5140078.21,11068078.01,8923524.58
2017-04-26,11677117.94,9490915.85,Train,2017,4,26,2,0,2,0,0,0.8660254037844387,-0.4999999999999998,0.9749279121818236,-0.22252093395631434,0,0,0,8289377.68,6751931.23,8628781.58,6869166.87,6346191.53,5932271.71,6690279.11,5981854.17,11387120.36,9133066.32
2017-04-27,10910842.34,8767860.5,Train,2017,4,27,3,0,2,0,0,0.8660254037844387,-0.4999999999999998,0.43388373911755823,-0.900968867902419,0,0,0,11677117.94,9490915.85,7240460.1,5704449.86,6080699.31,5675033.32,7528150.84,6808020.58,16379722.53,13128158.81
2017-04-28,8873238.46,7052027.5,Train,2017,4,28,4,0,2,0,0,0.8660254037844387,-0.4999999999999998,-0.433883739117558,-0.9009688679024191,0,0,0,10910842.34,8767860.5,5516371.41,4399591.55,5046450.29,4501125.15,8839810.76,8216778.38,17388183.19,13978683.94
2017-04-29,13969061.08,11193381.32,Train,2017,4,29,5,1,2,0,0,0.8660254037844387,-0.4999999999999998,-0.9749279121818236,-0.2225209339563146,0,0,0,8873238.46,7052027.5,5307716.56,4273571.86,5118767.2,4382670.97,17516038.82,16224964.49,16966030.5,13610990.42
2017-04-30,12763691.95,10213945.04,Train,2017,4,30,6,1,2,0,1,0.8660254037844387,-0.4999999999999998,-0.7818314824680299,0.6234898018587334,1,0,0,13969061.08,11193381.32,7933547.43,6292750.65,5550880.17,4613246.21,16556662.03,15209810.1,12874790.56,10476104.29
2017-05-01,10437173.89,8248934.13,Train,2017,5,1,0,0,2,1,0,0.49999999999999994,-0.8660254037844387,0.0,1.0,1,0,0,12763691.95,10213945.04,7075130.23,5783275.04,6659045.31,5533903.49,15808755.61,14645912.76,11553720.73,9387796.08
2017-05-02,10668293.77,8545428.77,Train,2017,5,2,1,0,2,0,0,0.49999999999999994,-0.8660254037844387,0.7818314824680298,0.6234898018587336,0,0,0,10437173.89,8248934.13,8289377.68,6751931.23,8056843.67,6512827.94,14750037.65,13407725.54,8891959.72,7094979.67
2017-05-03,11066087.91,8850240.81,Train,2017,5,3,2,0,2,0,0,0.49999999999999994,-0.8660254037844387,0.9749279121818236,-0.22252093395631434,0,0,0,10668293.77,8545428.77,11677117.94,9490915.85,8628781.58,6869166.87,11986923.68,10898039.76,6609488.85,5263847.33
2017-05-04,5096072.55,4205229.55,Train,2017,5,4,3,0,2,0,0,0.49999999999999994,-0.8660254037844387,0.43388373911755823,-0.900968867902419,0,0,0,11066087.91,8850240.81,10910842.34,8767860.5,7240460.1,5704449.86,3822590.98,3438348.87,6041365.35,4874007.55
2017-05-05,5663567.39,4486107.35,Train,2017,5,5,4,0,2,0,0,0.49999999999999994,-0.8660254037844387,-0.433883739117558,-0.9009688679024191,0,0,0,5096072.55,4205229.55,8873238.46,7052027.5,5516371.41,4399591.55,4629254.97,4199168.99,6026491.95,4682705.07
2017-05-06,3743378.15,2996412.53,Train,2017,5,6,5,1,2,0,0,0.49999999999999994,-0.8660254037844387,-0.9749279121818236,-0.2225209339563146,0,0,0,5663567.39,4486107.35,13969061.08,11193381.32,5307716.56,4273571.86,3991728.43,3603945.57,5884185.84,4692160.58
2017-05-07,4893557.72,3947883.38,Train,2017,5,7,6,1,2,0,0,0.49999999999999994,-0.8660254037844387,-0.7818314824680299,0.6234898018587334,0,0,0,3743378.15,2996412.53,12763691.95,10213945.04,7933547.43,6292750.65,3428956.51,3033332.62,5016235.82,3962154.52
2017-05-08,5867384.27,4768855.8,Train,2017,5,8,0,0,2,0,0,0.49999999999999994,-0.8660254037844387,0.0,1.0,0,0,0,4893557.72,3947883.38,10437173.89,8248934.13,7075130.23,5783275.04,3512061.04,3104040.68,4730903.12,3759762.75
2017-05-09,6383091.75,5203605.53,Train,2017,5,9,1,0,2,0,0,0.49999999999999994,-0.8660254037844387,0.7818314824680298,0.6234898018587336,0,0,0,5867384.27,4768855.8,10668293.77,8545428.77,8289377.68,6751931.23,5195329.1,4683867.18,7307039.01,5990848.79
2017-05-10,7501996.22,6032076.17,Train,2017,5,10,2,0,2,0,0,0.49999999999999994,-0.8660254037844387,0.9749279121818236,-0.22252093395631434,0,0,0,6383091.75,5203605.53,11066087.91,8850240.81,11677117.94,9490915.85,4956146.85,4458418.44,6636687.87,5216849.07
2017-05-11,10239562.28,8268973.88,Train,2017,5,11,3,0,2,0,0,0.49999999999999994,-0.8660254037844387,0.43388373911755823,-0.900968867902419,0,0,0,7501996.22,6032076.17,5096072.55,4205229.55,10910842.34,8767860.5,6400896.15,5775011.4,8452886.26,6878143.05
2017-05-12,8320439.9,6726540.41,Train,2017,5,12,4,0,2,0,0,0.49999999999999994,-0.8660254037844387,-0.433883739117558,-0.9009688679024191,0,0,0,10239562.28,8268973.88,5663567.39,4486107.35,8873238.46,7052027.5,6346191.53,5932271.71,10736290.28,8789857.02
2017-05-13,7357524.23,5896933.82,Train,2017,5,13,5,1,2,0,0,0.49999999999999994,-0.8660254037844387,-0.9749279121818236,-0.2225209339563146,0,0,0,8320439.9,6726540.41,3743378.15,2996412.53,13969061.08,11193381.32,6080699.31,5675033.32,9817523.43,7817935.3
2017-05-14,6662133.39,5287890.68,Train,2017,5,14,6,1,2,0,0,0.49999999999999994,-0.8660254037844387,-0.7818314824680299,0.6234898018587334,0,0,0,7357524.23,5896933.82,4893557.72,3947883.38,12763691.95,10213945.04,5046450.29,4501125.15,7446413.22,6064015.7
2017-05-15,7541584.53,6196974.67,Train,2017,5,15,0,0,2,0,0,0.49999999999999994,-0.8660254037844387,0.0,1.0,0,0,0,6662133.39,5287890.68,5867384.27,4768855.8,10437173.89,8248934.13,5118767.2,4382670.97,6413929.56,4998345.42
2017-05-16,6978902.38,5556954.23,Train,2017,5,16,1,0,2,0,0,0.49999999999999994,-0.8660254037844387,0.7818314824680298,0.6234898018587336,0,0,0,7541584.53,6196974.67,6383091.75,5203605.53,10668293.77,8545428.77,5550880.17,4613246.21,7701732.93,5993216.92
2017-05-17,7526190.32,5942140.35,Train,2017,5,17,2,0,2,0,0,0.49999999999999994,-0.8660254037844387,0.9749279121818236,-0.22252093395631434,0,0,0,6978902.38,5556954.23,7501996.22,6032076.17,11066087.91,8850240.81,6659045.31,5533903.49,8631034.09,6848845.3
2017-05-18,10554187.11,8417567.55,Train,2017,5,18,3,0,2,0,0,0.49999999999999994,-0.8660254037844387,0.43388373911755823,-0.900968867902419,0,0,0,7526190.32,5942140.35,10239562.28,8268973.88,5096072.55,4205229.55,8056843.67,6512827.94,8416389.92,6811181.17
2017-05-19,8723026.23,6978931.62,Train,2017,5,19,4,0,2,0,0,0.49999999999999994,-0.8660254037844387,-0.433883739117558,-0.9009688679024191,0,0,0,10554187.11,8417567.55,8320439.9,6726540.41,5663567.39,4486107.35,8628781.58,6869166.87,11212790.37,9063577.59
2017-05-20,6210104.92,4916762.05,Train,2017,5,20,5,1,2,0,0,0.49999999999999994,-0.8660254037844387,-0.9749279121818236,-0.2225209339563146,0,0,0,8723026.23,6978931.62,7357524.23,5896933.82,3743378.15,2996412.53,7240460.1,5704449.86,10058131.11,8217262.68
2017-05-21,7924193.43,6410830.66,Train,2017,5,21,6,1,2,0,0,0.49999999999999994,-0.8660254037844387,-0.7818314824680299,0.6234898018587334,0,0,0,6210104.92,4916762.05,6662133.39,5287890.68,4893557.72,3947883.38,5516371.41,4399591.55,7447083.47,5895652.1
2017-05-22,7701304.95,6167091.35,Train,2017,5,22,0,0,2,0,0,0.49999999999999994,-0.8660254037844387,0.0,1.0,0,0,0,7924193.43,6410830.66,7541584.53,6196974.67,5867384.27,4768855.8,5307716.56,4273571.86,7687940.04,6156525.22
2017-05-23,8875094.41,7259320.81,Train,2017,5,23,1,0,2,0,0,0.49999999999999994,-0.8660254037844387,0.7818314824680298,0.6234898018587336,0,0,0,7701304.95,6167091.35,6978902.38,5556954.23,6383091.75,5203605.53,7933547.43,6292750.65,8645211.05,7045764.67
2017-05-24,9809118.2,7989958.15,Train,2017,5,24,2,0,2,0,0,0.49999999999999994,-0.8660254037844387,0.9749279121818236,-0.22252093395631434,0,0,0,8875094.41,7259320.81,7526190.32,5942140.35,7501996.22,6032076.17,7075130.23,5783275.04,8183351.87,6580079.91
2017-05-25,12997641.6,10345551.33,Train,2017,5,25,3,0,2,0,0,0.49999999999999994,-0.8660254037844387,0.43388373911755823,-0.900968867902419,0,0,0,9809118.2,7989958.15,10554187.11,8417567.55,10239562.28,8268973.88,8289377.68,6751931.23,9916196.12,7860116.29
2017-05-26,10924584.92,8936147.49,Train,2017,5,26,4,0,2,0,0,0.49999999999999994,-0.8660254037844387,-0.433883739117558,-0.9009688679024191,0,0,0,12997641.6,10345551.33,8723026.23,6978931.62,8320439.9,6726540.41,11677117.94,9490915.85,12748857.56,10440320.85
2017-05-27,6842735.97,5377732.71,Train,2017,5,27,5,1,2,0,0,0.49999999999999994,-0.8660254037844387,-0.9749279121818236,-0.2225209339563146,0,0,0,10924584.92,8936147.49,6210104.92,4916762.05,7357524.23,5896933.82,10910842.34,8767860.5,10645860.16,8560911.95
2017-05-28,6133951.19,4817050.8,Train,2017,5,28,6,1,2,0,0,0.49999999999999994,-0.8660254037844387,-0.7818314824680299,0.6234898018587334,0,0,0,6842735.97,5377732.71,7924193.43,6410830.66,6662133.39,5287890.68,8873238.46,7052027.5,7818417.53,6306590.85
2017-05-29,7513494.18,5975112.76,Train,2017,5,29,0,0,2,0,0,0.49999999999999994,-0.8660254037844387,0.0,1.0,0,0,0,6133951.19,4817050.8,7701304.95,6167091.35,7541584.53,6196974.67,13969061.08,11193381.32,6277386.71,4980964.03
2017-05-30,15437626.24,12468271.46,Train,2017,5,30,1,0,2,0,0,0.49999999999999994,-0.8660254037844387,0.7818314824680298,0.6234898018587336,0,0,0,7513494.18,5975112.76,8875094.41,7259320.81,6978902.38,5556954.23,12763691.95,10213945.04,15902645.06,12868500.26
2017-05-31,17314841.86,13846685.08,Train,2017,5,31,2,0,2,0,1,0.49999999999999994,-0.8660254037844387,0.9749279121818236,-0.22252093395631434,0,0,0,15437626.24,12468271.46,9809118.2,7989958.15,7526190.32,5942140.35,10437173.89,8248934.13,15273734.62,12146387.51
2017-06-01,17639270.88,14102311.81,Train,2017,6,1,3,0,2,1,0,1.2246467991473532e-16,-1.0,0.43388373911755823,-0.900968867902419,0,0,0,17314841.86,13846685.08,12997641.6,10345551.33,10554187.11,8417567.55,10668293.77,8545428.77,15027967.48,12020718.26
2017-06-02,17528852.88,14154253.77,Train,2017,6,2,4,0,2,0,0,1.2246467991473532e-16,-1.0,-0.433883739117558,-0.9009688679024191,0,0,0,17639270.88,14102311.81,10924584.92,8936147.49,8723026.23,6978931.62,11066087.91,8850240.81,15450407.81,12454831.83
2017-06-03,15308256.14,12312510.57,Train,2017,6,3,5,1,2,0,0,1.2246467991473532e-16,-1.0,-0.9749279121818236,-0.2225209339563146,0,0,0,17528852.88,14154253.77,6842735.97,5377732.71,6210104.92,4916762.05,5096072.55,4205229.55,14905219.23,12099283.96
2017-06-04,4982217.86,4015671.63,Train,2017,6,4,6,1,2,0,0,1.2246467991473532e-16,-1.0,-0.7818314824680299,0.6234898018587334,0,0,0,15308256.14,12312510.57,6133951.19,4817050.8,7924193.43,6410830.66,5663567.39,4486107.35,3543917.94,2852864.04
2017-06-05,6879970.92,5535512.4,Train,2017,6,5,0,0,2,0,0,1.2246467991473532e-16,-1.0,0.0,1.0,0,0,0,4982217.86,4015671.63,7513494.18,5975112.76,7701304.95,6167091.35,3743378.15,2996412.53,5281645.29,4151357.66
2017-06-06,5342823.74,4216558.08,Train,2017,6,6,1,0,2,0,0,1.2246467991473532e-16,-1.0,0.7818314824680298,0.6234898018587336,0,0,0,6879970.92,5535512.4,15437626.24,12468271.46,8875094.41,7259320.81,4893557.72,3947883.38,5164395.26,4100125.08
2017-06-07,7640608.49,6119021.16,Train,2017,6,7,2,0,2,0,0,1.2246467991473532e-16,-1.0,0.9749279121818236,-0.22252093395631434,0,0,0,5342823.74,4216558.08,17314841.86,13846685.08,9809118.2,7989958.15,5867384.27,4768855.8,6484605.21,5302528.24
2017-06-08,7229728.05,5870597.71,Train,2017,6,8,3,0,2,0,0,1.2246467991473532e-16,-1.0,0.43388373911755823,-0.900968867902419,0,0,0,7640608.49,6119021.16,17639270.88,14102311.81,12997641.6,10345551.33,6383091.75,5203605.53,8622987.0,7158408.04
2017-06-09,6070420.59,4805414.43,Train,2017,6,9,4,0,2,0,0,1.2246467991473532e-16,-1.0,-0.433883739117558,-0.9009688679024191,0,0,0,7229728.05,5870597.71,17528852.88,14154253.77,10924584.92,8936147.49,7501996.22,6032076.17,6719422.7,5484927.09
2017-06-10,6331260.25,5062026.02,Train,2017,6,10,5,1,2,0,0,1.2246467991473532e-16,-1.0,-0.9749279121818236,-0.2225209339563146,0,0,0,6070420.59,4805414.43,15308256.14,12312510.57,6842735.97,5377732.71,10239562.28,8268973.88,5856690.47,4774033.93
2017-06-11,6522568.24,5237226.84,Train,2017,6,11,6,1,2,0,0,1.2246467991473532e-16,-1.0,-0.7818314824680299,0.6234898018587334,0,0,0,6331260.25,5062026.02,4982217.86,4015671.63,6133951.19,4817050.8,8320439.9,6726540.41,5949391.29,4761365.56
2017-06-12,6628740.01,5335810.64,Train,2017,6,12,0,0,2,0,0,1.2246467991473532e-16,-1.0,0.0,1.0,0,0,0,6522568.24,5237226.84,6879970.92,5535512.4,7513494.18,5975112.76,7357524.23,5896933.82,6087764.33,4901187.37
2017-06-13,9097973.24,7325847.9,Train,2017,6,13,1,0,2,0,0,1.2246467991473532e-16,-1.0,0.7818314824680298,0.6234898018587336,0,0,0,6628740.01,5335810.64,5342823.74,4216558.08,15437626.24,12468271.46,6662133.39,5287890.68,6889883.95,5491827.46
2017-06-14,10026676.46,8103723.85,Train,2017,6,14,2,0,2,0,0,1.2246467991473532e-16,-1.0,0.9749279121818236,-0.22252093395631434,0,0,0,9097973.24,7325847.9,7640608.49,6119021.16,17314841.86,13846685.08,7541584.53,6196974.67,9141001.7,7338757.88
2017-06-15,7940593.56,6369139.96,Train,2017,6,15,3,0,2,0,0,1.2246467991473532e-16,-1.0,0.43388373911755823,-0.900968867902419,0,0,0,10026676.46,8103723.85,7229728.05,5870597.71,17639270.88,14102311.81,6978902.38,5556954.23,9864183.86,7853426.55
2017-06-16,7143718.68,5840484.65,Train,2017,6,16,4,0,2,0,0,1.2246467991473532e-16,-1.0,-0.433883739117558,-0.9009688679024191,0,0,0,7940593.56,6369139.96,6070420.59,4805414.43,17528852.88,14154253.77,7526190.32,5942140.35,10058421.18,8220535.81
2017-06-17,7455304.37,6136710.77,Train,2017,6,17,5,1,2,0,0,1.2246467991473532e-16,-1.0,-0.9749279121818236,-0.2225209339563146,0,0,0,7143718.68,5840484.65,6331260.25,5062026.02,15308256.14,12312510.57,10554187.11,8417567.55,5423957.08,4250810.07
2017-06-18,7827068.5,6257008.19,Train,2017,6,18,6,1,2,0,0,1.2246467991473532e-16,-1.0,-0.7818314824680299,0.6234898018587334,0,0,0,7455304.37,6136710.77,6522568.24,5237226.84,4982217.86,4015671.63,8723026.23,6978931.62,7882351.1,6322388.46
2017-06-19,7342525.83,5820728.91,Train,2017,6,19,0,0,2,0,0,1.2246467991473532e-16,-1.0,0.0,1.0,0,0,0,7827068.5,6257008.19,6628740.01,5335810.64,6879970.92,5535512.4,6210104.92,4916762.05,7908073.31,6297385.32
2017-06-20,8225238.75,6368214.24,Train,2017,6,20,1,0,2,0,0,1.2246467991473532e-16,-1.0,0.7818314824680298,0.6234898018587336,0,0,0,7342525.83,5820728.91,9097973.24,7325847.9,5342823.74,4216558.08,7924193.43,6410830.66,7266335.58,5841977.09
2017-06-21,10655514.59,8609715.32,Train,2017,6,21,2,0,2,0,0,1.2246467991473532e-16,-1.0,0.9749279121818236,-0.22252093395631434,0,0,0,8225238.75,6368214.24,10026676.46,8103723.85,7640608.49,6119021.16,7701304.95,6167091.35,8500049.69,6752198.15
2017-06-22,9198620.13,7431185.52,Train,2017,6,22,3,0,2,0,0,1.2246467991473532e-16,-1.0,0.43388373911755823,-0.900968867902419,0,0,0,10655514.59,8609715.32,7940593.56,6369139.96,7229728.05,5870597.71,8875094.41,7259320.81,10283795.21,8167871.69
2017-06-23,6526283.84,5230359.86,Train,2017,6,23,4,0,2,0,0,1.2246467991473532e-16,-1.0,-0.433883739117558,-0.9009688679024191,0,0,1,9198620.13,7431185.52,7143718.68,5840484.65,6070420.59,4805414.43,9809118.2,7989958.15,9872888.2,7950198.34
2017-06-24,7602436.11,6685562.91,Train,2017,6,24,5,1,2,0,0,1.2246467991473532e-16,-1.0,-0.9749279121818236,-0.2225209339563146,0,0,1,6526283.84,5230359.86,7455304.37,6136710.77,6331260.25,5062026.02,12997641.6,10345551.33,7881916.83,6508523.99
2017-06-25,7066545.51,6587328.34,Train,2017,6,25,6,1,2,0,0,1.2246467991473532e-16,-1.0,-0.7818314824680299,0.6234898018587334,0,0,1,7602436.11,6685562.91,7827068.5,6257008.19,6522568.24,5237226.84,10924584.92,8936147.49,6886227.09,6096912.54
2017-06-26,7983541.46,7671373.55,Train,2017,6,26,0,0,2,0,0,1.2246467991473532e-16,-1.0,0.0,1.0,0,0,1,7066545.51,6587328.34,7342525.83,5820728.91,6628740.01,5335810.64,6842735.97,5377732.71,6698524.32,6144242.3
2017-06-27,9250037.34,9101777.72,Train,2017,6,27,1,0,2,0,0,1.2246467991473532e-16,-1.0,0.7818314824680298,0.6234898018587336,0,0,1,7983541.46,7671373.55,8225238.75,6368214.24,9097973.24,7325847.9,6133951.19,4817050.8,6871506.56,6833479.69
2017-06-28,11067229.74,10779722.88,Train,2017,6,28,2,0,2,0,0,1.2246467991473532e-16,-1.0,0.9749279121818236,-0.22252093395631434,0,0,1,9250037.34,9101777.72,10655514.59,8609715.32,10026676.46,8103723.85,7513494.18,5975112.76,8247984.99,8163713.72
2017-06-29,14575854.67,14163551.21,Train,2017,6,29,3,0,2,0,0,1.2246467991473532e-16,-1.0,0.43388373911755823,-0.900968867902419,0,0,1,11067229.74,10779722.88,9198620.13,7431185.52,7940593.56,6369139.96,15437626.24,12468271.46,13343751.12,13303063.47
2017-06-30,10343460.86,10016805.64,Train,2017,6,30,4,0,2,0,1,1.2246467991473532e-16,-1.0,-0.433883739117558,-0.9009688679024191,0,0,1,14575854.67,14163551.21,6526283.84,5230359.86,7143718.68,5840484.65,17314841.86,13846685.08,11824115.33,11686500.64
2017-07-01,9399552.7,9077728.29,Train,2017,7,1,5,1,3,1,0,-0.4999999999999997,-0.8660254037844388,-0.9749279121818236,-0.2225209339563146,0,0,1,10343460.86,10016805.64,7602436.11,6685562.91,7455304.37,6136710.77,17639270.88,14102311.81,10173764.85,10138330.52
2017-07-02,8465410.55,8425628.54,Train,2017,7,2,6,1,3,0,0,-0.4999999999999997,-0.8660254037844388,-0.7818314824680299,0.6234898018587334,0,0,1,9399552.7,9077728.29,7066545.51,6587328.34,7827068.5,6257008.19,17528852.88,14154253.77,8800553.93,8597989.65
2017-07-03,7335280.55,7353625.52,Train,2017,7,3,0,0,3,0,0,-0.4999999999999997,-0.8660254037844388,0.0,1.0,0,0,1,8465410.55,8425628.54,7983541.46,7671373.55,7342525.83,5820728.91,15308256.14,12312510.57,6426683.62,6344095.57
2017-07-04,1548331.57,1505172.52,Train,2017,7,4,1,0,3,0,0,-0.4999999999999997,-0.8660254037844388,0.7818314824680298,0.6234898018587336,0,0,1,7335280.55,7353625.52,9250037.34,9101777.72,8225238.75,6368214.24,4982217.86,4015671.63,1386571.93,1325944.63
2017-07-05,2498941.43,2468637.84,Train,2017,7,5,2,0,3,0,0,-0.4999999999999997,-0.8660254037844388,0.9749279121818236,-0.22252093395631434,0,0,1,1548331.57,1505172.52,11067229.74,10779722.88,10655514.59,8609715.32,6879970.92,5535512.4,2748779.52,2677876.06
2017-07-06,3806545.74,3785638.98,Train,2017,7,6,3,0,3,0,0,-0.4999999999999997,-0.8660254037844388,0.43388373911755823,-0.900968867902419,0,0,1,2498941.43,2468637.84,14575854.67,14163551.21,9198620.13,7431185.52,5342823.74,4216558.08,2703265.31,2729115.94
2017-07-07,3910669.38,3735165.73,Train,2017,7,7,4,0,3,0,0,-0.4999999999999997,-0.8660254037844388,-0.433883739117558,-0.9009688679024191,0,0,1,3806545.74,3785638.98,10343460.86,10016805.64,6526283.84,5230359.86,7640608.49,6119021.16,4517288.27,4518370.11
2017-07-08,2775904.89,2709365.34,Train,2017,7,8,5,1,3,0,0,-0.4999999999999997,-0.8660254037844388,-0.9749279121818236,-0.2225209339563146,0,0,1,3910669.38,3735165.73,9399552.7,9077728.29,7602436.11,6685562.91,7229728.05,5870597.71,3773827.56,3763622.72
2017-07-09,4305575.04,4091213.73,Train,2017,7,9,6,1,3,0,0,-0.4999999999999997,-0.8660254037844388,-0.7818314824680299,0.6234898018587334,0,0,1,2775904.89,2709365.34,8465410.55,8425628.54,7066545.51,6587328.34,6070420.59,4805414.43,4051086.89,3956559.68
2017-07-10,4406742.02,4296558.78,Train,2017,7,10,0,0,3,0,0,-0.4999999999999997,-0.8660254037844388,0.0,1.0,0,0,1,4305575.04,4091213.73,7335280.55,7353625.52,7983541.46,7671373.55,6331260.25,5062026.02,4008532.54,3789183.06
2017-07-11,4944810.32,4863855.67,Train,2017,7,11,1,0,3,0,0,-0.4999999999999997,-0.8660254037844388,0.7818314824680298,0.6234898018587336,0,0,1,4406742.02,4296558.78,1548331.57,1505172.52,9250037.34,9101777.72,6522568.24,5237226.84,4094198.38,3954521.72
2017-07-12,4751983.65,4543652.2,Train,2017,7,12,2,0,3,0,0,-0.4999999999999997,-0.8660254037844388,0.9749279121818236,-0.22252093395631434,0,0,1,4944810.32,4863855.67,2498941.43,2468637.84,11067229.74,10779722.88,6628740.01,5335810.64,4373623.08,4271906.38
2017-07-13,6163660.52,5965250.9,Train,2017,7,13,3,0,3,0,0,-0.4999999999999997,-0.8660254037844388,0.43388373911755823,-0.900968867902419,0,0,1,4751983.65,4543652.2,3806545.74,3785638.98,14575854.67,14163551.21,9097973.24,7325847.9,3978100.94,3903887.84
2017-07-14,4470547.96,4429144.59,Train,2017,7,14,4,0,3,0,0,-0.4999999999999997,-0.8660254037844388,-0.433883739117558,-0.9009688679024191,0,0,1,6163660.52,5965250.9,3910669.38,3735165.73,10343460.86,10016805.64,10026676.46,8103723.85,5834657.65,5776926.66
2017-07-15,4914470.82,4964833.31,Train,2017,7,15,5,1,3,0,0,-0.4999999999999997,-0.8660254037844388,-0.9749279121818236,-0.2225209339563146,0,0,1,4470547.96,4429144.59,2775904.89,2709365.34,9399552.7,9077728.29,7940593.56,6369139.96,5538171.41,5410397.02
2017-07-16,5679726.46,5555676.19,Train,2017,7,16,6,1,3,0,0,-0.4999999999999997,-0.8660254037844388,-0.7818314824680299,0.6234898018587334,0,0,1,4914470.82,4964833.31,4305575.04,4091213.73,8465410.55,8425628.54,7143718.68,5840484.65,4146739.21,3932641.54
2017-07-17,5903451.12,5721733.07,Train,2017,7,17,0,0,3,0,0,-0.4999999999999997,-0.8660254037844388,0.0,1.0,0,0,1,5679726.46,5555676.19,4406742.02,4296558.78,7335280.55,7353625.52,7455304.37,6136710.77,4362617.65,4257377.15
2017-07-18,5722567.0,5454385.63,Train,2017,7,18,1,0,3,0,0,-0.4999999999999997,-0.8660254037844388,0.7818314824680298,0.6234898018587336,0,0,1,5903451.12,5721733.07,4944810.32,4863855.67,1548331.57,1505172.52,7827068.5,6257008.19,4037086.77,4032049.3
2017-07-19,5823778.88,5343161.22,Train,2017,7,19,2,0,3,0,0,-0.4999999999999997,-0.8660254037844388,0.9749279121818236,-0.22252093395631434,0,0,1,5722567.0,5454385.63,4751983.65,4543652.2,2498941.43,2468637.84,7342525.83,5820728.91,4972014.76,4468539.05
2017-07-20,7767875.77,6983084.24,Train,2017,7,20,3,0,3,0,0,-0.4999999999999997,-0.8660254037844388,0.43388373911755823,-0.900968867902419,0,0,1,5823778.88,5343161.22,6163660.52,5965250.9,3806545.74,3785638.98,8225238.75,6368214.24,5743038.13,4989427.8
2017-07-21,7742137.96,6801188.17,Train,2017,7,21,4,0,3,0,0,-0.4999999999999997,-0.8660254037844388,-0.433883739117558,-0.9009688679024191,0,0,1,7767875.77,6983084.24,4470547.96,4429144.59,3910669.38,3735165.73,10655514.59,8609715.32,6234589.1,5454135.01
2017-07-22,5031209.52,4280297.37,Train,2017,7,22,5,1,3,0,0,-0.4999999999999997,-0.8660254037844388,-0.9749279121818236,-0.2225209339563146,0,0,1,7742137.96,6801188.17,4914470.82,4964833.31,2775904.89,2709365.34,9198620.13,7431185.52,6429688.49,5405412.2
2017-07-23,5822844.6,4618045.67,Train,2017,7,23,6,1,3,0,0,-0.4999999999999997,-0.8660254037844388,-0.7818314824680299,0.6234898018587334,0,0,0,5031209.52,4280297.37,5679726.46,5555676.19,4305575.04,4091213.73,6526283.84,5230359.86,5794840.19,4693760.16
2017-07-24,5657508.49,4478937.41,Train,2017,7,24,0,0,3,0,0,-0.4999999999999997,-0.8660254037844388,0.0,1.0,0,0,0,5822844.6,4618045.67,5903451.12,5721733.07,4406742.02,4296558.78,7602436.11,6685562.91,4992598.4,3988427.93
2017-07-25,7277905.64,5735726.58,Train,2017,7,25,1,0,3,0,0,-0.4999999999999997,-0.8660254037844388,0.7818314824680298,0.6234898018587336,0,0,0,5657508.49,4478937.41,5722567.0,5454385.63,4944810.32,4863855.67,7066545.51,6587328.34,6602810.86,5210533.01
2017-07-26,8323356.74,6749350.5,Train,2017,7,26,2,0,3,0,0,-0.4999999999999997,-0.8660254037844388,0.9749279121818236,-0.22252093395631434,0,0,0,7277905.64,5735726.58,5823778.88,5343161.22,4751983.65,4543652.2,7983541.46,7671373.55,7851989.46,6298482.2
2017-07-27,10162217.48,8082143.68,Train,2017,7,27,3,0,3,0,0,-0.4999999999999997,-0.8660254037844388,0.43388373911755823,-0.900968867902419,0,0,0,8323356.74,6749350.5,7767875.77,6983084.24,6163660.52,5965250.9,9250037.34,9101777.72,7880563.86,6294203.51
2017-07-28,8483149.48,6878556.14,Train,2017,7,28,4,0,3,0,0,-0.4999999999999997,-0.8660254037844388,-0.433883739117558,-0.9009688679024191,0,0,0,10162217.48,8082143.68,7742137.96,6801188.17,4470547.96,4429144.59,11067229.74,10779722.88,10561338.25,8364736.75
2017-07-29,7623158.15,6127361.47,Train,2017,7,29,5,1,3,0,0,-0.4999999999999997,-0.8660254037844388,-0.9749279121818236,-0.2225209339563146,0,0,0,8483149.48,6878556.14,5031209.52,4280297.37,4914470.82,4964833.31,14575854.67,14163551.21,9786083.49,8009568.05
2017-07-30,8808543.18,8256517.97,Train,2017,7,30,6,1,3,0,0,-0.4999999999999997,-0.8660254037844388,-0.7818314824680299,0.6234898018587334,0,0,1,7623158.15,6127361.47,5822844.6,4618045.67,5679726.46,5555676.19,10343460.86,10016805.64,6346290.87,5035247.55
2017-07-31,9466549.72,11128407.08,Train,2017,7,31,0,0,3,0,1,-0.4999999999999997,-0.8660254037844388,0.0,1.0,0,0,1,8808543.18,8256517.97,5657508.49,4478937.41,5903451.12,5721733.07,9399552.7,9077728.29,11015269.56,8901256.98
2017-08-01,7103485.92,8893176.14,Train,2017,8,1,1,0,3,1,0,-0.8660254037844385,-0.5000000000000004,0.7818314824680298,0.6234898018587336,0,0,1,9466549.72,11128407.08,7277905.64,5735726.58,5722567.0,5454385.63,8465410.55,8425628.54,10793582.2,8684114.27
2017-08-02,6242432.38,8556480.36,Train,2017,8,2,2,0,3,0,0,-0.8660254037844385,-0.5000000000000004,0.9749279121818236,-0.22252093395631434,0,0,1,7103485.92,8893176.14,8323356.74,6749350.5,5823778.88,5343161.22,7335280.55,7353625.52,9744357.22,7715286.95
2017-08-03,6560878.74,8998020.07,Train,2017,8,3,3,0,3,0,0,-0.8660254037844385,-0.5000000000000004,0.43388373911755823,-0.900968867902419,0,0,1,6242432.38,8556480.36,10162217.48,8082143.68,7767875.77,6983084.24,1548331.57,1505172.52,9904285.99,7903743.51
2017-08-04,5472043.99,7638550.59,Train,2017,8,4,4,0,3,0,0,-0.8660254037844385,-0.5000000000000004,-0.433883739117558,-0.9009688679024191,0,0,1,6560878.74,8998020.07,8483149.48,6878556.14,7742137.96,6801188.17,2498941.43,2468637.84,9495153.07,7445312.45
2017-08-05,1626028.13,2192300.16,Train,2017,8,5,5,1,3,0,0,-0.8660254037844385,-0.5000000000000004,-0.9749279121818236,-0.2225209339563146,0,0,1,5472043.99,7638550.59,7623158.15,6127361.47,5031209.52,4280297.37,3806545.74,3785638.98,5608281.75,4405172.77
2017-08-06,2056024.63,2936220.92,Train,2017,8,6,6,1,3,0,0,-0.8660254037844385,-0.5000000000000004,-0.7818314824680299,0.6234898018587334,0,0,1,1626028.13,2192300.16,8808543.18,8256517.97,5822844.6,4618045.67,3910669.38,3735165.73,3417126.9,2778007.61
2017-08-07,2070918.21,2673620.96,Train,2017,8,7,0,0,3,0,0,-0.8660254037844385,-0.5000000000000004,0.0,1.0,0,0,1,2056024.63,2936220.92,9466549.72,11128407.08,5657508.49,4478937.41,2775904.89,2709365.34,4427581.45,3417549.23
2017-08-08,2631383.27,3603508.2,Train,2017,8,8,1,0,3,0,0,-0.8660254037844385,-0.5000000000000004,0.7818314824680298,0.6234898018587336,0,0,1,2070918.21,2673620.96,7103485.92,8893176.14,7277905.64,5735726.58,4305575.04,4091213.73,4350104.4,3457274.61
2017-08-09,2635632.31,3591835.02,Train,2017,8,9,2,0,3,0,0,-0.8660254037844385,-0.5000000000000004,0.9749279121818236,-0.22252093395631434,0,0,1,2631383.27,3603508.2,6242432.38,8556480.36,8323356.74,6749350.5,4406742.02,4296558.78,5367433.58,4307308.14
2017-08-10,3124252.01,4079777.28,Train,2017,8,10,3,0,3,0,0,-0.8660254037844385,-0.5000000000000004,0.43388373911755823,-0.900968867902419,0,0,1,2635632.31,3591835.02,6560878.74,8998020.07,10162217.48,8082143.68,4944810.32,4863855.67,6219835.93,4989664.4
2017-08-11,3164344.57,4365179.69,Train,2017,8,11,4,0,3,0,0,-0.8660254037844385,-0.5000000000000004,-0.433883739117558,-0.9009688679024191,0,0,1,3124252.01,4079777.28,5472043.99,7638550.59,8483149.48,6878556.14,4751983.65,4543652.2,6515630.05,5260377.53
2017-08-12,2404905.33,3325606.06,Train,2017,8,12,5,1,3,0,0,-0.8660254037844385,-0.5000000000000004,-0.9749279121818236,-0.2225209339563146,0,0,1,3164344.57,4365179.69,1626028.13,2192300.16,7623158.15,6127361.47,6163660.52,5965250.9,6119372.31,4890673.79
2017-08-13,2375693.54,3146463.17,Train,2017,8,13,6,1,3,0,0,-0.8660254037844385,-0.5000000000000004,-0.7818314824680299,0.6234898018587334,0,0,1,2404905.33,3325606.06,2056024.63,2936220.92,8808543.18,8256517.97,4470547.96,4429144.59,4911652.24,4032826.41
2017-08-14,3038574.28,4128458.45,Train,2017,8,14,0,0,3,0,0,-0.8660254037844385,-0.5000000000000004,0.0,1.0,0,0,1,2375693.54,3146463.17,2070918.21,2673620.96,9466549.72,11128407.08,4914470.82,4964833.31,4133214.74,3276890.85
2017-08-15,2570726.93,3709393.15,Train,2017,8,15,1,0,3,0,0,-0.8660254037844385,-0.5000000000000004,0.7818314824680298,0.6234898018587336,0,0,1,3038574.28,4128458.45,2631383.27,3603508.2,7103485.92,8893176.14,5679726.46,5555676.19,5605211.59,4497185.08
2017-08-16,3226436.89,4462853.41,Train,2017,8,16,2,0,3,0,0,-0.8660254037844385,-0.5000000000000004,0.9749279121818236,-0.22252093395631434,0,0,1,2570726.93,3709393.15,2635632.31,3591835.02,6242432.38,8556480.36,5903451.12,5721733.07,5622571.31,4439845.57
2017-08-17,4035498.92,5750566.25,Train,2017,8,17,3,0,3,0,0,-0.8660254037844385,-0.5000000000000004,0.43388373911755823,-0.900968867902419,0,0,1,3226436.89,4462853.41,3124252.01,4079777.28,6560878.74,8998020.07,5722567.0,5454385.63,5481191.48,4224740.02
2017-08-18,3226338.29,4356894.77,Train,2017,8,18,4,0,3,0,0,-0.8660254037844385,-0.5000000000000004,-0.433883739117558,-0.9009688679024191,0,0,1,4035498.92,5750566.25,3164344.57,4365179.69,5472043.99,7638550.59,5823778.88,5343161.22,9528740.46,7920089.68
2017-08-19,2594209.32,3620782.22,Train,2017,8,19,5,1,3,0,0,-0.8660254037844385,-0.5000000000000004,-0.9749279121818236,-0.2225209339563146,0,0,1,3226338.29,4356894.77,2404905.33,3325606.06,1626028.13,2192300.16,7767875.77,6983084.24,6546299.57,5278113.04
2017-08-20,2793076.6,3941814.02,Train,2017,8,20,6,1,3,0,0,-0.8660254037844385,-0.5000000000000004,-0.7818314824680299,0.6234898018587334,0,0,1,2594209.32,3620782.22,2375693.54,3146463.17,2056024.63,2936220.92,7742137.96,6801188.17,5781551.94,4564247.81
2017-08-21,2634922.72,3676913.21,Train,2017,8,21,0,0,3,0,0,-0.8660254037844385,-0.5000000000000004,0.0,1.0,0,0,1,2793076.6,3941814.02,3038574.28,4128458.45,2070918.21,2673620.96,5031209.52,4280297.37,6521389.47,5328696.02
2017-08-22,3146373.54,4106696.92,Train,2017,8,22,1,0,3,0,0,-0.8660254037844385,-0.5000000000000004,0.7818314824680298,0.6234898018587336,0,0,1,2634922.72,3676913.21,2570726.93,3709393.15,2631383.27,3603508.2,5822844.6,4618045.67,5219998.72,4287522.68
2017-08-23,3476965.73,4769850.97,Train,2017,8,23,2,0,3,0,0,-0.8660254037844385,-0.5000000000000004,0.9749279121818236,-0.22252093395631434,0,0,1,3146373.54,4106696.92,3226436.89,4462853.41,2635632.31,3591835.02,5657508.49,4478937.41,4815121.42,3868404.84
2017-08-24,4910360.99,6796852.79,Train,2017,8,24,3,0,3,0,0,-0.8660254037844385,-0.5000000000000004,0.43388373911755823,-0.900968867902419,0,0,1,3476965.73,4769850.97,4035498.92,5750566.25,3124252.01,4079777.28,7277905.64,5735726.58,6292751.73,5100249.41
2017-08-25,3349335.96,4548124.98,Train,2017,8,25,4,0,3,0,0,-0.8660254037844385,-0.5000000000000004,-0.433883739117558,-0.9009688679024191,0,0,1,4910360.99,6796852.79,3226338.29,4356894.77,3164344.57,4365179.69,8323356.74,6749350.5,8794928.73,6977759.11
2017-08-26,2646726.51,3741666.75,Train,2017,8,26,5,1,3,0,0,-0.8660254037844385,-0.5000000000000004,-0.9749279121818236,-0.2225209339563146,0,0,1,3349335.96,4548124.98,2594209.32,3620782.22,2404905.33,3325606.06,10162217.48,8082143.68,5680360.34,4488665.83
2017-08-27,2383553.18,3067888.41,Train,2017,8,27,6,1,3,0,0,-0.8660254037844385,-0.5000000000000004,-0.7818314824680299,0.6234898018587334,0,0,1,2646726.51,3741666.75,2793076.6,3941814.02,2375693.54,3146463.17,8483149.48,6878556.14,4561647.77,3662367.33
2017-08-28,3635080.01,5161278.75,Train,2017,8,28,0,0,3,0,0,-0.8660254037844385,-0.5000000000000004,0.0,1.0,0,0,1,2383553.18,3067888.41,2634922.72,3676913.21,3038574.28,4128458.45,7623158.15,6127361.47,15158669.18,12249721.23
2017-08-29,7306573.99,9554867.54,Train,2017,8,29,1,0,3,0,0,-0.8660254037844385,-0.5000000000000004,0.7818314824680298,0.6234898018587336,0,0,1,3635080.01,5161278.75,3146373.54,4106696.92,2570726.93,3709393.15,8808543.18,8256517.97,14043471.1,11328872.12
2017-08-30,6946636.36,9396255.8,Train,2017,8,30,2,0,3,0,0,-0.8660254037844385,-0.5000000000000004,0.9749279121818236,-0.22252093395631434,0,0,2,7306573.99,9554867.54,3476965.73,4769850.97,3226436.89,4462853.41,9466549.72,11128407.08,13812380.3,11037531.68
2017-08-31,7907948.51,10017576.0,Train,2017,8,31,3,0,3,0,1,-0.8660254037844385,-0.5000000000000004,0.43388373911755823,-0.900968867902419,0,0,2,6946636.36,9396255.8,4910360.99,6796852.79,4035498.92,5750566.25,7103485.92,8893176.14,12534594.92,10091516.93
2017-09-01,5962206.68,7605277.51,Train,2017,9,1,4,0,3,1,0,-1.0,-1.8369701987210297e-16,-0.433883739117558,-0.9009688679024191,0,0,2,7907948.51,10017576.0,3349335.96,4548124.98,3226338.29,4356894.77,6242432.38,8556480.36,12403544.62,10116739.78
2017-09-02,6245530.26,7453975.27,Train,2017,9,2,5,1,3,0,0,-1.0,-1.8369701987210297e-16,-0.9749279121818236,-0.2225209339563146,1,0,2,5962206.68,7605277.51,2646726.51,3741666.75,2594209.32,3620782.22,6560878.74,8998020.07,2363186.38,2197302.32
2017-09-03,2366258.16,2028274.79,Train,2017,9,3,6,1,3,0,0,-1.0,-1.8369701987210297e-16,-0.7818314824680299,0.6234898018587334,0,0,1,6245530.26,7453975.27,2383553.18,3067888.41,2793076.6,3941814.02,5472043.99,7638550.59,2854708.14,2576390.08
2017-09-04,3110959.61,2696832.33,Train,2017,9,4,0,0,3,0,0,-1.0,-1.8369701987210297e-16,0.0,1.0,0,0,1,2366258.16,2028274.79,3635080.01,5161278.75,2634922.72,3676913.21,1626028.13,2192300.16,2911393.7,2610346.46
2017-09-05,4156708.13,3697301.2,Train,2017,9,5,1,0,3,0,0,-1.0,-1.8369701987210297e-16,0.7818314824680298,0.6234898018587336,0,0,1,3110959.61,2696832.33,7306573.99,9554867.54,3146373.54,4106696.92,2056024.63,2936220.92,4157930.98,3683805.93
2017-09-06,3962558.61,3470517.33,Train,2017,9,6,2,0,3,0,0,-1.0,-1.8369701987210297e-16,0.9749279121818236,-0.22252093395631434,0,0,1,4156708.13,3697301.2,6946636.36,9396255.8,3476965.73,4769850.97,2070918.21,2673620.96,4457820.99,4021959.96
2017-09-07,3177169.11,2911789.0,Train,2017,9,7,3,0,3,0,0,-1.0,-1.8369701987210297e-16,0.43388373911755823,-0.900968867902419,0,0,1,3962558.61,3470517.33,7907948.51,10017576.0,4910360.99,6796852.79,2631383.27,3603508.2,2727504.52,2482230.36
2017-09-08,2758623.23,2466116.27,Train,2017,9,8,4,0,3,0,0,-1.0,-1.8369701987210297e-16,-0.433883739117558,-0.9009688679024191,0,0,1,3177169.11,2911789.0,5962206.68,7605277.51,3349335.96,4548124.98,2635632.31,3591835.02,2950156.73,2710099.28
2017-09-09,3407389.12,3057748.67,Train,2017,9,9,5,1,3,0,0,-1.0,-1.8369701987210297e-16,-0.9749279121818236,-0.2225209339563146,0,0,1,2758623.23,2466116.27,6245530.26,7453975.27,2646726.51,3741666.75,3124252.01,4079777.28,4080455.52,3550531.35
2017-09-10,2833078.04,2447241.71,Train,2017,9,10,6,1,3,0,0,-1.0,-1.8369701987210297e-16,-0.7818314824680299,0.6234898018587334,0,0,1,3407389.12,3057748.67,2366258.16,2028274.79,2383553.18,3067888.41,3164344.57,4365179.69,3383667.97,3081087.79
2017-09-11,4351501.62,3874079.03,Train,2017,9,11,0,0,3,0,0,-1.0,-1.8369701987210297e-16,0.0,1.0,0,0,1,2833078.04,2447241.71,3110959.61,2696832.33,3635080.01,5161278.75,2404905.33,3325606.06,4791697.67,4209772.35
2017-09-12,5272757.92,4657582.93,Train,2017,9,12,1,0,3,0,0,-1.0,-1.8369701987210297e-16,0.7818314824680298,0.6234898018587336,0,0,1,4351501.62,3874079.03,4156708.13,3697301.2,7306573.99,9554867.54,2375693.54,3146463.17,5675073.45,5130706.55
2017-09-13,4375381.18,3897483.92,Train,2017,9,13,2,0,3,0,0,-1.0,-1.8369701987210297e-16,0.9749279121818236,-0.22252093395631434,0,0,1,5272757.92,4657582.93,3962558.61,3470517.33,6946636.36,9396255.8,3038574.28,4128458.45,5639925.61,5076124.78
2017-09-14,2944995.39,2598454.0,Train,2017,9,14,3,0,3,0,0,-1.0,-1.8369701987210297e-16,0.43388373911755823,-0.900968867902419,0,0,1,4375381.18,3897483.92,3177169.11,2911789.0,7907948.51,10017576.0,2570726.93,3709393.15,4385149.48,3911967.05
2017-09-15,4050240.35,3493814.51,Train,2017,9,15,4,0,3,0,0,-1.0,-1.8369701987210297e-16,-0.433883739117558,-0.9009688679024191,0,0,1,2944995.39,2598454.0,2758623.23,2466116.27,5962206.68,7605277.51,3226436.89,4462853.41,3714513.35,3311188.02
2017-09-16,3998480.39,3572766.48,Train,2017,9,16,5,1,3,0,0,-1.0,-1.8369701987210297e-16,-0.9749279121818236,-0.2225209339563146,0,0,1,4050240.35,3493814.51,3407389.12,3057748.67,6245530.26,7453975.27,4035498.92,5750566.25,4018602.31,3556568.41
2017-09-17,3646297.83,3324722.05,Train,2017,9,17,6,1,3,0,0,-1.0,-1.8369701987210297e-16,-0.7818314824680299,0.6234898018587334,0,0,1,3998480.39,3572766.48,2833078.04,2447241.71,2366258.16,2028274.79,3226338.29,4356894.77,4431680.09,3843688.85
2017-09-18,4708998.08,4108242.1,Train,2017,9,18,0,0,3,0,0,-1.0,-1.8369701987210297e-16,0.0,1.0,0,0,1,3646297.83,3324722.05,4351501.62,3874079.03,3110959.61,2696832.33,2594209.32,3620782.22,4942620.63,4382989.7
2017-09-19,5863767.93,5193156.23,Train,2017,9,19,1,0,3,0,0,-1.0,-1.8369701987210297e-16,0.7818314824680298,0.6234898018587336,0,0,1,4708998.08,4108242.1,5272757.92,4657582.93,4156708.13,3697301.2,2793076.6,3941814.02,5350877.2,4783146.79
2017-09-20,4348094.84,3813888.37,Train,2017,9,20,2,0,3,0,0,-1.0,-1.8369701987210297e-16,0.9749279121818236,-0.22252093395631434,0,0,1,5863767.93,5193156.23,4375381.18,3897483.92,3962558.61,3470517.33,2634922.72,3676913.21,4950112.24,4381290.5
2017-09-21,3941062.22,3437534.89,Train,2017,9,21,3,0,3,0,0,-1.0,-1.8369701987210297e-16,0.43388373911755823,-0.900968867902419,0,0,1,4348094.84,3813888.37,2944995.39,2598454.0,3177169.11,2911789.0,3146373.54,4106696.92,4415854.52,4042078.78
2017-09-22,4296469.47,3871217.73,Train,2017,9,22,4,0,3,0,0,-1.0,-1.8369701987210297e-16,-0.433883739117558,-0.9009688679024191,0,0,1,3941062.22,3437534.89,4050240.35,3493814.51,2758623.23,2466116.27,3476965.73,4769850.97,3570383.96,3326231.28
2017-09-23,4068464.64,3622953.87,Train,2017,9,23,5,1,3,0,0,-1.0,-1.8369701987210297e-16,-0.9749279121818236,-0.2225209339563146,0,0,1,4296469.47,3871217.73,3998480.39,3572766.48,3407389.12,3057748.67,4910360.99,6796852.79,4188287.62,3857859.5
2017-09-24,3893369.27,3496467.09,Train,2017,9,24,6,1,3,0,0,-1.0,-1.8369701987210297e-16,-0.7818314824680299,0.6234898018587334,0,0,1,4068464.64,3622953.87,3646297.83,3324722.05,2833078.04,2447241.71,3349335.96,4548124.98,3669054.98,3149906.57
2017-09-25,5274815.56,4684517.64,Train,2017,9,25,0,0,3,0,0,-1.0,-1.8369701987210297e-16,0.0,1.0,0,0,1,3893369.27,3496467.09,4708998.08,4108242.1,4351501.62,3874079.03,2646726.51,3741666.75,5830714.93,5221915.5
2017-09-26,5803004.55,5062124.41,Train,2017,9,26,1,0,3,0,0,-1.0,-1.8369701987210297e-16,0.7818314824680298,0.6234898018587336,0,0,1,5274815.56,4684517.64,5863767.93,5193156.23,5272757.92,4657582.93,2383553.18,3067888.41,6888617.97,6121949.95
2017-09-27,7446035.82,6568633.22,Train,2017,9,27,2,0,3,0,0,-1.0,-1.8369701987210297e-16,0.9749279121818236,-0.22252093395631434,0,0,1,5803004.55,5062124.41,4348094.84,3813888.37,4375381.18,3897483.92,3635080.01,5161278.75,8489123.16,7795904.94
2017-09-28,7777371.32,7033425.19,Train,2017,9,28,3,0,3,0,0,-1.0,-1.8369701987210297e-16,0.43388373911755823,-0.900968867902419,0,0,1,7446035.82,6568633.22,3941062.22,3437534.89,2944995.39,2598454.0,7306573.99,9554867.54,7567886.85,6824968.63
2017-09-29,5297992.65,4816175.26,Train,2017,9,29,4,0,3,0,0,-1.0,-1.8369701987210297e-16,-0.433883739117558,-0.9009688679024191,0,0,1,7777371.32,7033425.19,4296469.47,3871217.73,4050240.35,3493814.51,6946636.36,9396255.8,5432931.71,4892504.82
2017-09-30,5604370.48,4849617.32,Train,2017,9,30,5,1,3,0,1,-1.0,-1.8369701987210297e-16,-0.9749279121818236,-0.2225209339563146,0,0,1,5297992.65,4816175.26,4068464.64,3622953.87,3998480.39,3572766.48,7907948.51,10017576.0,4909635.76,4205412.15
2017-10-01,4057941.88,3476480.87,Train,2017,10,1,6,1,4,1,0,-0.8660254037844386,0.5000000000000001,-0.7818314824680299,0.6234898018587334,0,0,1,5604370.48,4849617.32,3893369.27,3496467.09,3646297.83,3324722.05,5962206.68,7605277.51,4366699.03,3701260.21
2017-10-02,2879522.46,2342981.57,Train,2017,10,2,0,0,4,0,0,-0.8660254037844386,0.5000000000000001,0.0,1.0,0,0,1,4057941.88,3476480.87,5274815.56,4684517.64,4708998.08,4108242.1,6245530.26,7453975.27,2596796.4,1974164.43
2017-10-03,2733645.95,2251158.64,Train,2017,10,3,1,0,4,0,0,-0.8660254037844386,0.5000000000000001,0.7818314824680298,0.6234898018587336,0,0,0,2879522.46,2342981.57,5803004.55,5062124.41,5863767.93,5193156.23,2366258.16,2028274.79,2548741.44,2097911.33
2017-10-04,3991921.57,3166198.46,Train,2017,10,4,2,0,4,0,0,-0.8660254037844386,0.5000000000000001,0.9749279121818236,-0.22252093395631434,0,0,0,2733645.95,2251158.64,7446035.82,6568633.22,4348094.84,3813888.37,3110959.61,2696832.33,3461082.31,2850191.25
2017-10-05,3219806.7,2540926.63,Train,2017,10,5,3,0,4,0,0,-0.8660254037844386,0.5000000000000001,0.43388373911755823,-0.900968867902419,0,0,0,3991921.57,3166198.46,7777371.32,7033425.19,3941062.22,3437534.89,4156708.13,3697301.2,3424882.78,2746226.47
2017-10-06,2919860.88,2393697.54,Train,2017,10,6,4,0,4,0,0,-0.8660254037844386,0.5000000000000001,-0.433883739117558,-0.9009688679024191,0,0,0,3219806.7,2540926.63,5297992.65,4816175.26,4296469.47,3871217.73,3962558.61,3470517.33,2895028.23,2454432.63
2017-10-07,3614512.4,2790501.3,Train,2017,10,7,5,1,4,0,0,-0.8660254037844386,0.5000000000000001,-0.9749279121818236,-0.2225209339563146,0,0,0,2919860.88,2393697.54,5604370.48,4849617.32,4068464.64,3622953.87,3177169.11,2911789.0,3222934.99,2477341.55
2017-10-08,3915909.65,3064193.34,Train,2017,10,8,6,1,4,0,0,-0.8660254037844386,0.5000000000000001,-0.7818314824680299,0.6234898018587334,0,0,0,3614512.4,2790501.3,4057941.88,3476480.87,3893369.27,3496467.09,2758623.23,2466116.27,3101070.27,2574361.13
2017-10-09,3295589.64,2601027.16,Train,2017,10,9,0,0,4,0,0,-0.8660254037844386,0.5000000000000001,0.0,1.0,0,0,0,3915909.65,3064193.34,2879522.46,2342981.57,5274815.56,4684517.64,3407389.12,3057748.67,3313712.48,2583489.11
2017-10-10,3865996.54,3056078.01,Train,2017,10,10,1,0,4,0,0,-0.8660254037844386,0.5000000000000001,0.7818314824680298,0.6234898018587336,0,0,0,3295589.64,2601027.16,2733645.95,2251158.64,5803004.55,5062124.41,2833078.04,2447241.71,4264616.83,3371581.16
2017-10-11,5115944.9,4157714.79,Train,2017,10,11,2,0,4,0,0,-0.8660254037844386,0.5000000000000001,0.9749279121818236,-0.22252093395631434,0,0,0,3865996.54,3056078.01,3991921.57,3166198.46,7446035.82,6568633.22,4351501.62,3874079.03,4422185.53,3581266.99
2017-10-12,4480692.67,3480805.66,Train,2017,10,12,3,0,4,0,0,-0.8660254037844386,0.5000000000000001,0.43388373911755823,-0.900968867902419,0,0,0,5115944.9,4157714.79,3219806.7,2540926.63,7777371.32,7033425.19,5272757.92,4657582.93,4541598.24,3524730.02
2017-10-13,3073492.71,2485145.78,Train,2017,10,13,4,0,4,0,0,-0.8660254037844386,0.5000000000000001,-0.433883739117558,-0.9009688679024191,0,0,0,4480692.67,3480805.66,2919860.88,2393697.54,5297992.65,4816175.26,4375381.18,3897483.92,3317032.06,2649214.4
2017-10-14,3790006.69,2996354.65,Train,2017,10,14,5,1,4,0,0,-0.8660254037844386,0.5000000000000001,-0.9749279121818236,-0.2225209339563146,0,0,0,3073492.71,2485145.78,3614512.4,2790501.3,5604370.48,4849617.32,2944995.39,2598454.0,3511630.87,2718591.77
2017-10-15,3744243.63,2920145.88,Train,2017,10,15,6,1,4,0,0,-0.8660254037844386,0.5000000000000001,-0.7818314824680299,0.6234898018587334,0,0,0,3790006.69,2996354.65,3915909.65,3064193.34,4057941.88,3476480.87,4050240.35,3493814.51,3943248.97,3043533.56
2017-10-16,4113305.99,3202804.6,Train,2017,10,16,0,0,4,0,0,-0.8660254037844386,0.5000000000000001,0.0,1.0,0,0,0,3744243.63,2920145.88,3295589.64,2601027.16,2879522.46,2342981.57,3998480.39,3572766.48,4376304.87,3413503.15
2017-10-17,4345077.6,3330124.96,Train,2017,10,17,1,0,4,0,0,-0.8660254037844386,0.5000000000000001,0.7818314824680298,0.6234898018587336,0,0,0,4113305.99,3202804.6,3865996.54,3056078.01,2733645.95,2251158.64,3646297.83,3324722.05,3037287.93,2453991.87
2017-10-18,6078621.94,4769081.72,Train,2017,10,18,2,0,4,0,0,-0.8660254037844386,0.5000000000000001,0.9749279121818236,-0.22252093395631434,0,0,0,4345077.6,3330124.96,5115944.9,4157714.79,3991921.57,3166198.46,4708998.08,4108242.1,4508859.09,3657069.31
2017-10-19,3916465.28,3063562.45,Train,2017,10,19,3,0,4,0,0,-0.8660254037844386,0.5000000000000001,0.43388373911755823,-0.900968867902419,0,0,0,6078621.94,4769081.72,4480692.67,3480805.66,3219806.7,2540926.63,5863767.93,5193156.23,4228189.57,3396000.86
2017-10-20,3454637.53,2776840.51,Train,2017,10,20,4,0,4,0,0,-0.8660254037844386,0.5000000000000001,-0.433883739117558,-0.9009688679024191,0,0,0,3916465.28,3063562.45,3073492.71,2485145.78,2919860.88,2393697.54,4348094.84,3813888.37,2846518.01,2260628.69
2017-10-21,3395571.6,2700303.7,Train,2017,10,21,5,1,4,0,0,-0.8660254037844386,0.5000000000000001,-0.9749279121818236,-0.2225209339563146,0,0,0,3454637.53,2776840.51,3790006.69,2996354.65,3614512.4,2790501.3,3941062.22,3437534.89,3272036.28,2634207.2
2017-10-22,3560322.33,2849008.19,Train,2017,10,22,6,1,4,0,0,-0.8660254037844386,0.5000000000000001,-0.7818314824680299,0.6234898018587334,0,0,0,3395571.6,2700303.7,3744243.63,2920145.88,3915909.65,3064193.34,4296469.47,3871217.73,3948044.16,3231763.1
2017-10-23,3915143.5,3019168.91,Train,2017,10,23,0,0,4,0,0,-0.8660254037844386,0.5000000000000001,0.0,1.0,0,0,0,3560322.33,2849008.19,4113305.99,3202804.6,3295589.64,2601027.16,4068464.64,3622953.87,3383059.2,2666084.61
2017-10-24,3172297.01,2492929.42,Train,2017,10,24,1,0,4,0,0,-0.8660254037844386,0.5000000000000001,0.7818314824680298,0.6234898018587336,0,0,0,3915143.5,3019168.91,4345077.6,3330124.96,3865996.54,3056078.01,3893369.27,3496467.09,4380387.44,3526727.23
2017-10-25,6656072.71,5320570.98,Train,2017,10,25,2,0,4,0,0,-0.8660254037844386,0.5000000000000001,0.9749279121818236,-0.22252093395631434,0,0,0,3172297.01,2492929.42,6078621.94,4769081.72,5115944.9,4157714.79,5274815.56,4684517.64,4299274.8,3249930.02
2017-10-26,5244501.34,4208554.22,Train,2017,10,26,3,0,4,0,0,-0.8660254037844386,0.5000000000000001,0.43388373911755823,-0.900968867902419,0,0,0,6656072.71,5320570.98,3916465.28,3063562.45,4480692.67,3480805.66,5803004.55,5062124.41,4706906.11,3751859.51
2017-10-27,3452345.34,2711681.12,Train,2017,10,27,4,0,4,0,0,-0.8660254037844386,0.5000000000000001,-0.433883739117558,-0.9009688679024191,0,0,0,5244501.34,4208554.22,3454637.53,2776840.51,3073492.71,2485145.78,7446035.82,6568633.22,4202633.76,3430770.86
2017-10-28,3658997.27,2958790.37,Train,2017,10,28,5,1,4,0,0,-0.8660254037844386,0.5000000000000001,-0.9749279121818236,-0.2225209339563146,0,0,0,3452345.34,2711681.12,3395571.6,2700303.7,3790006.69,2996354.65,7777371.32,7033425.19,7095459.64,5821255.79
2017-10-29,7644126.36,6130363.53,Train,2017,10,29,6,1,4,0,0,-0.8660254037844386,0.5000000000000001,-0.7818314824680299,0.6234898018587334,0,0,0,3658997.27,2958790.37,3560322.33,2849008.19,3744243.63,2920145.88,5297992.65,4816175.26,7748034.04,6291672.94
2017-10-30,7135440.35,5691818.99,Train,2017,10,30,0,0,4,0,0,-0.8660254037844386,0.5000000000000001,0.0,1.0,0,0,0,7644126.36,6130363.53,3915143.5,3019168.91,4113305.99,3202804.6,5604370.48,4849617.32,6231866.09,5021019.4
2017-10-31,7280919.6,5711548.55,Train,2017,10,31,1,0,4,0,1,-0.8660254037844386,0.5000000000000001,0.7818314824680298,0.6234898018587336,0,0,0,7135440.35,5691818.99,3172297.01,2492929.42,4345077.6,3330124.96,4057941.88,3476480.87,6154479.92,4923620.6
2017-11-01,7083914.55,5591633.48,Train,2017,11,1,2,0,4,1,0,-0.5000000000000004,0.8660254037844384,0.9749279121818236,-0.22252093395631434,0,0,0,7280919.6,5711548.55,6656072.71,5320570.98,6078621.94,4769081.72,2879522.46,2342981.57,7719179.86,6108632.49
2017-11-02,5199936.08,4288675.49,Train,2017,11,2,3,0,4,0,0,-0.5000000000000004,0.8660254037844384,0.43388373911755823,-0.900968867902419,0,0,0,7083914.55,5591633.48,5244501.34,4208554.22,3916465.28,3063562.45,2733645.95,2251158.64,2019573.39,1671538.84
2017-11-03,1577128.76,1289906.6,Train,2017,11,3,4,0,4,0,0,-0.5000000000000004,0.8660254037844384,-0.433883739117558,-0.9009688679024191,0,0,0,5199936.08,4288675.49,3452345.34,2711681.12,3454637.53,2776840.51,3991921.57,3166198.46,2167731.38,1630172.24
2017-11-04,1931786.56,1566251.33,Train,2017,11,4,5,1,4,0,0,-0.5000000000000004,0.8660254037844384,-0.9749279121818236,-0.2225209339563146,0,0,0,1577128.76,1289906.6,3658997.27,2958790.37,3395571.6,2700303.7,3219806.7,2540926.63,2921457.72,2325634.63
2017-11-05,2523519.9,2073018.57,Train,2017,11,5,6,1,4,0,0,-0.5000000000000004,0.8660254037844384,-0.7818314824680299,0.6234898018587334,0,0,0,1931786.56,1566251.33,7644126.36,6130363.53,3560322.33,2849008.19,2919860.88,2393697.54,3331729.51,2510325.05
2017-11-06,3018330.58,2360833.81,Train,2017,11,6,0,0,4,0,0,-0.5000000000000004,0.8660254037844384,0.0,1.0,0,0,0,2523519.9,2073018.57,7135440.35,5691818.99,3915143.5,3019168.91,3614512.4,2790501.3,3177194.93,2614531.12
2017-11-07,4095990.43,3338509.96,Train,2017,11,7,1,0,4,0,0,-0.5000000000000004,0.8660254037844384,0.7818314824680298,0.6234898018587336,0,0,0,3018330.58,2360833.81,7280919.6,5711548.55,3172297.01,2492929.42,3915909.65,3064193.34,4013690.76,3164694.75
2017-11-08,4277782.67,3348300.89,Train,2017,11,8,2,0,4,0,0,-0.5000000000000004,0.8660254037844384,0.9749279121818236,-0.22252093395631434,0,0,0,4095990.43,3338509.96,7083914.55,5591633.48,6656072.71,5320570.98,3295589.64,2601027.16,2902668.64,2275142.13
2017-11-09,2792998.33,2205753.88,Train,2017,11,9,3,0,4,0,0,-0.5000000000000004,0.8660254037844384,0.43388373911755823,-0.900968867902419,0,0,0,4277782.67,3348300.89,5199936.08,4288675.49,5244501.34,4208554.22,3865996.54,3056078.01,3088936.2,2415653.4
2017-11-10,3541249.75,2843011.6,Train,2017,11,10,4,0,4,0,0,-0.5000000000000004,0.8660254037844384,-0.433883739117558,-0.9009688679024191,0,0,0,2792998.33,2205753.88,1577128.76,1289906.6,3452345.34,2711681.12,5115944.9,4157714.79,3524443.54,2787453.25
2017-11-11,2921904.65,2403613.27,Train,2017,11,11,5,1,4,0,0,-0.5000000000000004,0.8660254037844384,-0.9749279121818236,-0.2225209339563146,0,0,0,3541249.75,2843011.6,1931786.56,1566251.33,3658997.27,2958790.37,4480692.67,3480805.66,3242466.89,2622416.39
2017-11-12,3084484.33,2422146.93,Train,2017,11,12,6,1,4,0,0,-0.5000000000000004,0.8660254037844384,-0.7818314824680299,0.6234898018587334,0,0,0,2921904.65,2403613.27,2523519.9,2073018.57,7644126.36,6130363.53,3073492.71,2485145.78,4067309.35,3215859.82
2017-11-13,3746234.93,2946152.31,Train,2017,11,13,0,0,4,0,0,-0.5000000000000004,0.8660254037844384,0.0,1.0,0,0,0,3084484.33,2422146.93,3018330.58,2360833.81,7135440.35,5691818.99,3790006.69,2996354.65,4108240.53,3298120.47
2017-11-14,4154076.39,3314644.14,Train,2017,11,14,1,0,4,0,0,-0.5000000000000004,0.8660254037844384,0.7818314824680298,0.6234898018587336,0,0,0,3746234.93,2946152.31,4095990.43,3338509.96,7280919.6,5711548.55,3744243.63,2920145.88,5384564.17,4287246.16
2017-11-15,3854132.18,3119546.66,Train,2017,11,15,2,0,4,0,0,-0.5000000000000004,0.8660254037844384,0.9749279121818236,-0.22252093395631434,0,0,0,4154076.39,3314644.14,4277782.67,3348300.89,7083914.55,5591633.48,4113305.99,3202804.6,4067351.79,3266049.08
2017-11-16,3066706.38,2516030.25,Train,2017,11,16,3,0,4,0,0,-0.5000000000000004,0.8660254037844384,0.43388373911755823,-0.900968867902419,0,0,0,3854132.18,3119546.66,2792998.33,2205753.88,5199936.08,4288675.49,4345077.6,3330124.96,2666254.64,2184170.77
2017-11-17,2781968.82,2191402.04,Train,2017,11,17,4,0,4,0,0,-0.5000000000000004,0.8660254037844384,-0.433883739117558,-0.9009688679024191,0,0,0,3066706.38,2516030.25,3541249.75,2843011.6,1577128.76,1289906.6,6078621.94,4769081.72,3253737.52,2657687.82
2017-11-18,2774765.8,2218818.06,Train,2017,11,18,5,1,4,0,0,-0.5000000000000004,0.8660254037844384,-0.9749279121818236,-0.2225209339563146,0,0,1,2781968.82,2191402.04,2921904.65,2403613.27,1931786.56,1566251.33,3916465.28,3063562.45,2750384.49,2341586.51
2017-11-19,3132539.58,2911417.5,Train,2017,11,19,6,1,4,0,0,-0.5000000000000004,0.8660254037844384,-0.7818314824680299,0.6234898018587334,0,0,1,2774765.8,2218818.06,3084484.33,2422146.93,2523519.9,2073018.57,3454637.53,2776840.51,3049656.36,2797715.85
2017-11-20,2995966.89,2760945.71,Train,2017,11,20,0,0,4,0,0,-0.5000000000000004,0.8660254037844384,0.0,1.0,0,0,1,3132539.58,2911417.5,3746234.93,2946152.31,3018330.58,2360833.81,3395571.6,2700303.7,2422645.76,2208447.77
2017-11-21,2297213.47,2128140.16,Train,2017,11,21,1,0,4,0,0,-0.5000000000000004,0.8660254037844384,0.7818314824680298,0.6234898018587336,0,0,1,2995966.89,2760945.71,4154076.39,3314644.14,4095990.43,3338509.96,3560322.33,2849008.19,2849528.18,2622825.33
2017-11-22,2248567.69,2263677.12,Train,2017,11,22,2,0,4,0,0,-0.5000000000000004,0.8660254037844384,0.9749279121818236,-0.22252093395631434,0,0,1,2297213.47,2128140.16,3854132.18,3119546.66,4277782.67,3348300.89,3915143.5,3019168.91,2953802.19,3010640.25
2017-11-23,1749357.29,1656734.06,Train,2017,11,23,3,0,4,0,0,-0.5000000000000004,0.8660254037844384,0.43388373911755823,-0.900968867902419,0,0,1,2248567.69,2263677.12,3066706.38,2516030.25,2792998.33,2205753.88,3172297.01,2492929.42,1781135.32,1682846.05
2017-11-24,1620958.87,1618303.7,Train,2017,11,24,4,0,4,0,0,-0.5000000000000004,0.8660254037844384,-0.433883739117558,-0.9009688679024191,0,0,1,1749357.29,1656734.06,2781968.82,2191402.04,3541249.75,2843011.6,6656072.71,5320570.98,1693041.1,1727778.84
2017-11-25,2674533.14,2727514.77,Train,2017,11,25,5,1,4,0,0,-0.5000000000000004,0.8660254037844384,-0.9749279121818236,-0.2225209339563146,0,0,1,1620958.87,1618303.7,2774765.8,2218818.06,2921904.65,2403613.27,5244501.34,4208554.22,3314537.94,3343367.28
2017-11-26,2940959.43,2955583.74,Train,2017,11,26,6,1,4,0,0,-0.5000000000000004,0.8660254037844384,-0.7818314824680299,0.6234898018587334,0,0,1,2674533.14,2727514.77,3132539.58,2911417.5,3084484.33,2422146.93,3452345.34,2711681.12,3392192.14,3360164.37
2017-11-27,3888410.38,3813390.96,Train,2017,11,27,0,0,4,0,0,-0.5000000000000004,0.8660254037844384,0.0,1.0,0,0,1,2940959.43,2955583.74,2995966.89,2760945.71,3746234.93,2946152.31,3658997.27,2958790.37,5299633.2,5281944.59
2017-11-28,5847881.51,5752351.51,Train,2017,11,28,1,0,4,0,0,-0.5000000000000004,0.8660254037844384,0.7818314824680298,0.6234898018587336,0,0,1,3888410.38,3813390.96,2297213.47,2128140.16,4154076.39,3314644.14,7644126.36,6130363.53,5196318.58,5131257.93
2017-11-29,4871438.96,4803864.88,Train,2017,11,29,2,0,4,0,0,-0.5000000000000004,0.8660254037844384,0.9749279121818236,-0.22252093395631434,0,0,1,5847881.51,5752351.51,2248567.69,2263677.12,3854132.18,3119546.66,7135440.35,5691818.99,4921786.18,4962698.8
2017-11-30,4264134.96,4156136.15,Train,2017,11,30,3,0,4,0,1,-0.5000000000000004,0.8660254037844384,0.43388373911755823,-0.900968867902419,0,0,1,4871438.96,4803864.88,1749357.29,1656734.06,3066706.38,2516030.25,7280919.6,5711548.55,3832887.02,3897608.89
2017-12-01,2565213.32,2510402.2,Train,2017,12,1,4,0,4,1,0,-2.4492935982947064e-16,1.0,-0.433883739117558,-0.9009688679024191,0,0,1,4264134.96,4156136.15,1620958.87,1618303.7,2781968.82,2191402.04,7083914.55,5591633.48,2358573.02,2341309.79
2017-12-02,2798541.49,2818052.3,Train,2017,12,2,5,1,4,0,0,-2.4492935982947064e-16,1.0,-0.9749279121818236,-0.2225209339563146,0,0,1,2565213.32,2510402.2,2674533.14,2727514.77,2774765.8,2218818.06,5199936.08,4288675.49,907573.74,925477.21
2017-12-03,1410398.63,1318304.86,Train,2017,12,3,6,1,4,0,0,-2.4492935982947064e-16,1.0,-0.7818314824680299,0.6234898018587334,0,0,1,2798541.49,2818052.3,2940959.43,2955583.74,3132539.58,2911417.5,1577128.76,1289906.6,1333890.05,1218185.92
2017-12-04,1209471.35,1144863.17,Train,2017,12,4,0,0,4,0,0,-2.4492935982947064e-16,1.0,0.0,1.0,0,0,1,1410398.63,1318304.86,3888410.38,3813390.96,2995966.89,2760945.71,1931786.56,1566251.33,2237557.76,2224630.3
2017-12-05,1723297.16,1680632.44,Train,2017,12,5,1,0,4,0,0,-2.4492935982947064e-16,1.0,0.7818314824680298,0.6234898018587336,0,0,1,1209471.35,1144863.17,5847881.51,5752351.51,2297213.47,2128140.16,2523519.9,2073018.57,1925286.27,1939563.58
2017-12-06,1875094.15,1865514.43,Train,2017,12,6,2,0,4,0,0,-2.4492935982947064e-16,1.0,0.9749279121818236,-0.22252093395631434,0,0,1,1723297.16,1680632.44,4871438.96,4803864.88,2248567.69,2263677.12,3018330.58,2360833.81,2605334.49,2510982.32
2017-12-07,2133387.42,2193351.43,Train,2017,12,7,3,0,4,0,0,-2.4492935982947064e-16,1.0,0.43388373911755823,-0.900968867902419,0,0,1,1875094.15,1865514.43,4264134.96,4156136.15,1749357.29,1656734.06,4095990.43,3338509.96,2299467.49,2274139.79
2017-12-08,1553493.17,1488945.36,Train,2017,12,8,4,0,4,0,0,-2.4492935982947064e-16,1.0,-0.433883739117558,-0.9009688679024191,0,0,1,2133387.42,2193351.43,2565213.32,2510402.2,1620958.87,1618303.7,4277782.67,3348300.89,2075549.34,2136761.21
2017-12-09,1605808.62,1631952.74,Train,2017,12,9,5,1,4,0,0,-2.4492935982947064e-16,1.0,-0.9749279121818236,-0.2225209339563146,0,0,1,1553493.17,1488945.36,2798541.49,2818052.3,2674533.14,2727514.77,2792998.33,2205753.88,2553283.93,2600587.96
2017-12-10,1836022.63,1769756.1,Train,2017,12,10,6,1,4,0,0,-2.4492935982947064e-16,1.0,-0.7818314824680299,0.6234898018587334,0,0,1,1605808.62,1631952.74,1410398.63,1318304.86,2940959.43,2955583.74,3541249.75,2843011.6,2913080.54,2889190.43
2017-12-11,2040261.84,2142116.71,Train,2017,12,11,0,0,4,0,0,-2.4492935982947064e-16,1.0,0.0,1.0,0,0,1,1836022.63,1769756.1,1209471.35,1144863.17,3888410.38,3813390.96,2921904.65,2403613.27,2853330.5,2812545.24
2017-12-12,2636835.06,2612267.82,Train,2017,12,12,1,0,4,0,0,-2.4492935982947064e-16,1.0,0.7818314824680298,0.6234898018587336,0,0,1,2040261.84,2142116.71,1723297.16,1680632.44,5847881.51,5752351.51,3084484.33,2422146.93,3248145.42,3217430.0
2017-12-13,2887343.12,2845278.71,Train,2017,12,13,2,0,4,0,0,-2.4492935982947064e-16,1.0,0.9749279121818236,-0.22252093395631434,0,0,1,2636835.06,2612267.82,1875094.15,1865514.43,4871438.96,4803864.88,3746234.93,2946152.31,3823629.31,3830277.56
2017-12-14,2544808.4,2511218.15,Train,2017,12,14,3,0,4,0,0,-2.4492935982947064e-16,1.0,0.43388373911755823,-0.900968867902419,0,0,1,2887343.12,2845278.71,2133387.42,2193351.43,4264134.96,4156136.15,4154076.39,3314644.14,2792734.55,2831410.87
2017-12-15,2615767.25,2602096.36,Train,2017,12,15,4,0,4,0,0,-2.4492935982947064e-16,1.0,-0.433883739117558,-0.9009688679024191,0,0,1,2544808.4,2511218.15,1553493.17,1488945.36,2565213.32,2510402.2,3854132.18,3119546.66,2707101.38,2742933.88
2017-12-16,1895310.17,1824600.76,Train,2017,12,16,5,1,4,0,0,-2.4492935982947064e-16,1.0,-0.9749279121818236,-0.2225209339563146,0,0,1,2615767.25,2602096.36,1605808.62,1631952.74,2798541.49,2818052.3,3066706.38,2516030.25,2646651.72,2651717.38
2017-12-17,2997880.85,2962168.44,Train,2017,12,17,6,1,4,0,0,-2.4492935982947064e-16,1.0,-0.7818314824680299,0.6234898018587334,0,0,1,1895310.17,1824600.76,1836022.63,1769756.1,1410398.63,1318304.86,2781968.82,2191402.04,3238132.58,3280502.46
2017-12-18,2575839.99,2572642.87,Train,2017,12,18,0,0,4,0,0,-2.4492935982947064e-16,1.0,0.0,1.0,0,0,1,2997880.85,2962168.44,2040261.84,2142116.71,1209471.35,1144863.17,2774765.8,2218818.06,3271429.4,3285398.32
2017-12-19,2830509.48,2835294.19,Train,2017,12,19,1,0,4,0,0,-2.4492935982947064e-16,1.0,0.7818314824680298,0.6234898018587336,0,0,1,2575839.99,2572642.87,2636835.06,2612267.82,1723297.16,1680632.44,3132539.58,2911417.5,4135316.35,4095588.8
2017-12-20,3950305.28,3962113.72,Train,2017,12,20,2,0,4,0,0,-2.4492935982947064e-16,1.0,0.9749279121818236,-0.22252093395631434,0,0,1,2830509.48,2835294.19,2887343.12,2845278.71,1875094.15,1865514.43,2995966.89,2760945.71,4293749.29,4224108.67
2017-12-21,2446276.92,2392977.63,Train,2017,12,21,3,0,4,0,0,-2.4492935982947064e-16,1.0,0.43388373911755823,-0.900968867902419,0,0,1,3950305.28,3962113.72,2544808.4,2511218.15,2133387.42,2193351.43,2297213.47,2128140.16,4279775.59,4100591.43
2017-12-22,2423079.28,2383321.92,Train,2017,12,22,4,0,4,0,0,-2.4492935982947064e-16,1.0,-0.433883739117558,-0.9009688679024191,0,0,1,2446276.92,2392977.63,2615767.25,2602096.36,1553493.17,1488945.36,2248567.69,2263677.12,3117384.48,3057416.11
2017-12-23,2343205.29,2302420.5,Train,2017,12,23,5,1,4,0,0,-2.4492935982947064e-16,1.0,-0.9749279121818236,-0.2225209339563146,0,0,1,2423079.28,2383321.92,1895310.17,1824600.76,1605808.62,1631952.74,1749357.29,1656734.06,2500798.47,2509747.01
2017-12-24,1582944.12,1537881.36,Train,2017,12,24,6,1,4,0,0,-2.4492935982947064e-16,1.0,-0.7818314824680299,0.6234898018587334,0,0,1,2343205.29,2302420.5,2997880.85,2962168.44,1836022.63,1769756.1,1620958.87,1618303.7,2034069.49,2007308.18
2017-12-25,1888197.46,1829750.85,Train,2017,12,25,0,0,4,0,0,-2.4492935982947064e-16,1.0,0.0,1.0,0,0,1,1582944.12,1537881.36,2575839.99,2572642.87,2040261.84,2142116.71,2674533.14,2727514.77,3488378.94,3406046.44
2017-12-26,2701416.56,2654070.12,Train,2017,12,26,1,0,4,0,0,-2.4492935982947064e-16,1.0,0.7818314824680298,0.6234898018587336,0,0,1,1888197.46,1829750.85,2830509.48,2835294.19,2636835.06,2612267.82,2940959.43,2955583.74,3839559.68,3806837.33
2017-12-27,4103218.35,4112542.69,Train,2017,12,27,2,0,4,0,0,-2.4492935982947064e-16,1.0,0.9749279121818236,-0.22252093395631434,0,0,1,2701416.56,2654070.12,3950305.28,3962113.72,2887343.12,2845278.71,3888410.38,3813390.96,5844260.6,5750792.35
2017-12-28,3545279.44,3453711.8,Train,2017,12,28,3,0,4,0,0,-2.4492935982947064e-16,1.0,0.43388373911755823,-0.900968867902419,0,0,1,4103218.35,4112542.69,2446276.92,2392977.63,2544808.4,2511218.15,5847881.51,5752351.51,7554359.22,7421332.69
2017-12-29,6520226.98,6483039.79,Train,2017,12,29,4,0,4,0,0,-2.4492935982947064e-16,1.0,-0.433883739117558,-0.9009688679024191,0,0,1,3545279.44,3453711.8,2423079.28,2383321.92,2615767.25,2602096.36,4871438.96,4803864.88,7928143.58,7951767.41
2017-12-30,5342810.18,5371586.26,Train,2017,12,30,5,1,4,0,0,-2.4492935982947064e-16,1.0,-0.9749279121818236,-0.2225209339563146,0,0,1,6520226.98,6483039.79,2343205.29,2302420.5,1895310.17,1824600.76,4264134.96,4156136.15,5840732.73,5741938.39
2017-12-31,5157535.61,5013423.96,Train,2017,12,31,6,1,4,0,1,-2.4492935982947064e-16,1.0,-0.7818314824680299,0.6234898018587334,0,0,1,5342810.18,5371586.26,1582944.12,1537881.36,2997880.85,2962168.44,2565213.32,2510402.2,4969730.15,4920694.41
2018-01-01,4076479.77,3905605.37,Train,2018,1,1,0,0,1,1,0,0.49999999999999994,0.8660254037844387,0.0,1.0,1,0,1,5157535.61,5013423.96,1888197.46,1829750.85,2575839.99,2572642.87,2798541.49,2818052.3,3998895.08,3583814.01
2018-01-02,3624718.09,3245091.67,Train,2018,1,2,1,0,1,0,0,0.49999999999999994,0.8660254037844387,0.7818314824680298,0.6234898018587336,0,0,1,4076479.77,3905605.37,2701416.56,2654070.12,2830509.48,2835294.19,1410398.63,1318304.86,1748553.87,1374452.07
2018-01-03,1228388.32,997328.86,Train,2018,1,3,2,0,1,0,0,0.49999999999999994,0.8660254037844387,0.9749279121818236,-0.22252093395631434,0,0,0,3624718.09,3245091.67,4103218.35,4112542.69,3950305.28,3962113.72,1209471.35,1144863.17,1891837.91,1573537.28
2018-01-04,1209588.0,943742.57,Train,2018,1,4,3,0,1,0,0,0.49999999999999994,0.8660254037844387,0.43388373911755823,-0.900968867902419,0,0,0,1228388.32,997328.86,3545279.44,3453711.8,2446276.92,2392977.63,1723297.16,1680632.44,847466.28,682698.81
2018-01-05,1515574.79,1226621.86,Train,2018,1,5,4,0,1,0,0,0.49999999999999994,0.8660254037844387,-0.433883739117558,-0.9009688679024191,0,0,0,1209588.0,943742.57,6520226.98,6483039.79,2423079.28,2383321.92,1875094.15,1865514.43,1464435.52,1145400.53
2018-01-06,1836672.15,1424469.16,Train,2018,1,6,5,1,1,0,0,0.49999999999999994,0.8660254037844387,-0.9749279121818236,-0.2225209339563146,0,0,0,1515574.79,1226621.86,5342810.18,5371586.26,2343205.29,2302420.5,2133387.42,2193351.43,2311449.24,1842665.52
2018-01-07,1476050.73,1224918.4,Train,2018,1,7,6,1,1,0,0,0.49999999999999994,0.8660254037844387,-0.7818314824680299,0.6234898018587334,0,0,0,1836672.15,1424469.16,5157535.61,5013423.96,1582944.12,1537881.36,1553493.17,1488945.36,2148635.45,1767280.58
2018-01-08,2536686.97,2085102.3,Train,2018,1,8,0,0,1,0,0,0.49999999999999994,0.8660254037844387,0.0,1.0,0,0,0,1476050.73,1224918.4,4076479.77,3905605.37,1888197.46,1829750.85,1605808.62,1631952.74,2907768.3,2272946.44
2018-01-09,2729162.63,2140605.04,Train,2018,1,9,1,0,1,0,0,0.49999999999999994,0.8660254037844387,0.7818314824680298,0.6234898018587336,0,0,0,2536686.97,2085102.3,3624718.09,3245091.67,2701416.56,2654070.12,1836022.63,1769756.1,3437216.12,2814472.11
2018-01-10,2434343.96,1884221.76,Train,2018,1,10,2,0,1,0,0,0.49999999999999994,0.8660254037844387,0.9749279121818236,-0.22252093395631434,0,0,0,2729162.63,2140605.04,1228388.32,997328.86,4103218.35,4112542.69,2040261.84,2142116.71,3014515.71,2440786.22
2018-01-11,2183840.91,1845305.97,Train,2018,1,11,3,0,1,0,0,0.49999999999999994,0.8660254037844387,0.43388373911755823,-0.900968867902419,0,0,0,2434343.96,1884221.76,1209588.0,943742.57,3545279.44,3453711.8,2636835.06,2612267.82,2227157.79,1674420.56
2018-01-12,2862550.24,2341061.28,Train,2018,1,12,4,0,1,0,0,0.49999999999999994,0.8660254037844387,-0.433883739117558,-0.9009688679024191,0,0,0,2183840.91,1845305.97,1515574.79,1226621.86,6520226.98,6483039.79,2887343.12,2845278.71,2704158.21,2101198.8
2018-01-13,2753366.32,2271479.73,Train,2018,1,13,5,1,1,0,0,0.49999999999999994,0.8660254037844387,-0.9749279121818236,-0.2225209339563146,0,0,0,2862550.24,2341061.28,1836672.15,1424469.16,5342810.18,5371586.26,2544808.4,2511218.15,3136819.59,2599219.64
2018-01-14,2226116.52,1762940.79,Train,2018,1,14,6,1,1,0,0,0.49999999999999994,0.8660254037844387,-0.7818314824680299,0.6234898018587334,0,0,0,2753366.32,2271479.73,1476050.73,1224918.4,5157535.61,5013423.96,2615767.25,2602096.36,2056300.58,1704845.73
2018-01-15,3128561.64,2520530.26,Train,2018,1,15,0,0,1,0,0,0.49999999999999994,0.8660254037844387,0.0,1.0,0,0,0,2226116.52,1762940.79,2536686.97,2085102.3,4076479.77,3905605.37,1895310.17,1824600.76,2415343.55,1994964.86
2018-01-16,3770286.85,3022848.85,Train,2018,1,16,1,0,1,0,0,0.49999999999999994,0.8660254037844387,0.7818314824680298,0.6234898018587336,0,0,0,3128561.64,2520530.26,2729162.63,2140605.04,3624718.09,3245091.67,2997880.85,2962168.44,3848368.92,3102404.56
2018-01-17,3240996.79,2645347.64,Train,2018,1,17,2,0,1,0,0,0.49999999999999994,0.8660254037844387,0.9749279121818236,-0.22252093395631434,0,0,0,3770286.85,3022848.85,2434343.96,1884221.76,1228388.32,997328.86,2575839.99,2572642.87,2829843.68,2229864.7
2018-01-18,2110305.53,1667911.37,Train,2018,1,18,3,0,1,0,0,0.49999999999999994,0.8660254037844387,0.43388373911755823,-0.900968867902419,0,0,0,3240996.79,2645347.64,2183840.91,1845305.97,1209588.0,943742.57,2830509.48,2835294.19,2138817.82,1652537.47
2018-01-19,2086549.59,1700643.75,Train,2018,1,19,4,0,1,0,0,0.49999999999999994,0.8660254037844387,-0.433883739117558,-0.9009688679024191,0,0,0,2110305.53,1667911.37,2862550.24,2341061.28,1515574.79,1226621.86,3950305.28,3962113.72,2663777.41,2187863.56
2018-01-20,2418121.84,2008335.01,Train,2018,1,20,5,1,1,0,0,0.49999999999999994,0.8660254037844387,-0.9749279121818236,-0.2225209339563146,0,0,0,2086549.59,1700643.75,2753366.32,2271479.73,1836672.15,1424469.16,2446276.92,2392977.63,2871845.05,2318588.01
2018-01-21,2484308.01,1971853.24,Train,2018,1,21,6,1,1,0,0,0.49999999999999994,0.8660254037844387,-0.7818314824680299,0.6234898018587334,0,0,0,2418121.84,2008335.01,2226116.52,1762940.79,1476050.73,1224918.4,2423079.28,2383321.92,2790303.1,2232164.85
2018-01-22,3315490.36,2730843.03,Train,2018,1,22,0,0,1,0,0,0.49999999999999994,0.8660254037844387,0.0,1.0,0,0,0,2484308.01,1971853.24,3128561.64,2520530.26,2536686.97,2085102.3,2343205.29,2302420.5,2438538.62,2064760.98
2018-01-23,4611238.46,3755442.15,Train,2018,1,23,1,0,1,0,0,0.49999999999999994,0.8660254037844387,0.7818314824680298,0.6234898018587336,0,0,0,3315490.36,2730843.03,3770286.85,3022848.85,2729162.63,2140605.04,1582944.12,1537881.36,3466339.69,2719480.1
2018-01-24,3270861.1,2653232.42,Train,2018,1,24,2,0,1,0,0,0.49999999999999994,0.8660254037844387,0.9749279121818236,-0.22252093395631434,0,0,0,4611238.46,3755442.15,3240996.79,2645347.64,2434343.96,1884221.76,1888197.46,1829750.85,2856042.21,2288079.89
2018-01-25,2275701.54,1820602.61,Train,2018,1,25,3,0,1,0,0,0.49999999999999994,0.8660254037844387,0.43388373911755823,-0.900968867902419,0,0,0,3270861.1,2653232.42,2110305.53,1667911.37,2183840.91,1845305.97,2701416.56,2654070.12,2345949.16,1953862.54
2018-01-26,2897617.42,2400983.47,Train,2018,1,26,4,0,1,0,0,0.49999999999999994,0.8660254037844387,-0.433883739117558,-0.9009688679024191,0,0,0,2275701.54,1820602.61,2086549.59,1700643.75,2862550.24,2341061.28,4103218.35,4112542.69,3398297.86,2689465.29
2018-01-27,3617772.88,2965865.28,Train,2018,1,27,5,1,1,0,0,0.49999999999999994,0.8660254037844387,-0.9749279121818236,-0.2225209339563146,0,0,0,2897617.42,2400983.47,2418121.84,2008335.01,2753366.32,2271479.73,3545279.44,3453711.8,3893498.97,3118864.85
2018-01-28,3128272.36,2453931.52,Train,2018,1,28,6,1,1,0,0,0.49999999999999994,0.8660254037844387,-0.7818314824680299,0.6234898018587334,0,0,0,3617772.88,2965865.28,2484308.01,1971853.24,2226116.52,1762940.79,6520226.98,6483039.79,5454445.79,4466542.85
2018-01-29,5197360.04,4086899.16,Train,2018,1,29,0,0,1,0,0,0.49999999999999994,0.8660254037844387,0.0,1.0,0,0,0,3128272.36,2453931.52,3315490.36,2730843.03,3128561.64,2520530.26,5342810.18,5371586.26,6530902.38,5313138.23
2018-01-30,5706924.49,4618954.53,Train,2018,1,30,1,0,1,0,0,0.49999999999999994,0.8660254037844387,0.7818314824680298,0.6234898018587336,0,0,0,5197360.04,4086899.16,4611238.46,3755442.15,3770286.85,3022848.85,5157535.61,5013423.96,5647441.37,4545794.61
2018-01-31,5009601.43,4199624.93,Train,2018,1,31,2,0,1,0,1,0.49999999999999994,0.8660254037844387,0.9749279121818236,-0.22252093395631434,0,0,0,5706924.49,4618954.53,3270861.1,2653232.42,3240996.79,2645347.64,4076479.77,3905605.37,5786663.6,4731579.01
2018-02-01,3670728.79,3012405.31,Train,2018,2,1,3,0,1,1,0,0.8660254037844386,0.5000000000000001,0.43388373911755823,-0.900968867902419,0,0,0,5009601.43,4199624.93,2275701.54,1820602.61,2110305.53,1667911.37,3624718.09,3245091.67,3754242.39,3007642.45
2018-02-02,4258063.02,3505527.95,Train,2018,2,2,4,0,1,0,0,0.8660254037844386,0.5000000000000001,-0.433883739117558,-0.9009688679024191,0,0,0,3670728.79,3012405.31,2897617.42,2400983.47,2086549.59,1700643.75,1228388.32,997328.86,2084558.98,1704689.79
2018-02-03,1981564.16,1568068.11,Train,2018,2,3,5,1,1,0,0,0.8660254037844386,0.5000000000000001,-0.9749279121818236,-0.2225209339563146,0,0,0,4258063.02,3505527.95,3617772.88,2965865.28,2418121.84,2008335.01,1209588.0,943742.57,2527455.7,2118774.82
2018-02-04,2874335.62,2202119.84,Train,2018,2,4,6,1,1,0,0,0.8660254037844386,0.5000000000000001,-0.7818314824680299,0.6234898018587334,0,0,0,1981564.16,1568068.11,3128272.36,2453931.52,2484308.01,1971853.24,1515574.79,1226621.86,2511052.37,2067059.03
2018-02-05,3130745.66,2498095.83,Train,2018,2,5,0,0,1,0,0,0.8660254037844386,0.5000000000000001,0.0,1.0,0,0,0,2874335.62,2202119.84,5197360.04,4086899.16,3315490.36,2730843.03,1836672.15,1424469.16,2436308.96,2039899.33
2018-02-06,3339473.15,2568216.59,Train,2018,2,6,1,0,1,0,0,0.8660254037844386,0.5000000000000001,0.7818314824680298,0.6234898018587336,0,0,0,3130745.66,2498095.83,5706924.49,4618954.53,4611238.46,3755442.15,1476050.73,1224918.4,2567404.94,2085607.67
2018-02-07,2805812.6,2202832.26,Train,2018,2,7,2,0,1,0,0,0.8660254037844386,0.5000000000000001,0.9749279121818236,-0.22252093395631434,0,0,0,3339473.15,2568216.59,5009601.43,4199624.93,3270861.1,2653232.42,2536686.97,2085102.3,2738634.88,2219123.05
2018-02-08,2150875.76,1718669.78,Train,2018,2,8,3,0,1,0,0,0.8660254037844386,0.5000000000000001,0.43388373911755823,-0.900968867902419,0,0,0,2805812.6,2202832.26,3670728.79,3012405.31,2275701.54,1820602.61,2729162.63,2140605.04,1933130.03,1586818.66
2018-02-09,2144621.01,1686060.42,Train,2018,2,9,4,0,1,0,0,0.8660254037844386,0.5000000000000001,-0.433883739117558,-0.9009688679024191,0,0,0,2150875.76,1718669.78,4258063.02,3505527.95,2897617.42,2400983.47,2434343.96,1884221.76,2516914.69,2076822.36
2018-02-10,2584198.15,2095864.1,Train,2018,2,10,5,1,1,0,0,0.8660254037844386,0.5000000000000001,-0.9749279121818236,-0.2225209339563146,0,0,0,2144621.01,1686060.42,1981564.16,1568068.11,3617772.88,2965865.28,2183840.91,1845305.97,2588464.94,2130151.17
2018-02-11,2962791.58,2320546.01,Train,2018,2,11,6,1,1,0,0,0.8660254037844386,0.5000000000000001,-0.7818314824680299,0.6234898018587334,0,0,0,2584198.15,2095864.1,2874335.62,2202119.84,3128272.36,2453931.52,2862550.24,2341061.28,3014037.02,2552520.25
2018-02-12,3622566.63,2796978.04,Train,2018,2,12,0,0,1,0,0,0.8660254037844386,0.5000000000000001,0.0,1.0,0,0,0,2962791.58,2320546.01,3130745.66,2498095.83,5197360.04,4086899.16,2753366.32,2271479.73,3603536.48,2886850.52
2018-02-13,4418784.14,3538184.9,Train,2018,2,13,1,0,1,0,0,0.8660254037844386,0.5000000000000001,0.7818314824680298,0.6234898018587336,0,0,0,3622566.63,2796978.04,3339473.15,2568216.59,5706924.49,4618954.53,2226116.52,1762940.79,4440040.43,3602625.97
2018-02-14,4218153.95,3395697.77,Train,2018,2,14,2,0,1,0,0,0.8660254037844386,0.5000000000000001,0.9749279121818236,-0.22252093395631434,0,0,0,4418784.14,3538184.9,2805812.6,2202832.26,5009601.43,4199624.93,3128561.64,2520530.26,3875527.43,3254271.21
2018-02-15,3128927.36,2501462.4,Train,2018,2,15,3,0,1,0,0,0.8660254037844386,0.5000000000000001,0.43388373911755823,-0.900968867902419,0,0,0,4218153.95,3395697.77,2150875.76,1718669.78,3670728.79,3012405.31,3770286.85,3022848.85,2042667.61,1725509.05
2018-02-16,3463265.1,2649618.11,Train,2018,2,16,4,0,1,0,0,0.8660254037844386,0.5000000000000001,-0.433883739117558,-0.9009688679024191,0,0,0,3128927.36,2501462.4,2144621.01,1686060.42,4258063.02,3505527.95,3240996.79,2645347.64,3533527.8,2858753.36
2018-02-17,4206774.3,3318989.93,Train,2018,2,17,5,1,1,0,0,0.8660254037844386,0.5000000000000001,-0.9749279121818236,-0.2225209339563146,0,0,0,3463265.1,2649618.11,2584198.15,2095864.1,1981564.16,1568068.11,2110305.53,1667911.37,3023518.61,2507056.83
2018-02-18,3926304.19,3167573.08,Train,2018,2,18,6,1,1,0,0,0.8660254037844386,0.5000000000000001,-0.7818314824680299,0.6234898018587334,0,0,0,4206774.3,3318989.93,2962791.58,2320546.01,2874335.62,2202119.84,2086549.59,1700643.75,3277433.63,2800726.99
2018-02-19,4186201.52,3338454.11,Train,2018,2,19,0,0,1,0,0,0.8660254037844386,0.5000000000000001,0.0,1.0,0,0,0,3926304.19,3167573.08,3622566.63,2796978.04,3130745.66,2498095.83,2418121.84,2008335.01,4520643.56,3744775.49
2018-02-20,5091061.73,4033905.61,Train,2018,2,20,1,0,1,0,0,0.8660254037844386,0.5000000000000001,0.7818314824680298,0.6234898018587336,0,0,0,4186201.52,3338454.11,4418784.14,3538184.9,3339473.15,2568216.59,2484308.01,1971853.24,5623470.83,4661358.55
2018-02-21,3907743.08,3150049.7,Train,2018,2,21,2,0,1,0,0,0.8660254037844386,0.5000000000000001,0.9749279121818236,-0.22252093395631434,0,0,0,5091061.73,4033905.61,4218153.95,3395697.77,2805812.6,2202832.26,3315490.36,2730843.03,5243661.46,4397106.06
2018-02-22,3063440.84,2341066.15,Train,2018,2,22,3,0,1,0,0,0.8660254037844386,0.5000000000000001,0.43388373911755823,-0.900968867902419,0,0,0,3907743.08,3150049.7,3128927.36,2501462.4,2150875.76,1718669.78,4611238.46,3755442.15,4461426.24,3673004.77
2018-02-23,3544367.16,2804587.84,Train,2018,2,23,4,0,1,0,0,0.8660254037844386,0.5000000000000001,-0.433883739117558,-0.9009688679024191,0,0,0,3063440.84,2341066.15,3463265.1,2649618.11,2144621.01,1686060.42,3270861.1,2653232.42,5005082.74,4050645.07
2018-02-24,3364498.21,2679591.94,Train,2018,2,24,5,1,1,0,0,0.8660254037844386,0.5000000000000001,-0.9749279121818236,-0.2225209339563146,0,0,0,3544367.16,2804587.84,4206774.3,3318989.93,2584198.15,2095864.1,2275701.54,1820602.61,5197080.94,4291124.12
2018-02-25,4015454.83,3238625.9,Train,2018,2,25,6,1,1,0,0,0.8660254037844386,0.5000000000000001,-0.7818314824680299,0.6234898018587334,0,0,0,3364498.21,2679591.94,3926304.19,3167573.08,2962791.58,2320546.01,2897617.42,2400983.47,7193655.77,5984598.22
2018-02-26,7426597.23,5998758.22,Train,2018,2,26,0,0,1,0,0,0.8660254037844386,0.5000000000000001,0.0,1.0,0,0,0,4015454.83,3238625.9,4186201.52,3338454.11,3622566.63,2796978.04,3617772.88,2965865.28,6951383.99,5568547.06
2018-02-27,8416365.51,6844455.72,Train,2018,2,27,1,0,1,0,0,0.8660254037844386,0.5000000000000001,0.7818314824680298,0.6234898018587336,0,0,0,7426597.23,5998758.22,5091061.73,4033905.61,4418784.14,3538184.9,3128272.36,2453931.52,7418488.93,6084966.92
2018-02-28,8409092.75,6627677.09,Train,2018,2,28,2,0,1,0,1,0.8660254037844386,0.5000000000000001,0.9749279121818236,-0.22252093395631434,0,0,0,8416365.51,6844455.72,3907743.08,3150049.7,4218153.95,3395697.77,5197360.04,4086899.16,5900508.14,4852701.48
2018-03-01,6963830.59,5570058.79,Train,2018,3,1,3,0,1,1,0,1.0,6.123233995736766e-17,0.43388373911755823,-0.900968867902419,0,0,0,8409092.75,6627677.09,3063440.84,2341066.15,3128927.36,2501462.4,5706924.49,4618954.53,4138759.12,3461752.84
2018-03-02,5613671.87,4371797.12,Train,2018,3,2,4,0,1,0,0,1.0,6.123233995736766e-17,-0.433883739117558,-0.9009688679024191,0,0,0,6963830.59,5570058.79,3544367.16,2804587.84,3463265.1,2649618.11,5009601.43,4199624.93,1084768.59,894235.96
2018-03-03,1177076.3,967531.27,Train,2018,3,3,5,1,1,0,0,1.0,6.123233995736766e-17,-0.9749279121818236,-0.2225209339563146,0,0,0,5613671.87,4371797.12,3364498.21,2679591.94,4206774.3,3318989.93,3670728.79,3012405.31,1291387.67,1088338.93
2018-03-04,2218712.31,1781519.01,Train,2018,3,4,6,1,1,0,0,1.0,6.123233995736766e-17,-0.7818314824680299,0.6234898018587334,0,0,0,1177076.3,967531.27,4015454.83,3238625.9,3926304.19,3167573.08,4258063.02,3505527.95,1414852.54,1091358.11
2018-03-05,2742871.53,2230053.99,Train,2018,3,5,0,0,1,0,0,1.0,6.123233995736766e-17,0.0,1.0,0,0,0,2218712.31,1781519.01,7426597.23,5998758.22,4186201.52,3338454.11,1981564.16,1568068.11,2359240.19,1784452.73
2018-03-06,3203122.41,2519131.06,Train,2018,3,6,1,0,1,0,0,1.0,6.123233995736766e-17,0.7818314824680298,0.6234898018587336,0,0,0,2742871.53,2230053.99,8416365.51,6844455.72,5091061.73,4033905.61,2874335.62,2202119.84,3890607.23,3160109.06
2018-03-07,4507553.37,3470623.71,Train,2018,3,7,2,0,1,0,0,1.0,6.123233995736766e-17,0.9749279121818236,-0.22252093395631434,0,0,0,3203122.41,2519131.06,8409092.75,6627677.09,3907743.08,3150049.7,3130745.66,2498095.83,3220221.21,2644266.94
2018-03-08,3419972.83,2864363.46,Train,2018,3,8,3,0,1,0,0,1.0,6.123233995736766e-17,0.43388373911755823,-0.900968867902419,0,0,0,4507553.37,3470623.71,6963830.59,5570058.79,3063440.84,2341066.15,3339473.15,2568216.59,4553707.12,3607122.81
2018-03-09,3250890.44,2689334.35,Train,2018,3,9,4,0,1,0,0,1.0,6.123233995736766e-17,-0.433883739117558,-0.9009688679024191,0,0,0,3419972.83,2864363.46,5613671.87,4371797.12,3544367.16,2804587.84,2805812.6,2202832.26,4967983.41,4034647.4
2018-03-10,3479853.91,2832299.24,Train,2018,3,10,5,1,1,0,0,1.0,6.123233995736766e-17,-0.9749279121818236,-0.2225209339563146,0,0,0,3250890.44,2689334.35,1177076.3,967531.27,3364498.21,2679591.94,2150875.76,1718669.78,6057343.95,4929376.63
2018-03-11,4342360.28,3337146.36,Train,2018,3,11,6,1,1,0,0,1.0,6.123233995736766e-17,-0.7818314824680299,0.6234898018587334,0,0,0,3479853.91,2832299.24,2218712.31,1781519.01,4015454.83,3238625.9,2144621.01,1686060.42,4368486.87,3465509.34
2018-03-12,3648185.26,2790754.99,Train,2018,3,12,0,0,1,0,0,1.0,6.123233995736766e-17,0.0,1.0,0,0,0,4342360.28,3337146.36,2742871.53,2230053.99,7426597.23,5998758.22,2584198.15,2095864.1,3116003.75,2481856.51
2018-03-13,5344808.38,4343953.93,Train,2018,3,13,1,0,1,0,0,1.0,6.123233995736766e-17,0.7818314824680298,0.6234898018587336,0,0,0,3648185.26,2790754.99,3203122.41,2519131.06,8416365.51,6844455.72,2962791.58,2320546.01,4924647.72,4152542.23
2018-03-14,6867137.98,5489756.33,Train,2018,3,14,2,0,1,0,0,1.0,6.123233995736766e-17,0.9749279121818236,-0.22252093395631434,0,0,0,5344808.38,4343953.93,4507553.37,3470623.71,8409092.75,6627677.09,3622566.63,2796978.04,5669415.23,4519981.15
2018-03-15,6357153.0,4930724.06,Train,2018,3,15,3,0,1,0,0,1.0,6.123233995736766e-17,0.43388373911755823,-0.900968867902419,0,0,0,6867137.98,5489756.33,3419972.83,2864363.46,6963830.59,5570058.79,4418784.14,3538184.9,7298281.44,5862653.36
2018-03-16,4667689.08,3716263.52,Train,2018,3,16,4,0,1,0,0,1.0,6.123233995736766e-17,-0.433883739117558,-0.9009688679024191,0,0,0,6357153.0,4930724.06,3250890.44,2689334.35,5613671.87,4371797.12,4218153.95,3395697.77,7437742.79,6020449.52
2018-03-17,6875294.96,5458868.53,Train,2018,3,17,5,1,1,0,0,1.0,6.123233995736766e-17,-0.9749279121818236,-0.2225209339563146,0,0,0,4667689.08,3716263.52,3479853.91,2832299.24,1177076.3,967531.27,3128927.36,2501462.4,7834618.24,6274517.1
2018-03-18,5615859.9,4613908.21,Train,2018,3,18,6,1,1,0,0,1.0,6.123233995736766e-17,-0.7818314824680299,0.6234898018587334,0,0,1,6875294.96,5458868.53,4342360.28,3337146.36,2218712.31,1781519.01,3463265.1,2649618.11,5974783.9,4875618.15
2018-03-19,5314373.17,4472182.88,Train,2018,3,19,0,0,1,0,0,1.0,6.123233995736766e-17,0.0,1.0,0,0,1,5615859.9,4613908.21,3648185.26,2790754.99,2742871.53,2230053.99,4206774.3,3318989.93,5122059.27,4468071.53
2018-03-20,6054738.37,5116787.38,Train,2018,3,20,1,0,1,0,0,1.0,6.123233995736766e-17,0.7818314824680298,0.6234898018587336,0,0,1,5314373.17,4472182.88,5344808.38,4343953.93,3203122.41,2519131.06,3926304.19,3167573.08,5574811.65,4750949.98
2018-03-21,6826815.9,5913005.8,Train,2018,3,21,2,0,1,0,0,1.0,6.123233995736766e-17,0.9749279121818236,-0.22252093395631434,0,0,1,6054738.37,5116787.38,6867137.98,5489756.33,4507553.37,3470623.71,4186201.52,3338454.11,6395400.59,5699224.23
2018-03-22,5512035.33,4925778.06,Train,2018,3,22,3,0,1,0,0,1.0,6.123233995736766e-17,0.43388373911755823,-0.900968867902419,0,0,1,6826815.9,5913005.8,6357153.0,4930724.06,3419972.83,2864363.46,5091061.73,4033905.61,6704488.72,5884865.16
2018-03-23,4008326.65,3711085.6,Train,2018,3,23,4,0,1,0,0,1.0,6.123233995736766e-17,-0.433883739117558,-0.9009688679024191,0,0,1,5512035.33,4925778.06,4667689.08,3716263.52,3250890.44,2689334.35,3907743.08,3150049.7,8227253.04,7586583.97
2018-03-24,5227586.74,4619965.13,Train,2018,3,24,5,1,1,0,0,1.0,6.123233995736766e-17,-0.9749279121818236,-0.2225209339563146,0,0,1,4008326.65,3711085.6,6875294.96,5458868.53,3479853.91,2832299.24,3063440.84,2341066.15,8043513.7,7275137.93
2018-03-25,4970364.06,4473153.96,Train,2018,3,25,6,1,1,0,0,1.0,6.123233995736766e-17,-0.7818314824680299,0.6234898018587334,0,0,1,5227586.74,4619965.13,5615859.9,4613908.21,4342360.28,3337146.36,3544367.16,2804587.84,5949599.34,5438511.57
2018-03-26,6133670.91,5616024.38,Train,2018,3,26,0,0,1,0,0,1.0,6.123233995736766e-17,0.0,1.0,0,0,1,4970364.06,4473153.96,5314373.17,4472182.88,3648185.26,2790754.99,3364498.21,2679591.94,5631526.96,5140078.21
2018-03-27,6350306.2,5743746.71,Train,2018,3,27,1,0,1,0,0,1.0,6.123233995736766e-17,0.7818314824680298,0.6234898018587336,0,0,1,6133670.91,5616024.38,6054738.37,5116787.38,5344808.38,4343953.93,4015454.83,3238625.9,6690279.11,5981854.17
2018-03-28,8582287.61,7811323.78,Train,2018,3,28,2,0,1,0,0,1.0,6.123233995736766e-17,0.9749279121818236,-0.22252093395631434,0,0,1,6350306.2,5743746.71,6826815.9,5913005.8,6867137.98,5489756.33,7426597.23,5998758.22,7528150.84,6808020.58
2018-03-29,7363015.35,6638405.71,Train,2018,3,29,3,0,1,0,0,1.0,6.123233995736766e-17,0.43388373911755823,-0.900968867902419,0,0,1,8582287.61,7811323.78,5512035.33,4925778.06,6357153.0,4930724.06,8416365.51,6844455.72,8839810.76,8216778.38
2018-03-30,12176690.89,10927925.46,Train,2018,3,30,4,0,1,0,0,1.0,6.123233995736766e-17,-0.433883739117558,-0.9009688679024191,0,0,1,7363015.35,6638405.71,4008326.65,3711085.6,4667689.08,3716263.52,8409092.75,6627677.09,17516038.82,16224964.49
2018-03-31,11278748.95,10156610.77,Train,2018,3,31,5,1,1,0,1,1.0,6.123233995736766e-17,-0.9749279121818236,-0.2225209339563146,0,0,1,12176690.89,10927925.46,5227586.74,4619965.13,6875294.96,5458868.53,6963830.59,5570058.79,16556662.03,15209810.1
2018-04-01,9326921.27,8552479.35,Train,2018,4,1,6,1,2,1,0,0.8660254037844387,-0.4999999999999998,-0.7818314824680299,0.6234898018587334,0,0,1,11278748.95,10156610.77,4970364.06,4473153.96,5615859.9,4613908.21,5613671.87,4371797.12,15808755.61,14645912.76
2018-04-02,9532990.22,8745489.29,Train,2018,4,2,0,0,2,0,0,0.8660254037844387,-0.4999999999999998,0.0,1.0,0,0,1,9326921.27,8552479.35,6133670.91,5616024.38,5314373.17,4472182.88,1177076.3,967531.27,14750037.65,13407725.54
2018-04-03,9176055.6,8274855.19,Train,2018,4,3,1,0,2,0,0,0.8660254037844387,-0.4999999999999998,0.7818314824680298,0.6234898018587336,0,0,1,9532990.22,8745489.29,6350306.2,5743746.71,6054738.37,5116787.38,2218712.31,1781519.01,11986923.68,10898039.76
2018-04-04,3771895.32,3451444.47,Train,2018,4,4,2,0,2,0,0,0.8660254037844387,-0.4999999999999998,0.9749279121818236,-0.22252093395631434,0,0,1,9176055.6,8274855.19,8582287.61,7811323.78,6826815.9,5913005.8,2742871.53,2230053.99,3822590.98,3438348.87
2018-04-05,2915055.94,2584733.26,Train,2018,4,5,3,0,2,0,0,0.8660254037844387,-0.4999999999999998,0.43388373911755823,-0.900968867902419,0,0,1,3771895.32,3451444.47,7363015.35,6638405.71,5512035.33,4925778.06,3203122.41,2519131.06,4629254.97,4199168.99
2018-04-06,3716970.57,3290630.48,Train,2018,4,6,4,0,2,0,0,0.8660254037844387,-0.4999999999999998,-0.433883739117558,-0.9009688679024191,0,0,1,2915055.94,2584733.26,12176690.89,10927925.46,4008326.65,3711085.6,4507553.37,3470623.71,3991728.43,3603945.57
2018-04-07,4650087.25,4137264.98,Train,2018,4,7,5,1,2,0,0,0.8660254037844387,-0.4999999999999998,-0.9749279121818236,-0.2225209339563146,0,0,1,3716970.57,3290630.48,11278748.95,10156610.77,5227586.74,4619965.13,3419972.83,2864363.46,3428956.51,3033332.62
2018-04-08,4317415.31,3833384.91,Train,2018,4,8,6,1,2,0,0,0.8660254037844387,-0.4999999999999998,-0.7818314824680299,0.6234898018587334,0,0,1,4650087.25,4137264.98,9326921.27,8552479.35,4970364.06,4473153.96,3250890.44,2689334.35,3512061.04,3104040.68
2018-04-09,4916546.48,4479387.83,Train,2018,4,9,0,0,2,0,0,0.8660254037844387,-0.4999999999999998,0.0,1.0,0,0,1,4317415.31,3833384.91,9532990.22,8745489.29,6133670.91,5616024.38,3479853.91,2832299.24,5195329.1,4683867.18
2018-04-10,7060893.97,6323343.96,Train,2018,4,10,1,0,2,0,0,0.8660254037844387,-0.4999999999999998,0.7818314824680298,0.6234898018587336,0,0,1,4916546.48,4479387.83,9176055.6,8274855.19,6350306.2,5743746.71,4342360.28,3337146.36,4956146.85,4458418.44
2018-04-11,5719121.32,5144349.61,Train,2018,4,11,2,0,2,0,0,0.8660254037844387,-0.4999999999999998,0.9749279121818236,-0.22252093395631434,0,0,1,7060893.97,6323343.96,3771895.32,3451444.47,8582287.61,7811323.78,3648185.26,2790754.99,6400896.15,5775011.4
2018-04-12,4925768.26,4274900.55,Train,2018,4,12,3,0,2,0,0,0.8660254037844387,-0.4999999999999998,0.43388373911755823,-0.900968867902419,0,0,1,5719121.32,5144349.61,2915055.94,2584733.26,7363015.35,6638405.71,5344808.38,4343953.93,6346191.53,5932271.71
2018-04-13,4955951.73,4445276.84,Train,2018,4,13,4,0,2,0,0,0.8660254037844387,-0.4999999999999998,-0.433883739117558,-0.9009688679024191,0,0,1,4925768.26,4274900.55,3716970.57,3290630.48,12176690.89,10927925.46,6867137.98,5489756.33,6080699.31,5675033.32
2018-04-14,5934960.89,5111153.97,Train,2018,4,14,5,1,2,0,0,0.8660254037844387,-0.4999999999999998,-0.9749279121818236,-0.2225209339563146,0,0,1,4955951.73,4445276.84,4650087.25,4137264.98,11278748.95,10156610.77,6357153.0,4930724.06,5046450.29,4501125.15
2018-04-15,5904150.09,4782715.57,Train,2018,4,15,6,1,2,0,0,0.8660254037844387,-0.4999999999999998,-0.7818314824680299,0.6234898018587334,0,0,1,5934960.89,5111153.97,4317415.31,3833384.91,9326921.27,8552479.35,4667689.08,3716263.52,5118767.2,4382670.97
2018-04-16,7603253.45,6190718.89,Train,2018,4,16,0,0,2,0,0,0.8660254037844387,-0.4999999999999998,0.0,1.0,0,0,1,5904150.09,4782715.57,4916546.48,4479387.83,9532990.22,8745489.29,6875294.96,5458868.53,5550880.17,4613246.21
2018-04-17,9179593.09,7283796.97,Train,2018,4,17,1,0,2,0,0,0.8660254037844387,-0.4999999999999998,0.7818314824680298,0.6234898018587336,0,0,1,7603253.45,6190718.89,7060893.97,6323343.96,9176055.6,8274855.19,5615859.9,4613908.21,6659045.31,5533903.49
2018-04-18,9507550.23,7504171.54,Train,2018,4,18,2,0,2,0,0,0.8660254037844387,-0.4999999999999998,0.9749279121818236,-0.22252093395631434,0,0,0,9179593.09,7283796.97,5719121.32,5144349.61,3771895.32,3451444.47,5314373.17,4472182.88,8056843.67,6512827.94
2018-04-19,6670677.39,5141784.57,Train,2018,4,19,3,0,2,0,0,0.8660254037844387,-0.4999999999999998,0.43388373911755823,-0.900968867902419,0,0,0,9507550.23,7504171.54,4925768.26,4274900.55,2915055.94,2584733.26,6054738.37,5116787.38,8628781.58,6869166.87
2018-04-20,7753365.66,6032943.55,Train,2018,4,20,4,0,2,0,0,0.8660254037844387,-0.4999999999999998,-0.433883739117558,-0.9009688679024191,0,0,0,6670677.39,5141784.57,4955951.73,4445276.84,3716970.57,3290630.48,6826815.9,5913005.8,7240460.1,5704449.86
2018-04-21,6793803.83,5216087.55,Train,2018,4,21,5,1,2,0,0,0.8660254037844387,-0.4999999999999998,-0.9749279121818236,-0.2225209339563146,0,0,0,7753365.66,6032943.55,5934960.89,5111153.97,4650087.25,4137264.98,5512035.33,4925778.06,5516371.41,4399591.55
2018-04-22,7058897.65,5480418.64,Train,2018,4,22,6,1,2,0,0,0.8660254037844387,-0.4999999999999998,-0.7818314824680299,0.6234898018587334,0,0,0,6793803.83,5216087.55,5904150.09,4782715.57,4317415.31,3833384.91,4008326.65,3711085.6,5307716.56,4273571.86
2018-04-23,8991635.45,7095225.16,Train,2018,4,23,0,0,2,0,0,0.8660254037844387,-0.4999999999999998,0.0,1.0,0,0,0,7058897.65,5480418.64,7603253.45,6190718.89,4916546.48,4479387.83,5227586.74,4619965.13,7933547.43,6292750.65
2018-04-24,10052878.22,8047009.91,Train,2018,4,24,1,0,2,0,0,0.8660254037844387,-0.4999999999999998,0.7818314824680298,0.6234898018587336,0,0,0,8991635.45,7095225.16,9179593.09,7283796.97,7060893.97,6323343.96,4970364.06,4473153.96,7075130.23,5783275.04
2018-04-25,9547875.66,7562805.33,Train,2018,4,25,2,0,2,0,0,0.8660254037844387,-0.4999999999999998,0.9749279121818236,-0.22252093395631434,0,0,0,10052878.22,8047009.91,9507550.23,7504171.54,5719121.32,5144349.61,6133670.91,5616024.38,8289377.68,6751931.23
2018-04-26,7281885.08,5826147.75,Train,2018,4,26,3,0,2,0,0,0.8660254037844387,-0.4999999999999998,0.43388373911755823,-0.900968867902419,0,0,0,9547875.66,7562805.33,6670677.39,5141784.57,4925768.26,4274900.55,6350306.2,5743746.71,11677117.94,9490915.85
2018-04-27,7916179.31,6291028.22,Train,2018,4,27,4,0,2,0,0,0.8660254037844387,-0.4999999999999998,-0.433883739117558,-0.9009688679024191,0,0,0,7281885.08,5826147.75,7753365.66,6032943.55,4955951.73,4445276.84,8582287.61,7811323.78,10910842.34,8767860.5
2018-04-28,10502784.65,8150501.12,Train,2018,4,28,5,1,2,0,0,0.8660254037844387,-0.4999999999999998,-0.9749279121818236,-0.2225209339563146,0,0,0,7916179.31,6291028.22,6793803.83,5216087.55,5934960.89,5111153.97,7363015.35,6638405.71,8873238.46,7052027.5
2018-04-29,12074392.53,9758209.64,Train,2018,4,29,6,1,2,0,0,0.8660254037844387,-0.4999999999999998,-0.7818314824680299,0.6234898018587334,0,0,0,10502784.65,8150501.12,7058897.65,5480418.64,5904150.09,4782715.57,12176690.89,10927925.46,13969061.08,11193381.32
2018-04-30,12464011.32,10080235.11,Train,2018,4,30,0,0,2,0,1,0.8660254037844387,-0.4999999999999998,0.0,1.0,1,0,0,12074392.53,9758209.64,8991635.45,7095225.16,7603253.45,6190718.89,11278748.95,10156610.77,12763691.95,10213945.04
2018-05-01,13778926.53,10888681.41,Train,2018,5,1,1,0,2,1,0,0.49999999999999994,-0.8660254037844387,0.7818314824680298,0.6234898018587336,1,0,0,12464011.32,10080235.11,10052878.22,8047009.91,9179593.09,7283796.97,9326921.27,8552479.35,10437173.89,8248934.13
2018-05-02,12779953.62,10186293.15,Train,2018,5,2,2,0,2,0,0,0.49999999999999994,-0.8660254037844387,0.9749279121818236,-0.22252093395631434,0,0,0,13778926.53,10888681.41,9547875.66,7562805.33,9507550.23,7504171.54,9532990.22,8745489.29,10668293.77,8545428.77
2018-05-03,9480205.54,7740627.05,Train,2018,5,3,3,0,2,0,0,0.49999999999999994,-0.8660254037844387,0.43388373911755823,-0.900968867902419,0,0,0,12779953.62,10186293.15,7281885.08,5826147.75,6670677.39,5141784.57,9176055.6,8274855.19,11066087.91,8850240.81
2018-05-04,3081716.09,2431808.71,Train,2018,5,4,4,0,2,0,0,0.49999999999999994,-0.8660254037844387,-0.433883739117558,-0.9009688679024191,0,0,0,9480205.54,7740627.05,7916179.31,6291028.22,7753365.66,6032943.55,3771895.32,3451444.47,5096072.55,4205229.55
2018-05-05,4882374.55,3844333.13,Train,2018,5,5,5,1,2,0,0,0.49999999999999994,-0.8660254037844387,-0.9749279121818236,-0.2225209339563146,0,0,0,3081716.09,2431808.71,10502784.65,8150501.12,6793803.83,5216087.55,2915055.94,2584733.26,5663567.39,4486107.35
2018-05-06,4852630.6,3859217.33,Train,2018,5,6,6,1,2,0,0,0.49999999999999994,-0.8660254037844387,-0.7818314824680299,0.6234898018587334,0,0,0,4882374.55,3844333.13,12074392.53,9758209.64,7058897.65,5480418.64,3716970.57,3290630.48,3743378.15,2996412.53
2018-05-07,5630735.57,4477313.26,Train,2018,5,7,0,0,2,0,0,0.49999999999999994,-0.8660254037844387,0.0,1.0,0,0,0,4852630.6,3859217.33,12464011.32,10080235.11,8991635.45,7095225.16,4650087.25,4137264.98,4893557.72,3947883.38
2018-05-08,5961711.29,4782188.47,Train,2018,5,8,1,0,2,0,0,0.49999999999999994,-0.8660254037844387,0.7818314824680298,0.6234898018587336,0,0,0,5630735.57,4477313.26,13778926.53,10888681.41,10052878.22,8047009.91,4317415.31,3833384.91,5867384.27,4768855.8
2018-05-09,8207932.76,6468074.72,Train,2018,5,9,2,0,2,0,0,0.49999999999999994,-0.8660254037844387,0.9749279121818236,-0.22252093395631434,0,0,0,5961711.29,4782188.47,12779953.62,10186293.15,9547875.66,7562805.33,4916546.48,4479387.83,6383091.75,5203605.53
2018-05-10,7249267.2,5767724.99,Train,2018,5,10,3,0,2,0,0,0.49999999999999994,-0.8660254037844387,0.43388373911755823,-0.900968867902419,0,0,0,8207932.76,6468074.72,9480205.54,7740627.05,7281885.08,5826147.75,7060893.97,6323343.96,7501996.22,6032076.17
2018-05-11,5934039.42,4706572.43,Train,2018,5,11,4,0,2,0,0,0.49999999999999994,-0.8660254037844387,-0.433883739117558,-0.9009688679024191,0,0,0,7249267.2,5767724.99,3081716.09,2431808.71,7916179.31,6291028.22,5719121.32,5144349.61,10239562.28,8268973.88
2018-05-12,5782619.05,4599452.28,Train,2018,5,12,5,1,2,0,0,0.49999999999999994,-0.8660254037844387,-0.9749279121818236,-0.2225209339563146,0,0,0,5934039.42,4706572.43,4882374.55,3844333.13,10502784.65,8150501.12,4925768.26,4274900.55,8320439.9,6726540.41
2018-05-13,5902938.45,4640987.62,Train,2018,5,13,6,1,2,0,0,0.49999999999999994,-0.8660254037844387,-0.7818314824680299,0.6234898018587334,0,0,0,5782619.05,4599452.28,4852630.6,3859217.33,12074392.53,9758209.64,4955951.73,4445276.84,7357524.23,5896933.82
2018-05-14,7023913.46,5532477.08,Train,2018,5,14,0,0,2,0,0,0.49999999999999994,-0.8660254037844387,0.0,1.0,0,0,0,5902938.45,4640987.62,5630735.57,4477313.26,12464011.32,10080235.11,5934960.89,5111153.97,6662133.39,5287890.68
2018-05-15,8789772.31,6971865.67,Train,2018,5,15,1,0,2,0,0,0.49999999999999994,-0.8660254037844387,0.7818314824680298,0.6234898018587336,0,0,0,7023913.46,5532477.08,5961711.29,4782188.47,13778926.53,10888681.41,5904150.09,4782715.57,7541584.53,6196974.67
2018-05-16,9398231.32,7399830.54,Train,2018,5,16,2,0,2,0,0,0.49999999999999994,-0.8660254037844387,0.9749279121818236,-0.22252093395631434,0,0,0,8789772.31,6971865.67,8207932.76,6468074.72,12779953.62,10186293.15,7603253.45,6190718.89,6978902.38,5556954.23
2018-05-17,9816742.13,7698242.57,Train,2018,5,17,3,0,2,0,0,0.49999999999999994,-0.8660254037844387,0.43388373911755823,-0.900968867902419,0,0,0,9398231.32,7399830.54,7249267.2,5767724.99,9480205.54,7740627.05,9179593.09,7283796.97,7526190.32,5942140.35
2018-05-18,7337944.43,5819237.35,Train,2018,5,18,4,0,2,0,0,0.49999999999999994,-0.8660254037844387,-0.433883739117558,-0.9009688679024191,0,0,0,9816742.13,7698242.57,5934039.42,4706572.43,3081716.09,2431808.71,9507550.23,7504171.54,10554187.11,8417567.55
2018-05-19,6925640.35,5627670.43,Train,2018,5,19,5,1,2,0,0,0.49999999999999994,-0.8660254037844387,-0.9749279121818236,-0.2225209339563146,0,0,0,7337944.43,5819237.35,5782619.05,4599452.28,4882374.55,3844333.13,6670677.39,5141784.57,8723026.23,6978931.62
2018-05-20,8653992.04,6799995.97,Train,2018,5,20,6,1,2,0,0,0.49999999999999994,-0.8660254037844387,-0.7818314824680299,0.6234898018587334,0,0,0,6925640.35,5627670.43,5902938.45,4640987.62,4852630.6,3859217.33,7753365.66,6032943.55,6210104.92,4916762.05
2018-05-21,6241809.14,4958178.74,Train,2018,5,21,0,0,2,0,0,0.49999999999999994,-0.8660254037844387,0.0,1.0,0,0,0,8653992.04,6799995.97,7023913.46,5532477.08,5630735.57,4477313.26,6793803.83,5216087.55,7924193.43,6410830.66
2018-05-22,7847121.97,6132458.54,Train,2018,5,22,1,0,2,0,0,0.49999999999999994,-0.8660254037844387,0.7818314824680298,0.6234898018587336,0,0,0,6241809.14,4958178.74,8789772.31,6971865.67,5961711.29,4782188.47,7058897.65,5480418.64,7701304.95,6167091.35
2018-05-23,11779004.94,9369180.79,Train,2018,5,23,2,0,2,0,0,0.49999999999999994,-0.8660254037844387,0.9749279121818236,-0.22252093395631434,0,0,0,7847121.97,6132458.54,9398231.32,7399830.54,8207932.76,6468074.72,8991635.45,7095225.16,8875094.41,7259320.81
2018-05-24,9030397.74,7160269.86,Train,2018,5,24,3,0,2,0,0,0.49999999999999994,-0.8660254037844387,0.43388373911755823,-0.900968867902419,0,0,0,11779004.94,9369180.79,9816742.13,7698242.57,7249267.2,5767724.99,10052878.22,8047009.91,9809118.2,7989958.15
2018-05-25,6498399.18,5141245.68,Train,2018,5,25,4,0,2,0,0,0.49999999999999994,-0.8660254037844387,-0.433883739117558,-0.9009688679024191,0,0,0,9030397.74,7160269.86,7337944.43,5819237.35,5934039.42,4706572.43,9547875.66,7562805.33,12997641.6,10345551.33
2018-05-26,5600677.63,4596266.34,Train,2018,5,26,5,1,2,0,0,0.49999999999999994,-0.8660254037844387,-0.9749279121818236,-0.2225209339563146,0,0,0,6498399.18,5141245.68,6925640.35,5627670.43,5782619.05,4599452.28,7281885.08,5826147.75,10924584.92,8936147.49
2018-05-27,6413198.63,5135755.4,Train,2018,5,27,6,1,2,0,0,0.49999999999999994,-0.8660254037844387,-0.7818314824680299,0.6234898018587334,0,0,0,5600677.63,4596266.34,8653992.04,6799995.97,5902938.45,4640987.62,7916179.31,6291028.22,6842735.97,5377732.71
2018-05-28,7438573.25,5854231.41,Train,2018,5,28,0,0,2,0,0,0.49999999999999994,-0.8660254037844387,0.0,1.0,0,0,0,6413198.63,5135755.4,6241809.14,4958178.74,7023913.46,5532477.08,10502784.65,8150501.12,6133951.19,4817050.8
2018-05-29,10262818.32,7905889.83,Train,2018,5,29,1,0,2,0,0,0.49999999999999994,-0.8660254037844387,0.7818314824680298,0.6234898018587336,0,0,0,7438573.25,5854231.41,7847121.97,6132458.54,8789772.31,6971865.67,12074392.53,9758209.64,7513494.18,5975112.76
2018-05-30,20905271.35,16535857.67,Train,2018,5,30,2,0,2,0,0,0.49999999999999994,-0.8660254037844387,0.9749279121818236,-0.22252093395631434,0,0,0,10262818.32,7905889.83,11779004.94,9369180.79,9398231.32,7399830.54,12464011.32,10080235.11,15437626.24,12468271.46
2018-05-31,19289944.12,15561846.1,Train,2018,5,31,3,0,2,0,1,0.49999999999999994,-0.8660254037844387,0.43388373911755823,-0.900968867902419,0,0,0,20905271.35,16535857.67,9030397.74,7160269.86,9816742.13,7698242.57,13778926.53,10888681.41,17314841.86,13846685.08
2018-06-01,19245165.78,15287542.6,Train,2018,6,1,4,0,2,1,0,1.2246467991473532e-16,-1.0,-0.433883739117558,-0.9009688679024191,0,0,0,19289944.12,15561846.1,6498399.18,5141245.68,7337944.43,5819237.35,12779953.62,10186293.15,17639270.88,14102311.81
2018-06-02,17529108.34,13707707.44,Train,2018,6,2,5,1,2,0,0,1.2246467991473532e-16,-1.0,-0.9749279121818236,-0.2225209339563146,0,0,0,19245165.78,15287542.6,5600677.63,4596266.34,6925640.35,5627670.43,9480205.54,7740627.05,17528852.88,14154253.77
2018-06-03,13779702.07,10827445.24,Train,2018,6,3,6,1,2,0,0,1.2246467991473532e-16,-1.0,-0.7818314824680299,0.6234898018587334,0,0,0,17529108.34,13707707.44,6413198.63,5135755.4,8653992.04,6799995.97,3081716.09,2431808.71,15308256.14,12312510.57
2018-06-04,4373078.45,3458754.81,Train,2018,6,4,0,0,2,0,0,1.2246467991473532e-16,-1.0,0.0,1.0,0,0,0,13779702.07,10827445.24,7438573.25,5854231.41,6241809.14,4958178.74,4882374.55,3844333.13,4982217.86,4015671.63
2018-06-05,5537841.59,4323885.63,Train,2018,6,5,1,0,2,0,0,1.2246467991473532e-16,-1.0,0.7818314824680298,0.6234898018587336,0,0,0,4373078.45,3458754.81,10262818.32,7905889.83,7847121.97,6132458.54,4852630.6,3859217.33,6879970.92,5535512.4
2018-06-06,6238754.07,4903699.53,Train,2018,6,6,2,0,2,0,0,1.2246467991473532e-16,-1.0,0.9749279121818236,-0.22252093395631434,0,0,0,5537841.59,4323885.63,20905271.35,16535857.67,11779004.94,9369180.79,5630735.57,4477313.26,5342823.74,4216558.08
2018-06-07,4523493.87,3579003.08,Train,2018,6,7,3,0,2,0,0,1.2246467991473532e-16,-1.0,0.43388373911755823,-0.900968867902419,0,0,0,6238754.07,4903699.53,19289944.12,15561846.1,9030397.74,7160269.86,5961711.29,4782188.47,7640608.49,6119021.16
2018-06-08,5863271.23,4570207.33,Train,2018,6,8,4,0,2,0,0,1.2246467991473532e-16,-1.0,-0.433883739117558,-0.9009688679024191,0,0,0,4523493.87,3579003.08,19245165.78,15287542.6,6498399.18,5141245.68,8207932.76,6468074.72,7229728.05,5870597.71
2018-06-09,7018402.9,5469599.5,Train,2018,6,9,5,1,2,0,0,1.2246467991473532e-16,-1.0,-0.9749279121818236,-0.2225209339563146,0,0,0,5863271.23,4570207.33,17529108.34,13707707.44,5600677.63,4596266.34,7249267.2,5767724.99,6070420.59,4805414.43
2018-06-10,6333777.67,5115963.75,Train,2018,6,10,6,1,2,0,0,1.2246467991473532e-16,-1.0,-0.7818314824680299,0.6234898018587334,0,0,0,7018402.9,5469599.5,13779702.07,10827445.24,6413198.63,5135755.4,5934039.42,4706572.43,6331260.25,5062026.02
2018-06-11,7812992.68,6338472.32,Train,2018,6,11,0,0,2,0,0,1.2246467991473532e-16,-1.0,0.0,1.0,0,0,0,6333777.67,5115963.75,4373078.45,3458754.81,7438573.25,5854231.41,5782619.05,4599452.28,6522568.24,5237226.84
2018-06-12,8959000.0,7232971.98,Train,2018,6,12,1,0,2,0,0,1.2246467991473532e-16,-1.0,0.7818314824680298,0.6234898018587336,0,0,0,7812992.68,6338472.32,5537841.59,4323885.63,10262818.32,7905889.83,5902938.45,4640987.62,6628740.01,5335810.64
2018-06-13,9047626.88,7216006.11,Train,2018,6,13,2,0,2,0,0,1.2246467991473532e-16,-1.0,0.9749279121818236,-0.22252093395631434,0,0,0,8959000.0,7232971.98,6238754.07,4903699.53,20905271.35,16535857.67,7023913.46,5532477.08,9097973.24,7325847.9
2018-06-14,6994969.99,5361729.98,Train,2018,6,14,3,0,2,0,0,1.2246467991473532e-16,-1.0,0.43388373911755823,-0.900968867902419,0,0,0,9047626.88,7216006.11,4523493.87,3579003.08,19289944.12,15561846.1,8789772.31,6971865.67,10026676.46,8103723.85
2018-06-15,7278400.85,5850026.61,Train,2018,6,15,4,0,2,0,0,1.2246467991473532e-16,-1.0,-0.433883739117558,-0.9009688679024191,0,0,0,6994969.99,5361729.98,5863271.23,4570207.33,19245165.78,15287542.6,9398231.32,7399830.54,7940593.56,6369139.96
2018-06-16,9653316.6,7581593.64,Train,2018,6,16,5,1,2,0,0,1.2246467991473532e-16,-1.0,-0.9749279121818236,-0.2225209339563146,0,0,0,7278400.85,5850026.61,7018402.9,5469599.5,17529108.34,13707707.44,9816742.13,7698242.57,7143718.68,5840484.65
2018-06-17,8270248.42,6473926.23,Train,2018,6,17,6,1,2,0,0,1.2246467991473532e-16,-1.0,-0.7818314824680299,0.6234898018587334,0,0,0,9653316.6,7581593.64,6333777.67,5115963.75,13779702.07,10827445.24,7337944.43,5819237.35,7455304.37,6136710.77
2018-06-18,9578590.6,7481623.41,Train,2018,6,18,0,0,2,0,0,1.2246467991473532e-16,-1.0,0.0,1.0,0,0,0,8270248.42,6473926.23,7812992.68,6338472.32,4373078.45,3458754.81,6925640.35,5627670.43,7827068.5,6257008.19
2018-06-19,10591854.27,8526409.74,Train,2018,6,19,1,0,2,0,0,1.2246467991473532e-16,-1.0,0.7818314824680298,0.6234898018587336,0,0,0,9578590.6,7481623.41,8959000.0,7232971.98,5537841.59,4323885.63,8653992.04,6799995.97,7342525.83,5820728.91
2018-06-20,10442554.6,8340504.64,Train,2018,6,20,2,0,2,0,0,1.2246467991473532e-16,-1.0,0.9749279121818236,-0.22252093395631434,0,0,0,10591854.27,8526409.74,9047626.88,7216006.11,6238754.07,4903699.53,6241809.14,4958178.74,8225238.75,6368214.24
2018-06-21,7960357.2,6345143.3,Train,2018,6,21,3,0,2,0,0,1.2246467991473532e-16,-1.0,0.43388373911755823,-0.900968867902419,0,0,0,10442554.6,8340504.64,6994969.99,5361729.98,4523493.87,3579003.08,7847121.97,6132458.54,10655514.59,8609715.32
2018-06-22,7890035.7,6262366.78,Train,2018,6,22,4,0,2,0,0,1.2246467991473532e-16,-1.0,-0.433883739117558,-0.9009688679024191,0,0,0,7960357.2,6345143.3,7278400.85,5850026.61,5863271.23,4570207.33,11779004.94,9369180.79,9198620.13,7431185.52
2018-06-23,7919846.87,6623002.69,Train,2018,6,23,5,1,2,0,0,1.2246467991473532e-16,-1.0,-0.9749279121818236,-0.2225209339563146,0,0,1,7890035.7,6262366.78,9653316.6,7581593.64,7018402.9,5469599.5,9030397.74,7160269.86,6526283.84,5230359.86
2018-06-24,7114017.67,6244799.31,Train,2018,6,24,6,1,2,0,0,1.2246467991473532e-16,-1.0,-0.7818314824680299,0.6234898018587334,0,0,1,7919846.87,6623002.69,8270248.42,6473926.23,6333777.67,5115963.75,6498399.18,5141245.68,7602436.11,6685562.91
2018-06-25,8744485.32,8162955.36,Train,2018,6,25,0,0,2,0,0,1.2246467991473532e-16,-1.0,0.0,1.0,0,0,1,7114017.67,6244799.31,9578590.6,7481623.41,7812992.68,6338472.32,5600677.63,4596266.34,7066545.51,6587328.34
2018-06-26,10888893.34,10123784.8,Train,2018,6,26,1,0,2,0,0,1.2246467991473532e-16,-1.0,0.7818314824680298,0.6234898018587336,0,0,1,8744485.32,8162955.36,10591854.27,8526409.74,8959000.0,7232971.98,6413198.63,5135755.4,7983541.46,7671373.55
2018-06-27,11081146.52,10874461.91,Train,2018,6,27,2,0,2,0,0,1.2246467991473532e-16,-1.0,0.9749279121818236,-0.22252093395631434,0,0,1,10888893.34,10123784.8,10442554.6,8340504.64,9047626.88,7216006.11,7438573.25,5854231.41,9250037.34,9101777.72
2018-06-28,8513932.2,8332592.17,Train,2018,6,28,3,0,2,0,0,1.2246467991473532e-16,-1.0,0.43388373911755823,-0.900968867902419,0,0,1,11081146.52,10874461.91,7960357.2,6345143.3,6994969.99,5361729.98,10262818.32,7905889.83,11067229.74,10779722.88
2018-06-29,12484085.14,11945221.58,Train,2018,6,29,4,0,2,0,0,1.2246467991473532e-16,-1.0,-0.433883739117558,-0.9009688679024191,0,0,1,8513932.2,8332592.17,7890035.7,6262366.78,7278400.85,5850026.61,20905271.35,16535857.67,14575854.67,14163551.21
2018-06-30,10005221.27,9784802.48,Train,2018,6,30,5,1,2,0,1,1.2246467991473532e-16,-1.0,-0.9749279121818236,-0.2225209339563146,0,0,1,12484085.14,11945221.58,7919846.87,6623002.69,9653316.6,7581593.64,19289944.12,15561846.1,10343460.86,10016805.64
2018-07-01,8830377.17,8529895.83,Train,2018,7,1,6,1,3,1,0,-0.4999999999999997,-0.8660254037844388,-0.7818314824680299,0.6234898018587334,0,0,1,10005221.27,9784802.48,7114017.67,6244799.31,8270248.42,6473926.23,19245165.78,15287542.6,9399552.7,9077728.29
2018-07-02,8070014.23,7743177.14,Train,2018,7,2,0,0,3,0,0,-0.4999999999999997,-0.8660254037844388,0.0,1.0,0,0,1,8830377.17,8529895.83,8744485.32,8162955.36,9578590.6,7481623.41,17529108.34,13707707.44,8465410.55,8425628.54
2018-07-03,9033060.75,8644208.55,Train,2018,7,3,1,0,3,0,0,-0.4999999999999997,-0.8660254037844388,0.7818314824680298,0.6234898018587336,0,0,1,8070014.23,7743177.14,10888893.34,10123784.8,10591854.27,8526409.74,13779702.07,10827445.24,7335280.55,7353625.52
2018-07-04,2096565.2,2027736.06,Train,2018,7,4,2,0,3,0,0,-0.4999999999999997,-0.8660254037844388,0.9749279121818236,-0.22252093395631434,0,0,1,9033060.75,8644208.55,11081146.52,10874461.91,10442554.6,8340504.64,4373078.45,3458754.81,1548331.57,1505172.52
2018-07-05,2944993.36,2822619.07,Train,2018,7,5,3,0,3,0,0,-0.4999999999999997,-0.8660254037844388,0.43388373911755823,-0.900968867902419,0,0,1,2096565.2,2027736.06,8513932.2,8332592.17,7960357.2,6345143.3,5537841.59,4323885.63,2498941.43,2468637.84
2018-07-06,2036989.14,2040145.8,Train,2018,7,6,4,0,3,0,0,-0.4999999999999997,-0.8660254037844388,-0.433883739117558,-0.9009688679024191,0,0,1,2944993.36,2822619.07,12484085.14,11945221.58,7890035.7,6262366.78,6238754.07,4903699.53,3806545.74,3785638.98
2018-07-07,3253556.07,3156576.31,Train,2018,7,7,5,1,3,0,0,-0.4999999999999997,-0.8660254037844388,-0.9749279121818236,-0.2225209339563146,0,0,1,2036989.14,2040145.8,10005221.27,9784802.48,7919846.87,6623002.69,4523493.87,3579003.08,3910669.38,3735165.73
2018-07-08,2752144.2,2725199.41,Train,2018,7,8,6,1,3,0,0,-0.4999999999999997,-0.8660254037844388,-0.7818314824680299,0.6234898018587334,0,0,1,3253556.07,3156576.31,8830377.17,8529895.83,7114017.67,6244799.31,5863271.23,4570207.33,2775904.89,2709365.34
2018-07-09,4430764.61,4215804.43,Train,2018,7,9,0,0,3,0,0,-0.4999999999999997,-0.8660254037844388,0.0,1.0,0,0,1,2752144.2,2725199.41,8070014.23,7743177.14,8744485.32,8162955.36,7018402.9,5469599.5,4305575.04,4091213.73
2018-07-10,5201122.72,4881351.11,Train,2018,7,10,1,0,3,0,0,-0.4999999999999997,-0.8660254037844388,0.7818314824680298,0.6234898018587336,0,0,1,4430764.61,4215804.43,9033060.75,8644208.55,10888893.34,10123784.8,6333777.67,5115963.75,4406742.02,4296558.78
2018-07-11,6502831.07,6236313.66,Train,2018,7,11,2,0,3,0,0,-0.4999999999999997,-0.8660254037844388,0.9749279121818236,-0.22252093395631434,0,0,1,5201122.72,4881351.11,2096565.2,2027736.06,11081146.52,10874461.91,7812992.68,6338472.32,4944810.32,4863855.67
2018-07-12,6228668.47,6094439.16,Train,2018,7,12,3,0,3,0,0,-0.4999999999999997,-0.8660254037844388,0.43388373911755823,-0.900968867902419,0,0,1,6502831.07,6236313.66,2944993.36,2822619.07,8513932.2,8332592.17,8959000.0,7232971.98,4751983.65,4543652.2
2018-07-13,4250921.4,4213700.8,Train,2018,7,13,4,0,3,0,0,-0.4999999999999997,-0.8660254037844388,-0.433883739117558,-0.9009688679024191,0,0,1,6228668.47,6094439.16,2036989.14,2040145.8,12484085.14,11945221.58,9047626.88,7216006.11,6163660.52,5965250.9
2018-07-14,4868504.46,4786402.77,Train,2018,7,14,5,1,3,0,0,-0.4999999999999997,-0.8660254037844388,-0.9749279121818236,-0.2225209339563146,0,0,1,4250921.4,4213700.8,3253556.07,3156576.31,10005221.27,9784802.48,6994969.99,5361729.98,4470547.96,4429144.59
2018-07-15,5393026.83,5249791.03,Train,2018,7,15,6,1,3,0,0,-0.4999999999999997,-0.8660254037844388,-0.7818314824680299,0.6234898018587334,0,0,1,4868504.46,4786402.77,2752144.2,2725199.41,8830377.17,8529895.83,7278400.85,5850026.61,4914470.82,4964833.31
2018-07-16,4994805.9,4716050.05,Train,2018,7,16,0,0,3,0,0,-0.4999999999999997,-0.8660254037844388,0.0,1.0,0,0,1,5393026.83,5249791.03,4430764.61,4215804.43,8070014.23,7743177.14,9653316.6,7581593.64,5679726.46,5555676.19
2018-07-17,5712604.18,5386803.9,Train,2018,7,17,1,0,3,0,0,-0.4999999999999997,-0.8660254037844388,0.7818314824680298,0.6234898018587336,0,0,1,4994805.9,4716050.05,5201122.72,4881351.11,9033060.75,8644208.55,8270248.42,6473926.23,5903451.12,5721733.07
2018-07-18,7639039.23,7484190.04,Train,2018,7,18,2,0,3,0,0,-0.4999999999999997,-0.8660254037844388,0.9749279121818236,-0.22252093395631434,0,0,1,5712604.18,5386803.9,6502831.07,6236313.66,2096565.2,2027736.06,9578590.6,7481623.41,5722567.0,5454385.63
2018-07-19,6252432.84,5912775.72,Train,2018,7,19,3,0,3,0,0,-0.4999999999999997,-0.8660254037844388,0.43388373911755823,-0.900968867902419,0,0,1,7639039.23,7484190.04,6228668.47,6094439.16,2944993.36,2822619.07,10591854.27,8526409.74,5823778.88,5343161.22
2018-07-20,5761282.54,5222554.73,Train,2018,7,20,4,0,3,0,0,-0.4999999999999997,-0.8660254037844388,-0.433883739117558,-0.9009688679024191,0,0,1,6252432.84,5912775.72,4250921.4,4213700.8,2036989.14,2040145.8,10442554.6,8340504.64,7767875.77,6983084.24
2018-07-21,4939690.9,4320031.79,Train,2018,7,21,5,1,3,0,0,-0.4999999999999997,-0.8660254037844388,-0.9749279121818236,-0.2225209339563146,0,0,1,5761282.54,5222554.73,4868504.46,4786402.77,3253556.07,3156576.31,7960357.2,6345143.3,7742137.96,6801188.17
2018-07-22,5641320.53,4834937.23,Train,2018,7,22,6,1,3,0,0,-0.4999999999999997,-0.8660254037844388,-0.7818314824680299,0.6234898018587334,0,0,1,4939690.9,4320031.79,5393026.83,5249791.03,2752144.2,2725199.41,7890035.7,6262366.78,5031209.52,4280297.37
2018-07-23,6121614.15,4864263.18,Train,2018,7,23,0,0,3,0,0,-0.4999999999999997,-0.8660254037844388,0.0,1.0,0,0,0,5641320.53,4834937.23,4994805.9,4716050.05,4430764.61,4215804.43,7919846.87,6623002.69,5822844.6,4618045.67
2018-07-24,6821739.77,5344675.82,Train,2018,7,24,1,0,3,0,0,-0.4999999999999997,-0.8660254037844388,0.7818314824680298,0.6234898018587336,0,0,0,6121614.15,4864263.18,5712604.18,5386803.9,5201122.72,4881351.11,7114017.67,6244799.31,5657508.49,4478937.41
2018-07-25,7944998.65,6241710.94,Train,2018,7,25,2,0,3,0,0,-0.4999999999999997,-0.8660254037844388,0.9749279121818236,-0.22252093395631434,0,0,0,6821739.77,5344675.82,7639039.23,7484190.04,6502831.07,6236313.66,8744485.32,8162955.36,7277905.64,5735726.58
2018-07-26,6463508.32,5212368.25,Train,2018,7,26,3,0,3,0,0,-0.4999999999999997,-0.8660254037844388,0.43388373911755823,-0.900968867902419,0,0,0,7944998.65,6241710.94,6252432.84,5912775.72,6228668.47,6094439.16,10888893.34,10123784.8,8323356.74,6749350.5
2018-07-27,5162979.4,4110689.88,Train,2018,7,27,4,0,3,0,0,-0.4999999999999997,-0.8660254037844388,-0.433883739117558,-0.9009688679024191,0,0,0,6463508.32,5212368.25,5761282.54,5222554.73,4250921.4,4213700.8,11081146.52,10874461.91,10162217.48,8082143.68
2018-07-28,6313222.5,5068784.77,Train,2018,7,28,5,1,3,0,0,-0.4999999999999997,-0.8660254037844388,-0.9749279121818236,-0.2225209339563146,0,0,0,5162979.4,4110689.88,4939690.9,4320031.79,4868504.46,4786402.77,8513932.2,8332592.17,8483149.48,6878556.14
2018-07-29,6597216.94,5284529.74,Train,2018,7,29,6,1,3,0,0,-0.4999999999999997,-0.8660254037844388,-0.7818314824680299,0.6234898018587334,0,0,0,6313222.5,5068784.77,5641320.53,4834937.23,5393026.83,5249791.03,12484085.14,11945221.58,7623158.15,6127361.47
2018-07-30,7314460.76,5725898.93,Train,2018,7,30,0,0,3,0,0,-0.4999999999999997,-0.8660254037844388,0.0,1.0,0,0,0,6597216.94,5284529.74,6121614.15,4864263.18,4994805.9,4716050.05,10005221.27,9784802.48,8808543.18,8256517.97
2018-07-31,12496367.04,9909115.53,Train,2018,7,31,1,0,3,0,1,-0.4999999999999997,-0.8660254037844388,0.7818314824680298,0.6234898018587336,0,0,0,7314460.76,5725898.93,6821739.77,5344675.82,5712604.18,5386803.9,8830377.17,8529895.83,9466549.72,11128407.08
2018-08-01,13786351.91,10884999.4,Train,2018,8,1,2,0,3,1,0,-0.8660254037844385,-0.5000000000000004,0.9749279121818236,-0.22252093395631434,0,0,0,12496367.04,9909115.53,7944998.65,6241710.94,7639039.23,7484190.04,8070014.23,7743177.14,7103485.92,8893176.14
2018-08-02,10106943.25,7999614.76,Train,2018,8,2,3,0,3,0,0,-0.8660254037844385,-0.5000000000000004,0.43388373911755823,-0.900968867902419,0,0,0,13786351.91,10884999.4,6463508.32,5212368.25,6252432.84,5912775.72,9033060.75,8644208.55,6242432.38,8556480.36
2018-08-03,9026931.62,7058116.81,Train,2018,8,3,4,0,3,0,0,-0.8660254037844385,-0.5000000000000004,-0.433883739117558,-0.9009688679024191,0,0,0,10106943.25,7999614.76,5162979.4,4110689.88,5761282.54,5222554.73,2096565.2,2027736.06,6560878.74,8998020.07
2018-08-04,6859151.1,5490125.8,Train,2018,8,4,5,1,3,0,0,-0.8660254037844385,-0.5000000000000004,-0.9749279121818236,-0.2225209339563146,0,0,0,9026931.62,7058116.81,6313222.5,5068784.77,4939690.9,4320031.79,2944993.36,2822619.07,5472043.99,7638550.59
2018-08-05,3117800.12,2491453.39,Train,2018,8,5,6,1,3,0,0,-0.8660254037844385,-0.5000000000000004,-0.7818314824680299,0.6234898018587334,0,0,0,6859151.1,5490125.8,6597216.94,5284529.74,5641320.53,4834937.23,2036989.14,2040145.8,1626028.13,2192300.16
2018-08-06,3924563.55,3048117.59,Train,2018,8,6,0,0,3,0,0,-0.8660254037844385,-0.5000000000000004,0.0,1.0,0,0,0,3117800.12,2491453.39,7314460.76,5725898.93,6121614.15,4864263.18,3253556.07,3156576.31,2056024.63,2936220.92
2018-08-07,4212970.63,3334965.62,Train,2018,8,7,1,0,3,0,0,-0.8660254037844385,-0.5000000000000004,0.7818314824680298,0.6234898018587336,0,0,0,3924563.55,3048117.59,12496367.04,9909115.53,6821739.77,5344675.82,2752144.2,2725199.41,2070918.21,2673620.96
2018-08-08,4647118.76,3610702.93,Train,2018,8,8,2,0,3,0,0,-0.8660254037844385,-0.5000000000000004,0.9749279121818236,-0.22252093395631434,0,0,0,4212970.63,3334965.62,13786351.91,10884999.4,7944998.65,6241710.94,4430764.61,4215804.43,2631383.27,3603508.2
2018-08-09,4946125.63,3977801.47,Train,2018,8,9,3,0,3,0,0,-0.8660254037844385,-0.5000000000000004,0.43388373911755823,-0.900968867902419,0,0,0,4647118.76,3610702.93,10106943.25,7999614.76,6463508.32,5212368.25,5201122.72,4881351.11,2635632.31,3591835.02
2018-08-10,3705554.89,2859379.41,Train,2018,8,10,4,0,3,0,0,-0.8660254037844385,-0.5000000000000004,-0.433883739117558,-0.9009688679024191,0,0,0,4946125.63,3977801.47,9026931.62,7058116.81,5162979.4,4110689.88,6502831.07,6236313.66,3124252.01,4079777.28
2018-08-11,4591065.72,3598807.89,Train,2018,8,11,5,1,3,0,0,-0.8660254037844385,-0.5000000000000004,-0.9749279121818236,-0.2225209339563146,0,0,0,3705554.89,2859379.41,6859151.1,5490125.8,6313222.5,5068784.77,6228668.47,6094439.16,3164344.57,4365179.69
2018-08-12,4030885.81,3179458.32,Train,2018,8,12,6,1,3,0,0,-0.8660254037844385,-0.5000000000000004,-0.7818314824680299,0.6234898018587334,0,0,0,4591065.72,3598807.89,3117800.12,2491453.39,6597216.94,5284529.74,4250921.4,4213700.8,2404905.33,3325606.06
2018-08-13,4244815.28,3284829.91,Train,2018,8,13,0,0,3,0,0,-0.8660254037844385,-0.5000000000000004,0.0,1.0,0,0,0,4030885.81,3179458.32,3924563.55,3048117.59,7314460.76,5725898.93,4868504.46,4786402.77,2375693.54,3146463.17
2018-08-14,6041631.13,4766947.5,Train,2018,8,14,1,0,3,0,0,-0.8660254037844385,-0.5000000000000004,0.7818314824680298,0.6234898018587336,0,0,0,4244815.28,3284829.91,4212970.63,3334965.62,12496367.04,9909115.53,5393026.83,5249791.03,3038574.28,4128458.45
2018-08-15,6058071.07,4807626.36,Train,2018,8,15,2,0,3,0,0,-0.8660254037844385,-0.5000000000000004,0.9749279121818236,-0.22252093395631434,0,0,0,6041631.13,4766947.5,4647118.76,3610702.93,13786351.91,10884999.4,4994805.9,4716050.05,2570726.93,3709393.15
2018-08-16,5333680.81,4015767.27,Train,2018,8,16,3,0,3,0,0,-0.8660254037844385,-0.5000000000000004,0.43388373911755823,-0.900968867902419,0,0,0,6058071.07,4807626.36,4946125.63,3977801.47,10106943.25,7999614.76,5712604.18,5386803.9,3226436.89,4462853.41
2018-08-17,4314679.61,3455461.38,Train,2018,8,17,4,0,3,0,0,-0.8660254037844385,-0.5000000000000004,-0.433883739117558,-0.9009688679024191,0,0,0,5333680.81,4015767.27,3705554.89,2859379.41,9026931.62,7058116.81,7639039.23,7484190.04,4035498.92,5750566.25
2018-08-18,4960825.43,3902500.12,Train,2018,8,18,5,1,3,0,0,-0.8660254037844385,-0.5000000000000004,-0.9749279121818236,-0.2225209339563146,0,0,0,4314679.61,3455461.38,4591065.72,3598807.89,6859151.1,5490125.8,6252432.84,5912775.72,3226338.29,4356894.77
2018-08-19,4978431.53,3847035.88,Train,2018,8,19,6,1,3,0,0,-0.8660254037844385,-0.5000000000000004,-0.7818314824680299,0.6234898018587334,0,0,0,4960825.43,3902500.12,4030885.81,3179458.32,3117800.12,2491453.39,5761282.54,5222554.73,2594209.32,3620782.22
2018-08-20,4896843.63,3837284.3,Train,2018,8,20,0,0,3,0,0,-0.8660254037844385,-0.5000000000000004,0.0,1.0,0,0,0,4978431.53,3847035.88,4244815.28,3284829.91,3924563.55,3048117.59,4939690.9,4320031.79,2793076.6,3941814.02
2018-08-21,5971341.33,4692653.97,Train,2018,8,21,1,0,3,0,0,-0.8660254037844385,-0.5000000000000004,0.7818314824680298,0.6234898018587336,0,0,0,4896843.63,3837284.3,6041631.13,4766947.5,4212970.63,3334965.62,5641320.53,4834937.23,2634922.72,3676913.21
2018-08-22,7086185.79,5662221.43,Train,2018,8,22,2,0,3,0,0,-0.8660254037844385,-0.5000000000000004,0.9749279121818236,-0.22252093395631434,0,0,0,5971341.33,4692653.97,6058071.07,4807626.36,4647118.76,3610702.93,6121614.15,4864263.18,3146373.54,4106696.92
2018-08-23,5392520.44,4260217.92,Train,2018,8,23,3,0,3,0,0,-0.8660254037844385,-0.5000000000000004,0.43388373911755823,-0.900968867902419,0,0,0,7086185.79,5662221.43,5333680.81,4015767.27,4946125.63,3977801.47,6821739.77,5344675.82,3476965.73,4769850.97
2018-08-24,3329330.38,2630754.1,Train,2018,8,24,4,0,3,0,0,-0.8660254037844385,-0.5000000000000004,-0.433883739117558,-0.9009688679024191,0,0,0,5392520.44,4260217.92,4314679.61,3455461.38,3705554.89,2859379.41,7944998.65,6241710.94,4910360.99,6796852.79
2018-08-25,4716376.41,3836954.01,Train,2018,8,25,5,1,3,0,0,-0.8660254037844385,-0.5000000000000004,-0.9749279121818236,-0.2225209339563146,0,0,0,3329330.38,2630754.1,4960825.43,3902500.12,4591065.72,3598807.89,6463508.32,5212368.25,3349335.96,4548124.98
2018-08-26,4717920.92,3744613.34,Train,2018,8,26,6,1,3,0,0,-0.8660254037844385,-0.5000000000000004,-0.7818314824680299,0.6234898018587334,0,0,0,4716376.41,3836954.01,4978431.53,3847035.88,4030885.81,3179458.32,5162979.4,4110689.88,2646726.51,3741666.75
2018-08-27,6151109.31,4800826.49,Train,2018,8,27,0,0,3,0,0,-0.8660254037844385,-0.5000000000000004,0.0,1.0,0,0,0,4717920.92,3744613.34,4896843.63,3837284.3,4244815.28,3284829.91,6313222.5,5068784.77,2383553.18,3067888.41
2018-08-28,12207075.48,9954369.46,Train,2018,8,28,1,0,3,0,0,-0.8660254037844385,-0.5000000000000004,0.7818314824680298,0.6234898018587336,0,0,0,6151109.31,4800826.49,5971341.33,4692653.97,6041631.13,4766947.5,6597216.94,5284529.74,3635080.01,5161278.75
2018-08-29,10330752.34,8329694.93,Train,2018,8,29,2,0,3,0,0,-0.8660254037844385,-0.5000000000000004,0.9749279121818236,-0.22252093395631434,0,0,0,12207075.48,9954369.46,7086185.79,5662221.43,6058071.07,4807626.36,7314460.76,5725898.93,7306573.99,9554867.54
2018-08-30,10819458.93,8497693.47,Train,2018,8,30,3,0,3,0,0,-0.8660254037844385,-0.5000000000000004,0.43388373911755823,-0.900968867902419,0,0,1,10330752.34,8329694.93,5392520.44,4260217.92,5333680.81,4015767.27,12496367.04,9909115.53,6946636.36,9396255.8
2018-08-31,9769233.6,7975907.3,Train,2018,8,31,4,0,3,0,1,-0.8660254037844385,-0.5000000000000004,-0.433883739117558,-0.9009688679024191,0,0,1,10819458.93,8497693.47,3329330.38,2630754.1,4314679.61,3455461.38,13786351.91,10884999.4,7907948.51,10017576.0
2018-09-01,8834290.53,7236711.56,Train,2018,9,1,5,1,3,1,0,-1.0,-1.8369701987210297e-16,-0.9749279121818236,-0.2225209339563146,0,0,1,9769233.6,7975907.3,4716376.41,3836954.01,4960825.43,3902500.12,10106943.25,7999614.76,5962206.68,7605277.51
2018-09-02,2926208.13,2475973.31,Train,2018,9,2,6,1,3,0,0,-1.0,-1.8369701987210297e-16,-0.7818314824680299,0.6234898018587334,1,0,1,8834290.53,7236711.56,4717920.92,3744613.34,4978431.53,3847035.88,9026931.62,7058116.81,6245530.26,7453975.27
2018-09-03,3730127.97,3250956.11,Train,2018,9,3,0,0,3,0,0,-1.0,-1.8369701987210297e-16,0.0,1.0,0,0,1,2926208.13,2475973.31,6151109.31,4800826.49,4896843.63,3837284.3,6859151.1,5490125.8,2366258.16,2028274.79
2018-09-04,2895558.56,2566039.59,Train,2018,9,4,1,0,3,0,0,-1.0,-1.8369701987210297e-16,0.7818314824680298,0.6234898018587336,0,0,1,3730127.97,3250956.11,12207075.48,9954369.46,5971341.33,4692653.97,3117800.12,2491453.39,3110959.61,2696832.33
2018-09-05,2683914.3,2352008.69,Train,2018,9,5,2,0,3,0,0,-1.0,-1.8369701987210297e-16,0.9749279121818236,-0.22252093395631434,0,0,1,2895558.56,2566039.59,10330752.34,8329694.93,7086185.79,5662221.43,3924563.55,3048117.59,4156708.13,3697301.2
2018-09-06,2220736.04,1976596.92,Train,2018,9,6,3,0,3,0,0,-1.0,-1.8369701987210297e-16,0.43388373911755823,-0.900968867902419,0,0,1,2683914.3,2352008.69,10819458.93,8497693.47,5392520.44,4260217.92,4212970.63,3334965.62,3962558.61,3470517.33
2018-09-07,2737800.42,2305499.6,Train,2018,9,7,4,0,3,0,0,-1.0,-1.8369701987210297e-16,-0.433883739117558,-0.9009688679024191,0,0,1,2220736.04,1976596.92,9769233.6,7975907.3,3329330.38,2630754.1,4647118.76,3610702.93,3177169.11,2911789.0
2018-09-08,3138040.11,2844198.87,Train,2018,9,8,5,1,3,0,0,-1.0,-1.8369701987210297e-16,-0.9749279121818236,-0.2225209339563146,0,0,1,2737800.42,2305499.6,8834290.53,7236711.56,4716376.41,3836954.01,4946125.63,3977801.47,2758623.23,2466116.27
2018-09-09,4428844.18,3809539.78,Train,2018,9,9,6,1,3,0,0,-1.0,-1.8369701987210297e-16,-0.7818314824680299,0.6234898018587334,0,0,1,3138040.11,2844198.87,2926208.13,2475973.31,4717920.92,3744613.34,3705554.89,2859379.41,3407389.12,3057748.67
2018-09-10,3518686.76,3115017.21,Train,2018,9,10,0,0,3,0,0,-1.0,-1.8369701987210297e-16,0.0,1.0,0,0,1,4428844.18,3809539.78,3730127.97,3250956.11,6151109.31,4800826.49,4591065.72,3598807.89,2833078.04,2447241.71
2018-09-11,2737148.82,2457613.39,Train,2018,9,11,1,0,3,0,0,-1.0,-1.8369701987210297e-16,0.7818314824680298,0.6234898018587336,0,0,1,3518686.76,3115017.21,2895558.56,2566039.59,12207075.48,9954369.46,4030885.81,3179458.32,4351501.62,3874079.03
2018-09-12,3907657.89,3473624.08,Train,2018,9,12,2,0,3,0,0,-1.0,-1.8369701987210297e-16,0.9749279121818236,-0.22252093395631434,0,0,1,2737148.82,2457613.39,2683914.3,2352008.69,10330752.34,8329694.93,4244815.28,3284829.91,5272757.92,4657582.93
2018-09-13,3198359.98,2826009.39,Train,2018,9,13,3,0,3,0,0,-1.0,-1.8369701987210297e-16,0.43388373911755823,-0.900968867902419,0,0,1,3907657.89,3473624.08,2220736.04,1976596.92,10819458.93,8497693.47,6041631.13,4766947.5,4375381.18,3897483.92
2018-09-14,3759913.17,3409768.94,Train,2018,9,14,4,0,3,0,0,-1.0,-1.8369701987210297e-16,-0.433883739117558,-0.9009688679024191,0,0,1,3198359.98,2826009.39,2737800.42,2305499.6,9769233.6,7975907.3,6058071.07,4807626.36,2944995.39,2598454.0
2018-09-15,3182906.62,2708850.83,Train,2018,9,15,5,1,3,0,0,-1.0,-1.8369701987210297e-16,-0.9749279121818236,-0.2225209339563146,0,0,1,3759913.17,3409768.94,3138040.11,2844198.87,8834290.53,7236711.56,5333680.81,4015767.27,4050240.35,3493814.51
2018-09-16,4513878.02,4134396.21,Train,2018,9,16,6,1,3,0,0,-1.0,-1.8369701987210297e-16,-0.7818314824680299,0.6234898018587334,0,0,1,3182906.62,2708850.83,4428844.18,3809539.78,2926208.13,2475973.31,4314679.61,3455461.38,3998480.39,3572766.48
2018-09-17,3684035.33,3185261.69,Train,2018,9,17,0,0,3,0,0,-1.0,-1.8369701987210297e-16,0.0,1.0,0,0,1,4513878.02,4134396.21,3518686.76,3115017.21,3730127.97,3250956.11,4960825.43,3902500.12,3646297.83,3324722.05
2018-09-18,3511249.8,3093197.05,Train,2018,9,18,1,0,3,0,0,-1.0,-1.8369701987210297e-16,0.7818314824680298,0.6234898018587336,0,0,1,3684035.33,3185261.69,2737148.82,2457613.39,2895558.56,2566039.59,4978431.53,3847035.88,4708998.08,4108242.1
2018-09-19,3203671.41,2850137.86,Train,2018,9,19,2,0,3,0,0,-1.0,-1.8369701987210297e-16,0.9749279121818236,-0.22252093395631434,0,0,1,3511249.8,3093197.05,3907657.89,3473624.08,2683914.3,2352008.69,4896843.63,3837284.3,5863767.93,5193156.23
2018-09-20,2967505.47,2634513.81,Train,2018,9,20,3,0,3,0,0,-1.0,-1.8369701987210297e-16,0.43388373911755823,-0.900968867902419,0,0,1,3203671.41,2850137.86,3198359.98,2826009.39,2220736.04,1976596.92,5971341.33,4692653.97,4348094.84,3813888.37
2018-09-21,3391440.87,3055926.25,Train,2018,9,21,4,0,3,0,0,-1.0,-1.8369701987210297e-16,-0.433883739117558,-0.9009688679024191,0,0,1,2967505.47,2634513.81,3759913.17,3409768.94,2737800.42,2305499.6,7086185.79,5662221.43,3941062.22,3437534.89
2018-09-22,3067943.56,2653342.07,Train,2018,9,22,5,1,3,0,0,-1.0,-1.8369701987210297e-16,-0.9749279121818236,-0.2225209339563146,0,0,1,3391440.87,3055926.25,3182906.62,2708850.83,3138040.11,2844198.87,5392520.44,4260217.92,4296469.47,3871217.73
2018-09-23,4892505.92,4455722.87,Train,2018,9,23,6,1,3,0,0,-1.0,-1.8369701987210297e-16,-0.7818314824680299,0.6234898018587334,0,0,1,3067943.56,2653342.07,4513878.02,4134396.21,4428844.18,3809539.78,3329330.38,2630754.1,4068464.64,3622953.87
2018-09-24,4916532.68,4394814.48,Train,2018,9,24,0,0,3,0,0,-1.0,-1.8369701987210297e-16,0.0,1.0,0,0,1,4892505.92,4455722.87,3684035.33,3185261.69,3518686.76,3115017.21,4716376.41,3836954.01,3893369.27,3496467.09
2018-09-25,3834324.5,3363603.04,Train,2018,9,25,1,0,3,0,0,-1.0,-1.8369701987210297e-16,0.7818314824680298,0.6234898018587336,0,0,1,4916532.68,4394814.48,3511249.8,3093197.05,2737148.82,2457613.39,4717920.92,3744613.34,5274815.56,4684517.64
2018-09-26,4727732.71,4050861.46,Train,2018,9,26,2,0,3,0,0,-1.0,-1.8369701987210297e-16,0.9749279121818236,-0.22252093395631434,0,0,1,3834324.5,3363603.04,3203671.41,2850137.86,3907657.89,3473624.08,6151109.31,4800826.49,5803004.55,5062124.41
2018-09-27,5609192.49,4998150.71,Train,2018,9,27,3,0,3,0,0,-1.0,-1.8369701987210297e-16,0.43388373911755823,-0.900968867902419,0,0,1,4727732.71,4050861.46,2967505.47,2634513.81,3198359.98,2826009.39,12207075.48,9954369.46,7446035.82,6568633.22
2018-09-28,5221949.72,4643296.21,Train,2018,9,28,4,0,3,0,0,-1.0,-1.8369701987210297e-16,-0.433883739117558,-0.9009688679024191,0,0,1,5609192.49,4998150.71,3391440.87,3055926.25,3759913.17,3409768.94,10330752.34,8329694.93,7777371.32,7033425.19
2018-09-29,5089871.44,4351327.13,Train,2018,9,29,5,1,3,0,0,-1.0,-1.8369701987210297e-16,-0.9749279121818236,-0.2225209339563146,0,0,1,5221949.72,4643296.21,3067943.56,2653342.07,3182906.62,2708850.83,10819458.93,8497693.47,5297992.65,4816175.26
2018-09-30,5437181.81,4591821.05,Train,2018,9,30,6,1,3,0,1,-1.0,-1.8369701987210297e-16,-0.7818314824680299,0.6234898018587334,0,0,1,5089871.44,4351327.13,4892505.92,4455722.87,4513878.02,4134396.21,9769233.6,7975907.3,5604370.48,4849617.32
2018-10-01,4742181.64,4115311.14,Train,2018,10,1,0,0,4,1,0,-0.8660254037844386,0.5000000000000001,0.0,1.0,0,0,1,5437181.81,4591821.05,4916532.68,4394814.48,3684035.33,3185261.69,8834290.53,7236711.56,4057941.88,3476480.87
2018-10-02,1807247.84,1354070.12,Train,2018,10,2,1,0,4,0,0,-0.8660254037844386,0.5000000000000001,0.7818314824680298,0.6234898018587336,0,0,0,4742181.64,4115311.14,3834324.5,3363603.04,3511249.8,3093197.05,2926208.13,2475973.31,2879522.46,2342981.57
2018-10-03,1798411.4,1414782.3,Train,2018,10,3,2,0,4,0,0,-0.8660254037844386,0.5000000000000001,0.9749279121818236,-0.22252093395631434,0,0,0,1807247.84,1354070.12,4727732.71,4050861.46,3203671.41,2850137.86,3730127.97,3250956.11,2733645.95,2251158.64
2018-10-04,2726313.6,2140614.37,Train,2018,10,4,3,0,4,0,0,-0.8660254037844386,0.5000000000000001,0.43388373911755823,-0.900968867902419,0,0,0,1798411.4,1414782.3,5609192.49,4998150.71,2967505.47,2634513.81,2895558.56,2566039.59,3991921.57,3166198.46
2018-10-05,2484898.47,1911895.45,Train,2018,10,5,4,0,4,0,0,-0.8660254037844386,0.5000000000000001,-0.433883739117558,-0.9009688679024191,0,0,0,2726313.6,2140614.37,5221949.72,4643296.21,3391440.87,3055926.25,2683914.3,2352008.69,3219806.7,2540926.63
2018-10-06,2157385.6,1668290.7,Train,2018,10,6,5,1,4,0,0,-0.8660254037844386,0.5000000000000001,-0.9749279121818236,-0.2225209339563146,0,0,0,2484898.47,1911895.45,5089871.44,4351327.13,3067943.56,2653342.07,2220736.04,1976596.92,2919860.88,2393697.54
2018-10-07,2767415.65,2075893.96,Train,2018,10,7,6,1,4,0,0,-0.8660254037844386,0.5000000000000001,-0.7818314824680299,0.6234898018587334,0,0,0,2157385.6,1668290.7,5437181.81,4591821.05,4892505.92,4455722.87,2737800.42,2305499.6,3614512.4,2790501.3
2018-10-08,3075660.75,2408923.48,Train,2018,10,8,0,0,4,0,0,-0.8660254037844386,0.5000000000000001,0.0,1.0,0,0,0,2767415.65,2075893.96,4742181.64,4115311.14,4916532.68,4394814.48,3138040.11,2844198.87,3915909.65,3064193.34
2018-10-09,2768213.46,2199027.83,Train,2018,10,9,1,0,4,0,0,-0.8660254037844386,0.5000000000000001,0.7818314824680298,0.6234898018587336,0,0,0,3075660.75,2408923.48,1807247.84,1354070.12,3834324.5,3363603.04,4428844.18,3809539.78,3295589.64,2601027.16
2018-10-10,1759060.3,1352309.05,Train,2018,10,10,2,0,4,0,0,-0.8660254037844386,0.5000000000000001,0.9749279121818236,-0.22252093395631434,0,0,0,2768213.46,2199027.83,1798411.4,1414782.3,4727732.71,4050861.46,3518686.76,3115017.21,3865996.54,3056078.01
2018-10-11,2288675.28,1804152.97,Train,2018,10,11,3,0,4,0,0,-0.8660254037844386,0.5000000000000001,0.43388373911755823,-0.900968867902419,0,0,0,1759060.3,1352309.05,2726313.6,2140614.37,5609192.49,4998150.71,2737148.82,2457613.39,5115944.9,4157714.79
2018-10-12,3801607.19,3093283.75,Train,2018,10,12,4,0,4,0,0,-0.8660254037844386,0.5000000000000001,-0.433883739117558,-0.9009688679024191,0,0,0,2288675.28,1804152.97,2484898.47,1911895.45,5221949.72,4643296.21,3907657.89,3473624.08,4480692.67,3480805.66
2018-10-13,3486645.25,2756384.22,Train,2018,10,13,5,1,4,0,0,-0.8660254037844386,0.5000000000000001,-0.9749279121818236,-0.2225209339563146,0,0,0,3801607.19,3093283.75,2157385.6,1668290.7,5089871.44,4351327.13,3198359.98,2826009.39,3073492.71,2485145.78
2018-10-14,3516624.21,2744217.98,Train,2018,10,14,6,1,4,0,0,-0.8660254037844386,0.5000000000000001,-0.7818314824680299,0.6234898018587334,0,0,0,3486645.25,2756384.22,2767415.65,2075893.96,5437181.81,4591821.05,3759913.17,3409768.94,3790006.69,2996354.65
2018-10-15,3593428.63,2809961.8,Train,2018,10,15,0,0,4,0,0,-0.8660254037844386,0.5000000000000001,0.0,1.0,0,0,0,3516624.21,2744217.98,3075660.75,2408923.48,4742181.64,4115311.14,3182906.62,2708850.83,3744243.63,2920145.88
2018-10-16,4126610.48,3221862.51,Train,2018,10,16,1,0,4,0,0,-0.8660254037844386,0.5000000000000001,0.7818314824680298,0.6234898018587336,0,0,0,3593428.63,2809961.8,2768213.46,2199027.83,1807247.84,1354070.12,4513878.02,4134396.21,4113305.99,3202804.6
2018-10-17,2193280.79,1721100.93,Train,2018,10,17,2,0,4,0,0,-0.8660254037844386,0.5000000000000001,0.9749279121818236,-0.22252093395631434,0,0,0,4126610.48,3221862.51,1759060.3,1352309.05,1798411.4,1414782.3,3684035.33,3185261.69,4345077.6,3330124.96
2018-10-18,2364712.74,1825738.91,Train,2018,10,18,3,0,4,0,0,-0.8660254037844386,0.5000000000000001,0.43388373911755823,-0.900968867902419,0,0,0,2193280.79,1721100.93,2288675.28,1804152.97,2726313.6,2140614.37,3511249.8,3093197.05,6078621.94,4769081.72
2018-10-19,2753648.17,2191447.61,Train,2018,10,19,4,0,4,0,0,-0.8660254037844386,0.5000000000000001,-0.433883739117558,-0.9009688679024191,0,0,0,2364712.74,1825738.91,3801607.19,3093283.75,2484898.47,1911895.45,3203671.41,2850137.86,3916465.28,3063562.45
2018-10-20,3067392.26,2428564.0,Train,2018,10,20,5,1,4,0,0,-0.8660254037844386,0.5000000000000001,-0.9749279121818236,-0.2225209339563146,0,0,0,2753648.17,2191447.61,3486645.25,2756384.22,2157385.6,1668290.7,2967505.47,2634513.81,3454637.53,2776840.51
2018-10-21,2965006.46,2322786.28,Train,2018,10,21,6,1,4,0,0,-0.8660254037844386,0.5000000000000001,-0.7818314824680299,0.6234898018587334,0,0,0,3067392.26,2428564.0,3516624.21,2744217.98,2767415.65,2075893.96,3391440.87,3055926.25,3395571.6,2700303.7
2018-10-22,3760345.32,3093167.35,Train,2018,10,22,0,0,4,0,0,-0.8660254037844386,0.5000000000000001,0.0,1.0,0,0,0,2965006.46,2322786.28,3593428.63,2809961.8,3075660.75,2408923.48,3067943.56,2653342.07,3560322.33,2849008.19
2018-10-23,3210408.93,2590626.71,Train,2018,10,23,1,0,4,0,0,-0.8660254037844386,0.5000000000000001,0.7818314824680298,0.6234898018587336,0,0,0,3760345.32,3093167.35,4126610.48,3221862.51,2768213.46,2199027.83,4892505.92,4455722.87,3915143.5,3019168.91
2018-10-24,2388950.39,1810211.59,Train,2018,10,24,2,0,4,0,0,-0.8660254037844386,0.5000000000000001,0.9749279121818236,-0.22252093395631434,0,0,0,3210408.93,2590626.71,2193280.79,1721100.93,1759060.3,1352309.05,4916532.68,4394814.48,3172297.01,2492929.42
2018-10-25,2281239.32,1789602.98,Train,2018,10,25,3,0,4,0,0,-0.8660254037844386,0.5000000000000001,0.43388373911755823,-0.900968867902419,0,0,0,2388950.39,1810211.59,2364712.74,1825738.91,2288675.28,1804152.97,3834324.5,3363603.04,6656072.71,5320570.98
2018-10-26,2925667.62,2326884.75,Train,2018,10,26,4,0,4,0,0,-0.8660254037844386,0.5000000000000001,-0.433883739117558,-0.9009688679024191,0,0,0,2281239.32,1789602.98,2753648.17,2191447.61,3801607.19,3093283.75,4727732.71,4050861.46,5244501.34,4208554.22
2018-10-27,3517566.83,2788248.35,Train,2018,10,27,5,1,4,0,0,-0.8660254037844386,0.5000000000000001,-0.9749279121818236,-0.2225209339563146,0,0,0,2925667.62,2326884.75,3067392.26,2428564.0,3486645.25,2756384.22,5609192.49,4998150.71,3452345.34,2711681.12
2018-10-28,5148086.02,4236118.44,Train,2018,10,28,6,1,4,0,0,-0.8660254037844386,0.5000000000000001,-0.7818314824680299,0.6234898018587334,0,0,0,3517566.83,2788248.35,2965006.46,2322786.28,3516624.21,2744217.98,5221949.72,4643296.21,3658997.27,2958790.37
2018-10-29,6121160.36,4854267.79,Train,2018,10,29,0,0,4,0,0,-0.8660254037844386,0.5000000000000001,0.0,1.0,0,0,0,5148086.02,4236118.44,3760345.32,3093167.35,3593428.63,2809961.8,5089871.44,4351327.13,7644126.36,6130363.53
2018-10-30,5647021.76,4534254.48,Train,2018,10,30,1,0,4,0,0,-0.8660254037844386,0.5000000000000001,0.7818314824680298,0.6234898018587336,0,0,0,6121160.36,4854267.79,3210408.93,2590626.71,4126610.48,3221862.51,5437181.81,4591821.05,7135440.35,5691818.99
2018-10-31,5340696.76,4313400.22,Train,2018,10,31,2,0,4,0,1,-0.8660254037844386,0.5000000000000001,0.9749279121818236,-0.22252093395631434,0,0,0,5647021.76,4534254.48,2388950.39,1810211.59,2193280.79,1721100.93,4742181.64,4115311.14,7280919.6,5711548.55
2018-11-01,4100504.23,3207191.36,Train,2018,11,1,3,0,4,1,0,-0.5000000000000004,0.8660254037844384,0.43388373911755823,-0.900968867902419,0,0,0,5340696.76,4313400.22,2281239.32,1789602.98,2364712.74,1825738.91,1807247.84,1354070.12,7083914.55,5591633.48
2018-11-02,1332091.2,973346.43,Train,2018,11,2,4,0,4,0,0,-0.5000000000000004,0.8660254037844384,-0.433883739117558,-0.9009688679024191,0,0,0,4100504.23,3207191.36,2925667.62,2326884.75,2753648.17,2191447.61,1798411.4,1414782.3,5199936.08,4288675.49
2018-11-03,1775113.55,1429465.35,Train,2018,11,3,5,1,4,0,0,-0.5000000000000004,0.8660254037844384,-0.9749279121818236,-0.2225209339563146,0,0,0,1332091.2,973346.43,3517566.83,2788248.35,3067392.26,2428564.0,2726313.6,2140614.37,1577128.76,1289906.6
2018-11-04,2595301.17,2110463.11,Train,2018,11,4,6,1,4,0,0,-0.5000000000000004,0.8660254037844384,-0.7818314824680299,0.6234898018587334,0,0,0,1775113.55,1429465.35,5148086.02,4236118.44,2965006.46,2322786.28,2484898.47,1911895.45,1931786.56,1566251.33
2018-11-05,2667990.75,2059523.3,Train,2018,11,5,0,0,4,0,0,-0.5000000000000004,0.8660254037844384,0.0,1.0,0,0,0,2595301.17,2110463.11,6121160.36,4854267.79,3760345.32,3093167.35,2157385.6,1668290.7,2523519.9,2073018.57
2018-11-06,2019349.93,1662050.67,Train,2018,11,6,1,0,4,0,0,-0.5000000000000004,0.8660254037844384,0.7818314824680298,0.6234898018587336,0,0,0,2667990.75,2059523.3,5647021.76,4534254.48,3210408.93,2590626.71,2767415.65,2075893.96,3018330.58,2360833.81
2018-11-07,2141247.67,1769789.01,Train,2018,11,7,2,0,4,0,0,-0.5000000000000004,0.8660254037844384,0.9749279121818236,-0.22252093395631434,0,0,0,2019349.93,1662050.67,5340696.76,4313400.22,2388950.39,1810211.59,3075660.75,2408923.48,4095990.43,3338509.96
2018-11-08,1913450.02,1511722.76,Train,2018,11,8,3,0,4,0,0,-0.5000000000000004,0.8660254037844384,0.43388373911755823,-0.900968867902419,0,0,0,2141247.67,1769789.01,4100504.23,3207191.36,2281239.32,1789602.98,2768213.46,2199027.83,4277782.67,3348300.89
2018-11-09,2619129.29,2039164.75,Train,2018,11,9,4,0,4,0,0,-0.5000000000000004,0.8660254037844384,-0.433883739117558,-0.9009688679024191,0,0,0,1913450.02,1511722.76,1332091.2,973346.43,2925667.62,2326884.75,1759060.3,1352309.05,2792998.33,2205753.88
2018-11-10,2402388.27,1910373.68,Train,2018,11,10,5,1,4,0,0,-0.5000000000000004,0.8660254037844384,-0.9749279121818236,-0.2225209339563146,0,0,0,2619129.29,2039164.75,1775113.55,1429465.35,3517566.83,2788248.35,2288675.28,1804152.97,3541249.75,2843011.6
2018-11-11,3568388.14,2844379.91,Train,2018,11,11,6,1,4,0,0,-0.5000000000000004,0.8660254037844384,-0.7818314824680299,0.6234898018587334,0,0,0,2402388.27,1910373.68,2595301.17,2110463.11,5148086.02,4236118.44,3801607.19,3093283.75,2921904.65,2403613.27
2018-11-12,2517159.72,2054634.4,Train,2018,11,12,0,0,4,0,0,-0.5000000000000004,0.8660254037844384,0.0,1.0,0,0,0,3568388.14,2844379.91,2667990.75,2059523.3,6121160.36,4854267.79,3486645.25,2756384.22,3084484.33,2422146.93
2018-11-13,1925203.6,1550255.36,Train,2018,11,13,1,0,4,0,0,-0.5000000000000004,0.8660254037844384,0.7818314824680298,0.6234898018587336,0,0,0,2517159.72,2054634.4,2019349.93,1662050.67,5647021.76,4534254.48,3516624.21,2744217.98,3746234.93,2946152.31
2018-11-14,1687382.45,1226935.5,Train,2018,11,14,2,0,4,0,0,-0.5000000000000004,0.8660254037844384,0.9749279121818236,-0.22252093395631434,0,0,0,1925203.6,1550255.36,2141247.67,1769789.01,5340696.76,4313400.22,3593428.63,2809961.8,4154076.39,3314644.14
2018-11-15,2055680.2,1571568.0,Train,2018,11,15,3,0,4,0,0,-0.5000000000000004,0.8660254037844384,0.43388373911755823,-0.900968867902419,0,0,0,1687382.45,1226935.5,1913450.02,1511722.76,4100504.23,3207191.36,4126610.48,3221862.51,3854132.18,3119546.66
2018-11-16,2040967.69,1635316.04,Train,2018,11,16,4,0,4,0,0,-0.5000000000000004,0.8660254037844384,-0.433883739117558,-0.9009688679024191,0,0,0,2055680.2,1571568.0,2619129.29,2039164.75,1332091.2,973346.43,2193280.79,1721100.93,3066706.38,2516030.25
2018-11-17,2025956.74,1601361.16,Train,2018,11,17,5,1,4,0,0,-0.5000000000000004,0.8660254037844384,-0.9749279121818236,-0.2225209339563146,0,0,0,2040967.69,1635316.04,2402388.27,1910373.68,1775113.55,1429465.35,2364712.74,1825738.91,2781968.82,2191402.04
2018-11-18,3630560.3,3005034.69,Train,2018,11,18,6,1,4,0,0,-0.5000000000000004,0.8660254037844384,-0.7818314824680299,0.6234898018587334,0,0,1,2025956.74,1601361.16,3568388.14,2844379.91,2595301.17,2110463.11,2753648.17,2191447.61,2774765.8,2218818.06
2018-11-19,2171786.9,1822847.47,Train,2018,11,19,0,0,4,0,0,-0.5000000000000004,0.8660254037844384,0.0,1.0,0,0,1,3630560.3,3005034.69,2517159.72,2054634.4,2667990.75,2059523.3,3067392.26,2428564.0,3132539.58,2911417.5
2018-11-20,2495899.61,2196442.6,Train,2018,11,20,1,0,4,0,0,-0.5000000000000004,0.8660254037844384,0.7818314824680298,0.6234898018587336,0,0,1,2171786.9,1822847.47,1925203.6,1550255.36,2019349.93,1662050.67,2965006.46,2322786.28,2995966.89,2760945.71
2018-11-21,1870994.01,1826252.29,Train,2018,11,21,2,0,4,0,0,-0.5000000000000004,0.8660254037844384,0.9749279121818236,-0.22252093395631434,0,0,1,2495899.61,2196442.6,1687382.45,1226935.5,2141247.67,1769789.01,3760345.32,3093167.35,2297213.47,2128140.16
2018-11-22,1690197.81,1647708.27,Train,2018,11,22,3,0,4,0,0,-0.5000000000000004,0.8660254037844384,0.43388373911755823,-0.900968867902419,0,0,1,1870994.01,1826252.29,2055680.2,1571568.0,1913450.02,1511722.76,3210408.93,2590626.71,2248567.69,2263677.12
2018-11-23,1647035.11,1656826.5,Train,2018,11,23,4,0,4,0,0,-0.5000000000000004,0.8660254037844384,-0.433883739117558,-0.9009688679024191,0,0,1,1690197.81,1647708.27,2040967.69,1635316.04,2619129.29,2039164.75,2388950.39,1810211.59,1749357.29,1656734.06
2018-11-24,1991985.26,1889498.02,Train,2018,11,24,5,1,4,0,0,-0.5000000000000004,0.8660254037844384,-0.9749279121818236,-0.2225209339563146,0,0,1,1647035.11,1656826.5,2025956.74,1601361.16,2402388.27,1910373.68,2281239.32,1789602.98,1620958.87,1618303.7
2018-11-25,2085511.05,2029509.86,Train,2018,11,25,6,1,4,0,0,-0.5000000000000004,0.8660254037844384,-0.7818314824680299,0.6234898018587334,0,0,1,1991985.26,1889498.02,3630560.3,3005034.69,3568388.14,2844379.91,2925667.62,2326884.75,2674533.14,2727514.77
2018-11-26,2543960.96,2433523.18,Train,2018,11,26,0,0,4,0,0,-0.5000000000000004,0.8660254037844384,0.0,1.0,0,0,1,2085511.05,2029509.86,2171786.9,1822847.47,2517159.72,2054634.4,3517566.83,2788248.35,2940959.43,2955583.74
2018-11-27,2369522.33,2218838.51,Train,2018,11,27,1,0,4,0,0,-0.5000000000000004,0.8660254037844384,0.7818314824680298,0.6234898018587336,0,0,1,2543960.96,2433523.18,2495899.61,2196442.6,1925203.6,1550255.36,5148086.02,4236118.44,3888410.38,3813390.96
2018-11-28,1733474.59,1753556.92,Train,2018,11,28,2,0,4,0,0,-0.5000000000000004,0.8660254037844384,0.9749279121818236,-0.22252093395631434,0,0,1,2369522.33,2218838.51,1870994.01,1826252.29,1687382.45,1226935.5,6121160.36,4854267.79,5847881.51,5752351.51
2018-11-29,2226459.09,2127649.92,Train,2018,11,29,3,0,4,0,0,-0.5000000000000004,0.8660254037844384,0.43388373911755823,-0.900968867902419,0,0,1,1733474.59,1753556.92,1690197.81,1647708.27,2055680.2,1571568.0,5647021.76,4534254.48,4871438.96,4803864.88
2018-11-30,2058963.14,2054767.53,Train,2018,11,30,4,0,4,0,1,-0.5000000000000004,0.8660254037844384,-0.433883739117558,-0.9009688679024191,0,0,1,2226459.09,2127649.92,1647035.11,1656826.5,2040967.69,1635316.04,5340696.76,4313400.22,4264134.96,4156136.15
2018-12-01,1216044.13,1211686.23,Train,2018,12,1,5,1,4,1,0,-2.4492935982947064e-16,1.0,-0.9749279121818236,-0.2225209339563146,0,0,1,2058963.14,2054767.53,1991985.26,1889498.02,2025956.74,1601361.16,4100504.23,3207191.36,2565213.32,2510402.2
2018-12-02,977052.29,950959.05,Train,2018,12,2,6,1,4,0,0,-2.4492935982947064e-16,1.0,-0.7818314824680299,0.6234898018587334,0,0,1,1216044.13,1211686.23,2085511.05,2029509.86,3630560.3,3005034.69,1332091.2,973346.43,2798541.49,2818052.3
2018-12-03,1855981.25,1750191.91,Train,2018,12,3,0,0,4,0,0,-2.4492935982947064e-16,1.0,0.0,1.0,0,0,1,977052.29,950959.05,2543960.96,2433523.18,2171786.9,1822847.47,1775113.55,1429465.35,1410398.63,1318304.86
2018-12-04,1606060.57,1508604.3,Train,2018,12,4,1,0,4,0,0,-2.4492935982947064e-16,1.0,0.7818314824680298,0.6234898018587336,0,0,1,1855981.25,1750191.91,2369522.33,2218838.51,2495899.61,2196442.6,2595301.17,2110463.11,1209471.35,1144863.17
2018-12-05,1085024.44,1036671.25,Train,2018,12,5,2,0,4,0,0,-2.4492935982947064e-16,1.0,0.9749279121818236,-0.22252093395631434,0,0,1,1606060.57,1508604.3,1733474.59,1753556.92,1870994.01,1826252.29,2667990.75,2059523.3,1723297.16,1680632.44
2018-12-06,942014.91,946159.68,Train,2018,12,6,3,0,4,0,0,-2.4492935982947064e-16,1.0,0.43388373911755823,-0.900968867902419,0,0,1,1085024.44,1036671.25,2226459.09,2127649.92,1690197.81,1647708.27,2019349.93,1662050.67,1875094.15,1865514.43
2018-12-07,1200649.15,1205634.51,Train,2018,12,7,4,0,4,0,0,-2.4492935982947064e-16,1.0,-0.433883739117558,-0.9009688679024191,0,0,1,942014.91,946159.68,2058963.14,2054767.53,1647035.11,1656826.5,2141247.67,1769789.01,2133387.42,2193351.43
2018-12-08,1453175.2,1434521.0,Train,2018,12,8,5,1,4,0,0,-2.4492935982947064e-16,1.0,-0.9749279121818236,-0.2225209339563146,0,0,1,1200649.15,1205634.51,1216044.13,1211686.23,1991985.26,1889498.02,1913450.02,1511722.76,1553493.17,1488945.36
2018-12-09,1834112.01,1791856.09,Train,2018,12,9,6,1,4,0,0,-2.4492935982947064e-16,1.0,-0.7818314824680299,0.6234898018587334,0,0,1,1453175.2,1434521.0,977052.29,950959.05,2085511.05,2029509.86,2619129.29,2039164.75,1605808.62,1631952.74
2018-12-10,1719022.37,1695031.78,Train,2018,12,10,0,0,4,0,0,-2.4492935982947064e-16,1.0,0.0,1.0,0,0,1,1834112.01,1791856.09,1855981.25,1750191.91,2543960.96,2433523.18,2402388.27,1910373.68,1836022.63,1769756.1
2018-12-11,1670763.83,1670771.64,Train,2018,12,11,1,0,4,0,0,-2.4492935982947064e-16,1.0,0.7818314824680298,0.6234898018587336,0,0,1,1719022.37,1695031.78,1606060.57,1508604.3,2369522.33,2218838.51,3568388.14,2844379.91,2040261.84,2142116.71
2018-12-12,1416824.27,1409602.12,Train,2018,12,12,2,0,4,0,0,-2.4492935982947064e-16,1.0,0.9749279121818236,-0.22252093395631434,0,0,1,1670763.83,1670771.64,1085024.44,1036671.25,1733474.59,1753556.92,2517159.72,2054634.4,2636835.06,2612267.82
2018-12-13,1605917.55,1631146.11,Train,2018,12,13,3,0,4,0,0,-2.4492935982947064e-16,1.0,0.43388373911755823,-0.900968867902419,0,0,1,1416824.27,1409602.12,942014.91,946159.68,2226459.09,2127649.92,1925203.6,1550255.36,2887343.12,2845278.71
2018-12-14,1986080.6,1901692.62,Train,2018,12,14,4,0,4,0,0,-2.4492935982947064e-16,1.0,-0.433883739117558,-0.9009688679024191,0,0,1,1605917.55,1631146.11,1200649.15,1205634.51,2058963.14,2054767.53,1687382.45,1226935.5,2544808.4,2511218.15
2018-12-15,1761139.67,1649696.47,Train,2018,12,15,5,1,4,0,0,-2.4492935982947064e-16,1.0,-0.9749279121818236,-0.2225209339563146,0,0,1,1986080.6,1901692.62,1453175.2,1434521.0,1216044.13,1211686.23,2055680.2,1571568.0,2615767.25,2602096.36
2018-12-16,1956185.08,1973002.66,Train,2018,12,16,6,1,4,0,0,-2.4492935982947064e-16,1.0,-0.7818314824680299,0.6234898018587334,0,0,1,1761139.67,1649696.47,1834112.01,1791856.09,977052.29,950959.05,2040967.69,1635316.04,1895310.17,1824600.76
2018-12-17,1975625.37,2012021.47,Train,2018,12,17,0,0,4,0,0,-2.4492935982947064e-16,1.0,0.0,1.0,0,0,1,1956185.08,1973002.66,1719022.37,1695031.78,1855981.25,1750191.91,2025956.74,1601361.16,2997880.85,2962168.44
2018-12-18,1917848.83,1813056.96,Train,2018,12,18,1,0,4,0,0,-2.4492935982947064e-16,1.0,0.7818314824680298,0.6234898018587336,0,0,1,1975625.37,2012021.47,1670763.83,1670771.64,1606060.57,1508604.3,3630560.3,3005034.69,2575839.99,2572642.87
2018-12-19,1548668.19,1537872.76,Train,2018,12,19,2,0,4,0,0,-2.4492935982947064e-16,1.0,0.9749279121818236,-0.22252093395631434,0,0,1,1917848.83,1813056.96,1416824.27,1409602.12,1085024.44,1036671.25,2171786.9,1822847.47,2830509.48,2835294.19
2018-12-20,2111859.13,1955020.76,Train,2018,12,20,3,0,4,0,0,-2.4492935982947064e-16,1.0,0.43388373911755823,-0.900968867902419,0,0,1,1548668.19,1537872.76,1605917.55,1631146.11,942014.91,946159.68,2495899.61,2196442.6,3950305.28,3962113.72
2018-12-21,1795780.71,1747996.02,Train,2018,12,21,4,0,4,0,0,-2.4492935982947064e-16,1.0,-0.433883739117558,-0.9009688679024191,0,0,1,2111859.13,1955020.76,1986080.6,1901692.62,1200649.15,1205634.51,1870994.01,1826252.29,2446276.92,2392977.63
2018-12-22,1497206.71,1451328.96,Train,2018,12,22,5,1,4,0,0,-2.4492935982947064e-16,1.0,-0.9749279121818236,-0.2225209339563146,0,0,1,1795780.71,1747996.02,1761139.67,1649696.47,1453175.2,1434521.0,1690197.81,1647708.27,2423079.28,2383321.92
2018-12-23,1221387.72,1203158.82,Train,2018,12,23,6,1,4,0,0,-2.4492935982947064e-16,1.0,-0.7818314824680299,0.6234898018587334,0,0,1,1497206.71,1451328.96,1956185.08,1973002.66,1834112.01,1791856.09,1647035.11,1656826.5,2343205.29,2302420.5
2018-12-24,2110373.43,2051630.86,Train,2018,12,24,0,0,4,0,0,-2.4492935982947064e-16,1.0,0.0,1.0,0,0,1,1221387.72,1203158.82,1975625.37,2012021.47,1719022.37,1695031.78,1991985.26,1889498.02,1582944.12,1537881.36
2018-12-25,1398293.31,1329598.03,Train,2018,12,25,1,0,4,0,0,-2.4492935982947064e-16,1.0,0.7818314824680298,0.6234898018587336,0,0,1,2110373.43,2051630.86,1917848.83,1813056.96,1670763.83,1670771.64,2085511.05,2029509.86,1888197.46,1829750.85
2018-12-26,1989426.16,1906954.63,Train,2018,12,26,2,0,4,0,0,-2.4492935982947064e-16,1.0,0.9749279121818236,-0.22252093395631434,0,0,1,1398293.31,1329598.03,1548668.19,1537872.76,1416824.27,1409602.12,2543960.96,2433523.18,2701416.56,2654070.12
2018-12-27,2379859.2,2336594.02,Train,2018,12,27,3,0,4,0,0,-2.4492935982947064e-16,1.0,0.43388373911755823,-0.900968867902419,0,0,1,1989426.16,1906954.63,2111859.13,1955020.76,1605917.55,1631146.11,2369522.33,2218838.51,4103218.35,4112542.69
2018-12-28,4637468.16,4553417.55,Train,2018,12,28,4,0,4,0,0,-2.4492935982947064e-16,1.0,-0.433883739117558,-0.9009688679024191,0,0,1,2379859.2,2336594.02,1795780.71,1747996.02,1986080.6,1901692.62,1733474.59,1753556.92,3545279.44,3453711.8
2018-12-29,4597405.16,4592577.25,Train,2018,12,29,5,1,4,0,0,-2.4492935982947064e-16,1.0,-0.9749279121818236,-0.2225209339563146,0,0,1,4637468.16,4553417.55,1497206.71,1451328.96,1761139.67,1649696.47,2226459.09,2127649.92,6520226.98,6483039.79
2018-12-30,3975279.59,3817470.28,Train,2018,12,30,6,1,4,0,0,-2.4492935982947064e-16,1.0,-0.7818314824680299,0.6234898018587334,0,0,1,4597405.16,4592577.25,1221387.72,1203158.82,1956185.08,1973002.66,2058963.14,2054767.53,5342810.18,5371586.26
2018-12-31,3827364.78,3811034.54,Train,2018,12,31,0,0,4,0,1,-2.4492935982947064e-16,1.0,0.0,1.0,0,0,1,3975279.59,3817470.28,2110373.43,2051630.86,1975625.37,2012021.47,1216044.13,1211686.23,5157535.61,5013423.96
2019-01-01,2430742.1,2422276.45,Train,2019,1,1,1,0,1,1,0,0.49999999999999994,0.8660254037844387,0.7818314824680298,0.6234898018587336,1,0,1,3827364.78,3811034.54,1398293.31,1329598.03,1917848.83,1813056.96,977052.29,950959.05,4076479.77,3905605.37
2019-01-02,857486.8,611460.51,Train,2019,1,2,2,0,1,0,0,0.49999999999999994,0.8660254037844387,0.9749279121818236,-0.22252093395631434,0,0,1,2430742.1,2422276.45,1989426.16,1906954.63,1548668.19,1537872.76,1855981.25,1750191.91,3624718.09,3245091.67
2019-01-03,1095516.84,931676.57,Train,2019,1,3,3,0,1,0,0,0.49999999999999994,0.8660254037844387,0.43388373911755823,-0.900968867902419,0,0,0,857486.8,611460.51,2379859.2,2336594.02,2111859.13,1955020.76,1606060.57,1508604.3,1228388.32,997328.86
2019-01-04,1356732.44,1032253.29,Train,2019,1,4,4,0,1,0,0,0.49999999999999994,0.8660254037844387,-0.433883739117558,-0.9009688679024191,0,0,0,1095516.84,931676.57,4637468.16,4553417.55,1795780.71,1747996.02,1085024.44,1036671.25,1209588.0,943742.57
2019-01-05,1752585.71,1344358.95,Train,2019,1,5,5,1,1,0,0,0.49999999999999994,0.8660254037844387,-0.9749279121818236,-0.2225209339563146,0,0,0,1356732.44,1032253.29,4597405.16,4592577.25,1497206.71,1451328.96,942014.91,946159.68,1515574.79,1226621.86
2019-01-06,1660128.37,1324455.7,Train,2019,1,6,6,1,1,0,0,0.49999999999999994,0.8660254037844387,-0.7818314824680299,0.6234898018587334,0,0,0,1752585.71,1344358.95,3975279.59,3817470.28,1221387.72,1203158.82,1200649.15,1205634.51,1836672.15,1424469.16
2019-01-07,1936096.71,1554210.1,Train,2019,1,7,0,0,1,0,0,0.49999999999999994,0.8660254037844387,0.0,1.0,0,0,0,1660128.37,1324455.7,3827364.78,3811034.54,2110373.43,2051630.86,1453175.2,1434521.0,1476050.73,1224918.4
2019-01-08,1715399.79,1347590.83,Train,2019,1,8,1,0,1,0,0,0.49999999999999994,0.8660254037844387,0.7818314824680298,0.6234898018587336,0,0,0,1936096.71,1554210.1,2430742.1,2422276.45,1398293.31,1329598.03,1834112.01,1791856.09,2536686.97,2085102.3
2019-01-09,1858318.85,1516237.67,Train,2019,1,9,2,0,1,0,0,0.49999999999999994,0.8660254037844387,0.9749279121818236,-0.22252093395631434,0,0,0,1715399.79,1347590.83,857486.8,611460.51,1989426.16,1906954.63,1719022.37,1695031.78,2729162.63,2140605.04
2019-01-10,1259650.79,1032558.86,Train,2019,1,10,3,0,1,0,0,0.49999999999999994,0.8660254037844387,0.43388373911755823,-0.900968867902419,0,0,0,1858318.85,1516237.67,1095516.84,931676.57,2379859.2,2336594.02,1670763.83,1670771.64,2434343.96,1884221.76
2019-01-11,2153841.45,1671962.72,Train,2019,1,11,4,0,1,0,0,0.49999999999999994,0.8660254037844387,-0.433883739117558,-0.9009688679024191,0,0,0,1259650.79,1032558.86,1356732.44,1032253.29,4637468.16,4553417.55,1416824.27,1409602.12,2183840.91,1845305.97
2019-01-12,2073990.81,1674370.35,Train,2019,1,12,5,1,1,0,0,0.49999999999999994,0.8660254037844387,-0.9749279121818236,-0.2225209339563146,0,0,0,2153841.45,1671962.72,1752585.71,1344358.95,4597405.16,4592577.25,1605917.55,1631146.11,2862550.24,2341061.28
2019-01-13,3354624.45,2671314.89,Train,2019,1,13,6,1,1,0,0,0.49999999999999994,0.8660254037844387,-0.7818314824680299,0.6234898018587334,0,0,0,2073990.81,1674370.35,1660128.37,1324455.7,3975279.59,3817470.28,1986080.6,1901692.62,2753366.32,2271479.73
2019-01-14,2361690.18,1807957.6,Train,2019,1,14,0,0,1,0,0,0.49999999999999994,0.8660254037844387,0.0,1.0,0,0,0,3354624.45,2671314.89,1936096.71,1554210.1,3827364.78,3811034.54,1761139.67,1649696.47,2226116.52,1762940.79
2019-01-15,1504083.3,1181548.42,Train,2019,1,15,1,0,1,0,0,0.49999999999999994,0.8660254037844387,0.7818314824680298,0.6234898018587336,0,0,0,2361690.18,1807957.6,1715399.79,1347590.83,2430742.1,2422276.45,1956185.08,1973002.66,3128561.64,2520530.26
2019-01-16,1724908.79,1349961.65,Train,2019,1,16,2,0,1,0,0,0.49999999999999994,0.8660254037844387,0.9749279121818236,-0.22252093395631434,0,0,0,1504083.3,1181548.42,1858318.85,1516237.67,857486.8,611460.51,1975625.37,2012021.47,3770286.85,3022848.85
2019-01-17,2280332.07,1816414.62,Train,2019,1,17,3,0,1,0,0,0.49999999999999994,0.8660254037844387,0.43388373911755823,-0.900968867902419,0,0,0,1724908.79,1349961.65,1259650.79,1032558.86,1095516.84,931676.57,1917848.83,1813056.96,3240996.79,2645347.64
2019-01-18,1474326.17,1227149.16,Train,2019,1,18,4,0,1,0,0,0.49999999999999994,0.8660254037844387,-0.433883739117558,-0.9009688679024191,0,0,0,2280332.07,1816414.62,2153841.45,1671962.72,1356732.44,1032253.29,1548668.19,1537872.76,2110305.53,1667911.37
2019-01-19,1754206.62,1335367.18,Train,2019,1,19,5,1,1,0,0,0.49999999999999994,0.8660254037844387,-0.9749279121818236,-0.2225209339563146,0,0,0,1474326.17,1227149.16,2073990.81,1674370.35,1752585.71,1344358.95,2111859.13,1955020.76,2086549.59,1700643.75
2019-01-20,3160071.59,2517012.51,Train,2019,1,20,6,1,1,0,0,0.49999999999999994,0.8660254037844387,-0.7818314824680299,0.6234898018587334,0,0,0,1754206.62,1335367.18,3354624.45,2671314.89,1660128.37,1324455.7,1795780.71,1747996.02,2418121.84,2008335.01
2019-01-21,2299476.91,1856585.16,Train,2019,1,21,0,0,1,0,0,0.49999999999999994,0.8660254037844387,0.0,1.0,0,0,0,3160071.59,2517012.51,2361690.18,1807957.6,1936096.71,1554210.1,1497206.71,1451328.96,2484308.01,1971853.24
2019-01-22,2108562.98,1708188.75,Train,2019,1,22,1,0,1,0,0,0.49999999999999994,0.8660254037844387,0.7818314824680298,0.6234898018587336,0,0,0,2299476.91,1856585.16,1504083.3,1181548.42,1715399.79,1347590.83,1221387.72,1203158.82,3315490.36,2730843.03
2019-01-23,1826741.5,1369479.14,Train,2019,1,23,2,0,1,0,0,0.49999999999999994,0.8660254037844387,0.9749279121818236,-0.22252093395631434,0,0,0,2108562.98,1708188.75,1724908.79,1349961.65,1858318.85,1516237.67,2110373.43,2051630.86,4611238.46,3755442.15
2019-01-24,2523490.79,2014906.08,Train,2019,1,24,3,0,1,0,0,0.49999999999999994,0.8660254037844387,0.43388373911755823,-0.900968867902419,0,0,0,1826741.5,1369479.14,2280332.07,1816414.62,1259650.79,1032558.86,1398293.31,1329598.03,3270861.1,2653232.42
2019-01-25,2014411.34,1674040.36,Train,2019,1,25,4,0,1,0,0,0.49999999999999994,0.8660254037844387,-0.433883739117558,-0.9009688679024191,0,0,0,2523490.79,2014906.08,1474326.17,1227149.16,2153841.45,1671962.72,1989426.16,1906954.63,2275701.54,1820602.61
2019-01-26,2940618.52,2385985.7,Train,2019,1,26,5,1,1,0,0,0.49999999999999994,0.8660254037844387,-0.9749279121818236,-0.2225209339563146,0,0,0,2014411.34,1674040.36,1754206.62,1335367.18,2073990.81,1674370.35,2379859.2,2336594.02,2897617.42,2400983.47
2019-01-27,4391507.1,3459322.38,Train,2019,1,27,6,1,1,0,0,0.49999999999999994,0.8660254037844387,-0.7818314824680299,0.6234898018587334,0,0,0,2940618.52,2385985.7,3160071.59,2517012.51,3354624.45,2671314.89,4637468.16,4553417.55,3617772.88,2965865.28
2019-01-28,4748349.69,3779471.66,Train,2019,1,28,0,0,1,0,0,0.49999999999999994,0.8660254037844387,0.0,1.0,0,0,0,4391507.1,3459322.38,2299476.91,1856585.16,2361690.18,1807957.6,4597405.16,4592577.25,3128272.36,2453931.52
2019-01-29,4822586.51,3839462.75,Train,2019,1,29,1,0,1,0,0,0.49999999999999994,0.8660254037844387,0.7818314824680298,0.6234898018587336,0,0,0,4748349.69,3779471.66,2108562.98,1708188.75,1504083.3,1181548.42,3975279.59,3817470.28,5197360.04,4086899.16
2019-01-30,3962494.16,3161585.88,Train,2019,1,30,2,0,1,0,0,0.49999999999999994,0.8660254037844387,0.9749279121818236,-0.22252093395631434,0,0,1,4822586.51,3839462.75,1826741.5,1369479.14,1724908.79,1349961.65,3827364.78,3811034.54,5706924.49,4618954.53
2019-01-31,3557233.24,2914824.87,Train,2019,1,31,3,0,1,0,1,0.49999999999999994,0.8660254037844387,0.43388373911755823,-0.900968867902419,0,0,1,3962494.16,3161585.88,2523490.79,2014906.08,2280332.07,1816414.62,2430742.1,2422276.45,5009601.43,4199624.93
2019-02-01,2922884.32,2311260.65,Train,2019,2,1,4,0,1,1,0,0.8660254037844386,0.5000000000000001,-0.433883739117558,-0.9009688679024191,0,0,1,3557233.24,2914824.87,2014411.34,1674040.36,1474326.17,1227149.16,857486.8,611460.51,3670728.79,3012405.31
2019-02-02,1988116.58,1648391.91,Train,2019,2,2,5,1,1,0,0,0.8660254037844386,0.5000000000000001,-0.9749279121818236,-0.2225209339563146,0,0,1,2922884.32,2311260.65,2940618.52,2385985.7,1754206.62,1335367.18,1095516.84,931676.57,4258063.02,3505527.95
2019-02-03,2075616.33,1663159.13,Train,2019,2,3,6,1,1,0,0,0.8660254037844386,0.5000000000000001,-0.7818314824680299,0.6234898018587334,0,0,1,1988116.58,1648391.91,4391507.1,3459322.38,3160071.59,2517012.51,1356732.44,1032253.29,1981564.16,1568068.11
2019-02-04,1690969.52,1412906.86,Train,2019,2,4,0,0,1,0,0,0.8660254037844386,0.5000000000000001,0.0,1.0,0,0,1,2075616.33,1663159.13,4748349.69,3779471.66,2299476.91,1856585.16,1752585.71,1344358.95,2874335.62,2202119.84
2019-02-05,1648913.11,1341931.74,Train,2019,2,5,1,0,1,0,0,0.8660254037844386,0.5000000000000001,0.7818314824680298,0.6234898018587336,0,0,1,1690969.52,1412906.86,4822586.51,3839462.75,2108562.98,1708188.75,1660128.37,1324455.7,3130745.66,2498095.83
2019-02-06,2019237.55,1620812.0,Train,2019,2,6,2,0,1,0,0,0.8660254037844386,0.5000000000000001,0.9749279121818236,-0.22252093395631434,0,0,1,1648913.11,1341931.74,3962494.16,3161585.88,1826741.5,1369479.14,1936096.71,1554210.1,3339473.15,2568216.59
2019-02-07,1807804.86,1498934.77,Train,2019,2,7,3,0,1,0,0,0.8660254037844386,0.5000000000000001,0.43388373911755823,-0.900968867902419,0,0,1,2019237.55,1620812.0,3557233.24,2914824.87,2523490.79,2014906.08,1715399.79,1347590.83,2805812.6,2202832.26
2019-02-08,1887002.96,1514639.32,Train,2019,2,8,4,0,1,0,0,0.8660254037844386,0.5000000000000001,-0.433883739117558,-0.9009688679024191,0,0,1,1807804.86,1498934.77,2922884.32,2311260.65,2014411.34,1674040.36,1858318.85,1516237.67,2150875.76,1718669.78
2019-02-09,2204244.85,1794590.32,Train,2019,2,9,5,1,1,0,0,0.8660254037844386,0.5000000000000001,-0.9749279121818236,-0.2225209339563146,0,0,1,1887002.96,1514639.32,1988116.58,1648391.91,2940618.52,2385985.7,1259650.79,1032558.86,2144621.01,1686060.42
2019-02-10,2992194.41,2405467.55,Train,2019,2,10,6,1,1,0,0,0.8660254037844386,0.5000000000000001,-0.7818314824680299,0.6234898018587334,0,0,1,2204244.85,1794590.32,2075616.33,1663159.13,4391507.1,3459322.38,2153841.45,1671962.72,2584198.15,2095864.1
2019-02-11,3050258.51,2505704.13,Train,2019,2,11,0,0,1,0,0,0.8660254037844386,0.5000000000000001,0.0,1.0,0,0,1,2992194.41,2405467.55,1690969.52,1412906.86,4748349.69,3779471.66,2073990.81,1674370.35,2962791.58,2320546.01
2019-02-12,2270445.76,1865294.51,Train,2019,2,12,1,0,1,0,0,0.8660254037844386,0.5000000000000001,0.7818314824680298,0.6234898018587336,0,0,1,3050258.51,2505704.13,1648913.11,1341931.74,4822586.51,3839462.75,3354624.45,2671314.89,3622566.63,2796978.04
2019-02-13,2305149.57,1875958.77,Train,2019,2,13,2,0,1,0,0,0.8660254037844386,0.5000000000000001,0.9749279121818236,-0.22252093395631434,0,0,1,2270445.76,1865294.51,2019237.55,1620812.0,3962494.16,3161585.88,2361690.18,1807957.6,4418784.14,3538184.9
2019-02-14,2959207.82,2441504.63,Train,2019,2,14,3,0,1,0,0,0.8660254037844386,0.5000000000000001,0.43388373911755823,-0.900968867902419,0,0,1,2305149.57,1875958.77,1807804.86,1498934.77,3557233.24,2914824.87,1504083.3,1181548.42,4218153.95,3395697.77
2019-02-15,2813189.48,2241015.21,Train,2019,2,15,4,0,1,0,0,0.8660254037844386,0.5000000000000001,-0.433883739117558,-0.9009688679024191,0,0,1,2959207.82,2441504.63,1887002.96,1514639.32,2922884.32,2311260.65,1724908.79,1349961.65,3128927.36,2501462.4
2019-02-16,2890421.0,2337140.26,Train,2019,2,16,5,1,1,0,0,0.8660254037844386,0.5000000000000001,-0.9749279121818236,-0.2225209339563146,0,0,1,2813189.48,2241015.21,2204244.85,1794590.32,1988116.58,1648391.91,2280332.07,1816414.62,3463265.1,2649618.11
2019-02-17,3658575.54,2895275.54,Train,2019,2,17,6,1,1,0,0,0.8660254037844386,0.5000000000000001,-0.7818314824680299,0.6234898018587334,0,0,1,2890421.0,2337140.26,2992194.41,2405467.55,2075616.33,1663159.13,1474326.17,1227149.16,4206774.3,3318989.93
2019-02-18,4680433.34,3760557.76,Train,2019,2,18,0,0,1,0,0,0.8660254037844386,0.5000000000000001,0.0,1.0,0,0,1,3658575.54,2895275.54,3050258.51,2505704.13,1690969.52,1412906.86,1754206.62,1335367.18,3926304.19,3167573.08
2019-02-19,1783513.49,1498699.8,Train,2019,2,19,1,0,1,0,0,0.8660254037844386,0.5000000000000001,0.7818314824680298,0.6234898018587336,0,0,1,4680433.34,3760557.76,2270445.76,1865294.51,1648913.11,1341931.74,3160071.59,2517012.51,4186201.52,3338454.11
2019-02-20,3142305.74,2556936.4,Train,2019,2,20,2,0,1,0,0,0.8660254037844386,0.5000000000000001,0.9749279121818236,-0.22252093395631434,0,0,1,1783513.49,1498699.8,2305149.57,1875958.77,2019237.55,1620812.0,2299476.91,1856585.16,5091061.73,4033905.61
2019-02-21,3225995.91,2685076.1,Train,2019,2,21,3,0,1,0,0,0.8660254037844386,0.5000000000000001,0.43388373911755823,-0.900968867902419,0,0,1,3142305.74,2556936.4,2959207.82,2441504.63,1807804.86,1498934.77,2108562.98,1708188.75,3907743.08,3150049.7
2019-02-22,2981029.98,2400898.37,Train,2019,2,22,4,0,1,0,0,0.8660254037844386,0.5000000000000001,-0.433883739117558,-0.9009688679024191,0,0,1,3225995.91,2685076.1,2813189.48,2241015.21,1887002.96,1514639.32,1826741.5,1369479.14,3063440.84,2341066.15
2019-02-23,3243671.03,2744035.42,Train,2019,2,23,5,1,1,0,0,0.8660254037844386,0.5000000000000001,-0.9749279121818236,-0.2225209339563146,0,0,1,2981029.98,2400898.37,2890421.0,2337140.26,2204244.85,1794590.32,2523490.79,2014906.08,3544367.16,2804587.84
2019-02-24,4659488.7,3774721.6,Train,2019,2,24,6,1,1,0,0,0.8660254037844386,0.5000000000000001,-0.7818314824680299,0.6234898018587334,0,0,1,3243671.03,2744035.42,3658575.54,2895275.54,2992194.41,2405467.55,2014411.34,1674040.36,3364498.21,2679591.94
2019-02-25,6710330.49,5461991.46,Train,2019,2,25,0,0,1,0,0,0.8660254037844386,0.5000000000000001,0.0,1.0,0,0,1,4659488.7,3774721.6,4680433.34,3760557.76,3050258.51,2505704.13,2940618.52,2385985.7,4015454.83,3238625.9
2019-02-26,5143906.53,4181682.12,Train,2019,2,26,1,0,1,0,0,0.8660254037844386,0.5000000000000001,0.7818314824680298,0.6234898018587336,0,0,1,6710330.49,5461991.46,1783513.49,1498699.8,2270445.76,1865294.51,4391507.1,3459322.38,7426597.23,5998758.22
2019-02-27,4911504.39,3881267.76,Train,2019,2,27,2,0,1,0,0,0.8660254037844386,0.5000000000000001,0.9749279121818236,-0.22252093395631434,0,0,1,5143906.53,4181682.12,3142305.74,2556936.4,2305149.57,1875958.77,4748349.69,3779471.66,8416365.51,6844455.72
2019-02-28,3391644.13,2722597.05,Train,2019,2,28,3,0,1,0,1,0.8660254037844386,0.5000000000000001,0.43388373911755823,-0.900968867902419,0,0,1,4911504.39,3881267.76,3225995.91,2685076.1,2959207.82,2441504.63,4822586.51,3839462.75,8409092.75,6627677.09
2019-03-01,2228532.66,1861831.11,Train,2019,3,1,4,0,1,1,0,1.0,6.123233995736766e-17,-0.433883739117558,-0.9009688679024191,0,0,1,3391644.13,2722597.05,2981029.98,2400898.37,2813189.48,2241015.21,3962494.16,3161585.88,6963830.59,5570058.79
2019-03-02,662215.74,563992.66,Train,2019,3,2,5,1,1,0,0,1.0,6.123233995736766e-17,-0.9749279121818236,-0.2225209339563146,0,0,0,2228532.66,1861831.11,3243671.03,2744035.42,2890421.0,2337140.26,3557233.24,2914824.87,5613671.87,4371797.12
2019-03-03,925441.51,757846.4,Train,2019,3,3,6,1,1,0,0,1.0,6.123233995736766e-17,-0.7818314824680299,0.6234898018587334,0,0,0,662215.74,563992.66,4659488.7,3774721.6,3658575.54,2895275.54,2922884.32,2311260.65,1177076.3,967531.27
2019-03-04,1915592.53,1559541.64,Train,2019,3,4,0,0,1,0,0,1.0,6.123233995736766e-17,0.0,1.0,0,0,0,925441.51,757846.4,6710330.49,5461991.46,4680433.34,3760557.76,1988116.58,1648391.91,2218712.31,1781519.01
2019-03-05,2386338.6,1912200.04,Train,2019,3,5,1,0,1,0,0,1.0,6.123233995736766e-17,0.7818314824680298,0.6234898018587336,0,0,0,1915592.53,1559541.64,5143906.53,4181682.12,1783513.49,1498699.8,2075616.33,1663159.13,2742871.53,2230053.99
2019-03-06,3341337.75,2745260.51,Train,2019,3,6,2,0,1,0,0,1.0,6.123233995736766e-17,0.9749279121818236,-0.22252093395631434,0,0,0,2386338.6,1912200.04,4911504.39,3881267.76,3142305.74,2556936.4,1690969.52,1412906.86,3203122.41,2519131.06
2019-03-07,2432557.33,1818192.91,Train,2019,3,7,3,0,1,0,0,1.0,6.123233995736766e-17,0.43388373911755823,-0.900968867902419,0,0,0,3341337.75,2745260.51,3391644.13,2722597.05,3225995.91,2685076.1,1648913.11,1341931.74,4507553.37,3470623.71
2019-03-08,2666858.91,2181539.6,Train,2019,3,8,4,0,1,0,0,1.0,6.123233995736766e-17,-0.433883739117558,-0.9009688679024191,0,0,0,2432557.33,1818192.91,2228532.66,1861831.11,2981029.98,2400898.37,2019237.55,1620812.0,3419972.83,2864363.46
2019-03-09,3019892.33,2454977.33,Train,2019,3,9,5,1,1,0,0,1.0,6.123233995736766e-17,-0.9749279121818236,-0.2225209339563146,0,0,0,2666858.91,2181539.6,662215.74,563992.66,3243671.03,2744035.42,1807804.86,1498934.77,3250890.44,2689334.35
2019-03-10,2681616.97,2134676.6,Train,2019,3,10,6,1,1,0,0,1.0,6.123233995736766e-17,-0.7818314824680299,0.6234898018587334,0,0,0,3019892.33,2454977.33,925441.51,757846.4,4659488.7,3774721.6,1887002.96,1514639.32,3479853.91,2832299.24
2019-03-11,2420084.85,1983304.37,Train,2019,3,11,0,0,1,0,0,1.0,6.123233995736766e-17,0.0,1.0,0,0,0,2681616.97,2134676.6,1915592.53,1559541.64,6710330.49,5461991.46,2204244.85,1794590.32,4342360.28,3337146.36
2019-03-12,3925730.26,3314125.8,Train,2019,3,12,1,0,1,0,0,1.0,6.123233995736766e-17,0.7818314824680298,0.6234898018587336,0,0,0,2420084.85,1983304.37,2386338.6,1912200.04,5143906.53,4181682.12,2992194.41,2405467.55,3648185.26,2790754.99
2019-03-13,5148543.25,4034220.49,Train,2019,3,13,2,0,1,0,0,1.0,6.123233995736766e-17,0.9749279121818236,-0.22252093395631434,0,0,0,3925730.26,3314125.8,3341337.75,2745260.51,4911504.39,3881267.76,3050258.51,2505704.13,5344808.38,4343953.93
2019-03-14,4367141.68,3458729.41,Train,2019,3,14,3,0,1,0,0,1.0,6.123233995736766e-17,0.43388373911755823,-0.900968867902419,0,0,0,5148543.25,4034220.49,2432557.33,1818192.91,3391644.13,2722597.05,2270445.76,1865294.51,6867137.98,5489756.33
2019-03-15,3296671.21,2596766.78,Train,2019,3,15,4,0,1,0,0,1.0,6.123233995736766e-17,-0.433883739117558,-0.9009688679024191,0,0,0,4367141.68,3458729.41,2666858.91,2181539.6,2228532.66,1861831.11,2305149.57,1875958.77,6357153.0,4930724.06
2019-03-16,2593942.24,2020686.01,Train,2019,3,16,5,1,1,0,0,1.0,6.123233995736766e-17,-0.9749279121818236,-0.2225209339563146,0,0,0,3296671.21,2596766.78,3019892.33,2454977.33,662215.74,563992.66,2959207.82,2441504.63,4667689.08,3716263.52
2019-03-17,3647905.41,2976722.37,Train,2019,3,17,6,1,1,0,0,1.0,6.123233995736766e-17,-0.7818314824680299,0.6234898018587334,0,0,0,2593942.24,2020686.01,2681616.97,2134676.6,925441.51,757846.4,2813189.48,2241015.21,6875294.96,5458868.53
2019-03-18,4462652.85,3659897.03,Train,2019,3,18,0,0,1,0,0,1.0,6.123233995736766e-17,0.0,1.0,0,0,1,3647905.41,2976722.37,2420084.85,1983304.37,1915592.53,1559541.64,2890421.0,2337140.26,5615859.9,4613908.21
2019-03-19,4580736.76,3861332.4,Train,2019,3,19,1,0,1,0,0,1.0,6.123233995736766e-17,0.7818314824680298,0.6234898018587336,0,0,1,4462652.85,3659897.03,3925730.26,3314125.8,2386338.6,1912200.04,3658575.54,2895275.54,5314373.17,4472182.88
2019-03-20,5766530.12,4960357.22,Train,2019,3,20,2,0,1,0,0,1.0,6.123233995736766e-17,0.9749279121818236,-0.22252093395631434,0,0,1,4580736.76,3861332.4,5148543.25,4034220.49,3341337.75,2745260.51,4680433.34,3760557.76,6054738.37,5116787.38
2019-03-21,4408617.11,3962414.33,Train,2019,3,21,3,0,1,0,0,1.0,6.123233995736766e-17,0.43388373911755823,-0.900968867902419,0,0,1,5766530.12,4960357.22,4367141.68,3458729.41,2432557.33,1818192.91,1783513.49,1498699.8,6826815.9,5913005.8
2019-03-22,3610928.89,3304221.4,Train,2019,3,22,4,0,1,0,0,1.0,6.123233995736766e-17,-0.433883739117558,-0.9009688679024191,0,0,1,4408617.11,3962414.33,3296671.21,2596766.78,2666858.91,2181539.6,3142305.74,2556936.4,5512035.33,4925778.06
2019-03-23,3582976.25,3279702.06,Train,2019,3,23,5,1,1,0,0,1.0,6.123233995736766e-17,-0.9749279121818236,-0.2225209339563146,0,0,1,3610928.89,3304221.4,2593942.24,2020686.01,3019892.33,2454977.33,3225995.91,2685076.1,4008326.65,3711085.6
2019-03-24,4240123.5,3766823.0,Train,2019,3,24,6,1,1,0,0,1.0,6.123233995736766e-17,-0.7818314824680299,0.6234898018587334,0,0,1,3582976.25,3279702.06,3647905.41,2976722.37,2681616.97,2134676.6,2981029.98,2400898.37,5227586.74,4619965.13
2019-03-25,4446564.37,4012232.01,Train,2019,3,25,0,0,1,0,0,1.0,6.123233995736766e-17,0.0,1.0,0,0,1,4240123.5,3766823.0,4462652.85,3659897.03,2420084.85,1983304.37,3243671.03,2744035.42,4970364.06,4473153.96
2019-03-26,5345042.2,4766707.57,Train,2019,3,26,1,0,1,0,0,1.0,6.123233995736766e-17,0.7818314824680298,0.6234898018587336,0,0,1,4446564.37,4012232.01,4580736.76,3861332.4,3925730.26,3314125.8,4659488.7,3774721.6,6133670.91,5616024.38
2019-03-27,6535411.89,5978075.49,Train,2019,3,27,2,0,1,0,0,1.0,6.123233995736766e-17,0.9749279121818236,-0.22252093395631434,0,0,1,5345042.2,4766707.57,5766530.12,4960357.22,5148543.25,4034220.49,6710330.49,5461991.46,6350306.2,5743746.71
2019-03-28,5315964.12,4667097.61,Train,2019,3,28,3,0,1,0,0,1.0,6.123233995736766e-17,0.43388373911755823,-0.900968867902419,0,0,1,6535411.89,5978075.49,4408617.11,3962414.33,4367141.68,3458729.41,5143906.53,4181682.12,8582287.61,7811323.78
2019-03-29,4309156.23,3848197.98,Train,2019,3,29,4,0,1,0,0,1.0,6.123233995736766e-17,-0.433883739117558,-0.9009688679024191,0,0,1,5315964.12,4667097.61,3610928.89,3304221.4,3296671.21,2596766.78,4911504.39,3881267.76,7363015.35,6638405.71
2019-03-30,9442671.99,8583254.53,Train,2019,3,30,5,1,1,0,0,1.0,6.123233995736766e-17,-0.9749279121818236,-0.2225209339563146,0,0,1,4309156.23,3848197.98,3582976.25,3279702.06,2593942.24,2020686.01,3391644.13,2722597.05,12176690.89,10927925.46
2019-03-31,7501232.88,6774268.33,Train,2019,3,31,6,1,1,0,1,1.0,6.123233995736766e-17,-0.7818314824680299,0.6234898018587334,0,0,1,9442671.99,8583254.53,4240123.5,3766823.0,3647905.41,2976722.37,2228532.66,1861831.11,11278748.95,10156610.77
2019-04-01,7842271.08,7122821.67,Train,2019,4,1,0,0,2,1,0,0.8660254037844387,-0.4999999999999998,0.0,1.0,0,0,1,7501232.88,6774268.33,4446564.37,4012232.01,4462652.85,3659897.03,662215.74,563992.66,9326921.27,8552479.35
2019-04-02,6799630.38,6231069.37,Train,2019,4,2,1,0,2,0,0,0.8660254037844387,-0.4999999999999998,0.7818314824680298,0.6234898018587336,0,0,1,7842271.08,7122821.67,5345042.2,4766707.57,4580736.76,3861332.4,925441.51,757846.4,9532990.22,8745489.29
2019-04-03,6787287.3,6224164.42,Train,2019,4,3,2,0,2,0,0,0.8660254037844387,-0.4999999999999998,0.9749279121818236,-0.22252093395631434,0,0,1,6799630.38,6231069.37,6535411.89,5978075.49,5766530.12,4960357.22,1915592.53,1559541.64,9176055.6,8274855.19
2019-04-04,2048272.63,1722283.77,Train,2019,4,4,3,0,2,0,0,0.8660254037844387,-0.4999999999999998,0.43388373911755823,-0.900968867902419,0,0,1,6787287.3,6224164.42,5315964.12,4667097.61,4408617.11,3962414.33,2386338.6,1912200.04,3771895.32,3451444.47
2019-04-05,1919484.59,1795248.81,Train,2019,4,5,4,0,2,0,0,0.8660254037844387,-0.4999999999999998,-0.433883739117558,-0.9009688679024191,0,0,1,2048272.63,1722283.77,4309156.23,3848197.98,3610928.89,3304221.4,3341337.75,2745260.51,2915055.94,2584733.26
2019-04-06,2259659.48,2043470.72,Train,2019,4,6,5,1,2,0,0,0.8660254037844387,-0.4999999999999998,-0.9749279121818236,-0.2225209339563146,0,0,1,1919484.59,1795248.81,9442671.99,8583254.53,3582976.25,3279702.06,2432557.33,1818192.91,3716970.57,3290630.48
2019-04-07,2241076.34,2042622.76,Train,2019,4,7,6,1,2,0,0,0.8660254037844387,-0.4999999999999998,-0.7818314824680299,0.6234898018587334,0,0,1,2259659.48,2043470.72,7501232.88,6774268.33,4240123.5,3766823.0,2666858.91,2181539.6,4650087.25,4137264.98
2019-04-08,3104721.28,2774939.49,Train,2019,4,8,0,0,2,0,0,0.8660254037844387,-0.4999999999999998,0.0,1.0,0,0,1,2241076.34,2042622.76,7842271.08,7122821.67,4446564.37,4012232.01,3019892.33,2454977.33,4317415.31,3833384.91
2019-04-09,3989319.25,3630481.23,Train,2019,4,9,1,0,2,0,0,0.8660254037844387,-0.4999999999999998,0.7818314824680298,0.6234898018587336,0,0,1,3104721.28,2774939.49,6799630.38,6231069.37,5345042.2,4766707.57,2681616.97,2134676.6,4916546.48,4479387.83
2019-04-10,3426420.13,3160123.01,Train,2019,4,10,2,0,2,0,0,0.8660254037844387,-0.4999999999999998,0.9749279121818236,-0.22252093395631434,0,0,1,3989319.25,3630481.23,6787287.3,6224164.42,6535411.89,5978075.49,2420084.85,1983304.37,7060893.97,6323343.96
2019-04-11,3579994.96,3276911.01,Train,2019,4,11,3,0,2,0,0,0.8660254037844387,-0.4999999999999998,0.43388373911755823,-0.900968867902419,0,0,1,3426420.13,3160123.01,2048272.63,1722283.77,5315964.12,4667097.61,3925730.26,3314125.8,5719121.32,5144349.61
2019-04-12,3059845.93,2753429.2,Train,2019,4,12,4,0,2,0,0,0.8660254037844387,-0.4999999999999998,-0.433883739117558,-0.9009688679024191,0,0,1,3579994.96,3276911.01,1919484.59,1795248.81,4309156.23,3848197.98,5148543.25,4034220.49,4925768.26,4274900.55
2019-04-13,3248777.0,3006192.84,Train,2019,4,13,5,1,2,0,0,0.8660254037844387,-0.4999999999999998,-0.9749279121818236,-0.2225209339563146,0,0,1,3059845.93,2753429.2,2259659.48,2043470.72,9442671.99,8583254.53,4367141.68,3458729.41,4955951.73,4445276.84
2019-04-14,4002434.76,3635296.53,Train,2019,4,14,6,1,2,0,0,0.8660254037844387,-0.4999999999999998,-0.7818314824680299,0.6234898018587334,0,0,1,3248777.0,3006192.84,2241076.34,2042622.76,7501232.88,6774268.33,3296671.21,2596766.78,5934960.89,5111153.97
2019-04-15,3468600.1,3009772.87,Train,2019,4,15,0,0,2,0,0,0.8660254037844387,-0.4999999999999998,0.0,1.0,0,0,1,4002434.76,3635296.53,3104721.28,2774939.49,7842271.08,7122821.67,2593942.24,2020686.01,5904150.09,4782715.57
2019-04-16,5005921.07,4277532.29,Train,2019,4,16,1,0,2,0,0,0.8660254037844387,-0.4999999999999998,0.7818314824680298,0.6234898018587336,0,0,1,3468600.1,3009772.87,3989319.25,3630481.23,6799630.38,6231069.37,3647905.41,2976722.37,7603253.45,6190718.89
2019-04-17,4866105.58,3844447.57,Train,2019,4,17,2,0,2,0,0,0.8660254037844387,-0.4999999999999998,0.9749279121818236,-0.22252093395631434,0,0,1,5005921.07,4277532.29,3426420.13,3160123.01,6787287.3,6224164.42,4462652.85,3659897.03,9179593.09,7283796.97
2019-04-18,3458407.78,2689432.07,Train,2019,4,18,3,0,2,0,0,0.8660254037844387,-0.4999999999999998,0.43388373911755823,-0.900968867902419,0,0,0,4866105.58,3844447.57,3579994.96,3276911.01,2048272.63,1722283.77,4580736.76,3861332.4,9507550.23,7504171.54
2019-04-19,3282803.64,2507866.68,Train,2019,4,19,4,0,2,0,0,0.8660254037844387,-0.4999999999999998,-0.433883739117558,-0.9009688679024191,0,0,0,3458407.78,2689432.07,3059845.93,2753429.2,1919484.59,1795248.81,5766530.12,4960357.22,6670677.39,5141784.57
2019-04-20,3583833.11,2817340.98,Train,2019,4,20,5,1,2,0,0,0.8660254037844387,-0.4999999999999998,-0.9749279121818236,-0.2225209339563146,0,0,0,3282803.64,2507866.68,3248777.0,3006192.84,2259659.48,2043470.72,4408617.11,3962414.33,7753365.66,6032943.55
2019-04-21,4280648.65,3400564.11,Train,2019,4,21,6,1,2,0,0,0.8660254037844387,-0.4999999999999998,-0.7818314824680299,0.6234898018587334,0,0,0,3583833.11,2817340.98,4002434.76,3635296.53,2241076.34,2042622.76,3610928.89,3304221.4,6793803.83,5216087.55
2019-04-22,5111723.35,4071500.83,Train,2019,4,22,0,0,2,0,0,0.8660254037844387,-0.4999999999999998,0.0,1.0,0,0,0,4280648.65,3400564.11,3468600.1,3009772.87,3104721.28,2774939.49,3582976.25,3279702.06,7058897.65,5480418.64
2019-04-23,6076381.37,4899064.86,Train,2019,4,23,1,0,2,0,0,0.8660254037844387,-0.4999999999999998,0.7818314824680298,0.6234898018587336,0,0,0,5111723.35,4071500.83,5005921.07,4277532.29,3989319.25,3630481.23,4240123.5,3766823.0,8991635.45,7095225.16
2019-04-24,6020945.99,4856675.57,Train,2019,4,24,2,0,2,0,0,0.8660254037844387,-0.4999999999999998,0.9749279121818236,-0.22252093395631434,0,0,0,6076381.37,4899064.86,4866105.58,3844447.57,3426420.13,3160123.01,4446564.37,4012232.01,10052878.22,8047009.91
2019-04-25,4244369.27,3305396.09,Train,2019,4,25,3,0,2,0,0,0.8660254037844387,-0.4999999999999998,0.43388373911755823,-0.900968867902419,0,0,0,6020945.99,4856675.57,3458407.78,2689432.07,3579994.96,3276911.01,5345042.2,4766707.57,9547875.66,7562805.33
2019-04-26,3983588.88,3067018.69,Train,2019,4,26,4,0,2,0,0,0.8660254037844387,-0.4999999999999998,-0.433883739117558,-0.9009688679024191,0,0,0,4244369.27,3305396.09,3282803.64,2507866.68,3059845.93,2753429.2,6535411.89,5978075.49,7281885.08,5826147.75
2019-04-27,4765470.57,3742260.25,Train,2019,4,27,5,1,2,0,0,0.8660254037844387,-0.4999999999999998,-0.9749279121818236,-0.2225209339563146,0,0,0,3983588.88,3067018.69,3583833.11,2817340.98,3248777.0,3006192.84,5315964.12,4667097.61,7916179.31,6291028.22
2019-04-28,5579108.13,4391470.92,Train,2019,4,28,6,1,2,0,0,0.8660254037844387,-0.4999999999999998,-0.7818314824680299,0.6234898018587334,0,0,0,4765470.57,3742260.25,4280648.65,3400564.11,4002434.76,3635296.53,4309156.23,3848197.98,10502784.65,8150501.12
2019-04-29,9634257.78,7639657.66,Train,2019,4,29,0,0,2,0,0,0.8660254037844387,-0.4999999999999998,0.0,1.0,0,0,0,5579108.13,4391470.92,5111723.35,4071500.83,3468600.1,3009772.87,9442671.99,8583254.53,12074392.53,9758209.64
2019-04-30,8059929.99,6487250.52,Train,2019,4,30,1,0,2,0,1,0.8660254037844387,-0.4999999999999998,0.7818314824680298,0.6234898018587336,1,0,0,9634257.78,7639657.66,6076381.37,4899064.86,5005921.07,4277532.29,7501232.88,6774268.33,12464011.32,10080235.11
2019-05-01,8442603.96,6897673.92,Train,2019,5,1,2,0,2,1,0,0.49999999999999994,-0.8660254037844387,0.9749279121818236,-0.22252093395631434,1,0,0,8059929.99,6487250.52,6020945.99,4856675.57,4866105.58,3844447.57,7842271.08,7122821.67,13778926.53,10888681.41
2019-05-02,7808399.68,6038961.99,Train,2019,5,2,3,0,2,0,0,0.49999999999999994,-0.8660254037844387,0.43388373911755823,-0.900968867902419,0,0,0,8442603.96,6897673.92,4244369.27,3305396.09,3458407.78,2689432.07,6799630.38,6231069.37,12779953.62,10186293.15
2019-05-03,4022286.5,3234443.01,Train,2019,5,3,4,0,2,0,0,0.49999999999999994,-0.8660254037844387,-0.433883739117558,-0.9009688679024191,0,0,0,7808399.68,6038961.99,3983588.88,3067018.69,3282803.64,2507866.68,6787287.3,6224164.42,9480205.54,7740627.05
2019-05-04,2045383.76,1603260.81,Train,2019,5,4,5,1,2,0,0,0.49999999999999994,-0.8660254037844387,-0.9749279121818236,-0.2225209339563146,0,0,0,4022286.5,3234443.01,4765470.57,3742260.25,3583833.11,2817340.98,2048272.63,1722283.77,3081716.09,2431808.71
2019-05-05,2460393.45,1889099.54,Train,2019,5,5,6,1,2,0,0,0.49999999999999994,-0.8660254037844387,-0.7818314824680299,0.6234898018587334,0,0,0,2045383.76,1603260.81,5579108.13,4391470.92,4280648.65,3400564.11,1919484.59,1795248.81,4882374.55,3844333.13
2019-05-06,3089088.99,2546015.45,Train,2019,5,6,0,0,2,0,0,0.49999999999999994,-0.8660254037844387,0.0,1.0,0,0,0,2460393.45,1889099.54,9634257.78,7639657.66,5111723.35,4071500.83,2259659.48,2043470.72,4852630.6,3859217.33
2019-05-07,3216799.62,2460959.9,Train,2019,5,7,1,0,2,0,0,0.49999999999999994,-0.8660254037844387,0.7818314824680298,0.6234898018587336,0,0,0,3089088.99,2546015.45,8059929.99,6487250.52,6076381.37,4899064.86,2241076.34,2042622.76,5630735.57,4477313.26
2019-05-08,3179618.97,2549583.11,Train,2019,5,8,2,0,2,0,0,0.49999999999999994,-0.8660254037844387,0.9749279121818236,-0.22252093395631434,0,0,0,3216799.62,2460959.9,8442603.96,6897673.92,6020945.99,4856675.57,3104721.28,2774939.49,5961711.29,4782188.47
2019-05-09,3478743.01,2820877.92,Train,2019,5,9,3,0,2,0,0,0.49999999999999994,-0.8660254037844387,0.43388373911755823,-0.900968867902419,0,0,0,3179618.97,2549583.11,7808399.68,6038961.99,4244369.27,3305396.09,3989319.25,3630481.23,8207932.76,6468074.72
2019-05-10,3379956.2,2669556.82,Train,2019,5,10,4,0,2,0,0,0.49999999999999994,-0.8660254037844387,-0.433883739117558,-0.9009688679024191,0,0,0,3478743.01,2820877.92,4022286.5,3234443.01,3983588.88,3067018.69,3426420.13,3160123.01,7249267.2,5767724.99
2019-05-11,3223254.17,2537597.46,Train,2019,5,11,5,1,2,0,0,0.49999999999999994,-0.8660254037844387,-0.9749279121818236,-0.2225209339563146,0,0,0,3379956.2,2669556.82,2045383.76,1603260.81,4765470.57,3742260.25,3579994.96,3276911.01,5934039.42,4706572.43
2019-05-12,3692378.28,2866716.95,Train,2019,5,12,6,1,2,0,0,0.49999999999999994,-0.8660254037844387,-0.7818314824680299,0.6234898018587334,0,0,0,3223254.17,2537597.46,2460393.45,1889099.54,5579108.13,4391470.92,3059845.93,2753429.2,5782619.05,4599452.28
2019-05-13,4792349.11,3788342.27,Train,2019,5,13,0,0,2,0,0,0.49999999999999994,-0.8660254037844387,0.0,1.0,0,0,0,3692378.28,2866716.95,3089088.99,2546015.45,9634257.78,7639657.66,3248777.0,3006192.84,5902938.45,4640987.62
2019-05-14,4862166.63,3833993.27,Train,2019,5,14,1,0,2,0,0,0.49999999999999994,-0.8660254037844387,0.7818314824680298,0.6234898018587336,0,0,0,4792349.11,3788342.27,3216799.62,2460959.9,8059929.99,6487250.52,4002434.76,3635296.53,7023913.46,5532477.08
2019-05-15,5013097.75,3959824.14,Train,2019,5,15,2,0,2,0,0,0.49999999999999994,-0.8660254037844387,0.9749279121818236,-0.22252093395631434,0,0,0,4862166.63,3833993.27,3179618.97,2549583.11,8442603.96,6897673.92,3468600.1,3009772.87,8789772.31,6971865.67
2019-05-16,4763396.54,3739102.59,Train,2019,5,16,3,0,2,0,0,0.49999999999999994,-0.8660254037844387,0.43388373911755823,-0.900968867902419,0,0,0,5013097.75,3959824.14,3478743.01,2820877.92,7808399.68,6038961.99,5005921.07,4277532.29,9398231.32,7399830.54
2019-05-17,4890006.38,3947766.75,Train,2019,5,17,4,0,2,0,0,0.49999999999999994,-0.8660254037844387,-0.433883739117558,-0.9009688679024191,0,0,0,4763396.54,3739102.59,3379956.2,2669556.82,4022286.5,3234443.01,4866105.58,3844447.57,9816742.13,7698242.57
2019-05-18,4212074.41,3390993.32,Train,2019,5,18,5,1,2,0,0,0.49999999999999994,-0.8660254037844387,-0.9749279121818236,-0.2225209339563146,0,0,0,4890006.38,3947766.75,3223254.17,2537597.46,2045383.76,1603260.81,3458407.78,2689432.07,7337944.43,5819237.35
2019-05-19,3110577.15,2404869.12,Train,2019,5,19,6,1,2,0,0,0.49999999999999994,-0.8660254037844387,-0.7818314824680299,0.6234898018587334,0,0,0,4212074.41,3390993.32,3692378.28,2866716.95,2460393.45,1889099.54,3282803.64,2507866.68,6925640.35,5627670.43
2019-05-20,4833855.83,3883813.76,Train,2019,5,20,0,0,2,0,0,0.49999999999999994,-0.8660254037844387,0.0,1.0,0,0,0,3110577.15,2404869.12,4792349.11,3788342.27,3089088.99,2546015.45,3583833.11,2817340.98,8653992.04,6799995.97
2019-05-21,4376980.41,3545197.6,Train,2019,5,21,1,0,2,0,0,0.49999999999999994,-0.8660254037844387,0.7818314824680298,0.6234898018587336,0,0,0,4833855.83,3883813.76,4862166.63,3833993.27,3216799.62,2460959.9,4280648.65,3400564.11,6241809.14,4958178.74
2019-05-22,5873623.7,4676076.56,Train,2019,5,22,2,0,2,0,0,0.49999999999999994,-0.8660254037844387,0.9749279121818236,-0.22252093395631434,0,0,0,4376980.41,3545197.6,5013097.75,3959824.14,3179618.97,2549583.11,5111723.35,4071500.83,7847121.97,6132458.54
2019-05-23,5059289.39,4065945.82,Train,2019,5,23,3,0,2,0,0,0.49999999999999994,-0.8660254037844387,0.43388373911755823,-0.900968867902419,0,0,0,5873623.7,4676076.56,4763396.54,3739102.59,3478743.01,2820877.92,6076381.37,4899064.86,11779004.94,9369180.79
2019-05-24,4257574.66,3427856.53,Train,2019,5,24,4,0,2,0,0,0.49999999999999994,-0.8660254037844387,-0.433883739117558,-0.9009688679024191,0,0,0,5059289.39,4065945.82,4890006.38,3947766.75,3379956.2,2669556.82,6020945.99,4856675.57,9030397.74,7160269.86
2019-05-25,2703860.17,2041659.91,Train,2019,5,25,5,1,2,0,0,0.49999999999999994,-0.8660254037844387,-0.9749279121818236,-0.2225209339563146,0,0,0,4257574.66,3427856.53,4212074.41,3390993.32,3223254.17,2537597.46,4244369.27,3305396.09,6498399.18,5141245.68
2019-05-26,3290638.14,2614660.18,Train,2019,5,26,6,1,2,0,0,0.49999999999999994,-0.8660254037844387,-0.7818314824680299,0.6234898018587334,0,0,0,2703860.17,2041659.91,3110577.15,2404869.12,3692378.28,2866716.95,3983588.88,3067018.69,5600677.63,4596266.34
2019-05-27,3692587.25,3103910.35,Train,2019,5,27,0,0,2,0,0,0.49999999999999994,-0.8660254037844387,0.0,1.0,0,0,0,3290638.14,2614660.18,4833855.83,3883813.76,4792349.11,3788342.27,4765470.57,3742260.25,6413198.63,5135755.4
2019-05-28,4649913.83,3737938.55,Train,2019,5,28,1,0,2,0,0,0.49999999999999994,-0.8660254037844387,0.7818314824680298,0.6234898018587336,0,0,0,3692587.25,3103910.35,4376980.41,3545197.6,4862166.63,3833993.27,5579108.13,4391470.92,7438573.25,5854231.41
2019-05-29,6694197.08,5100391.64,Train,2019,5,29,2,0,2,0,0,0.49999999999999994,-0.8660254037844387,0.9749279121818236,-0.22252093395631434,0,0,0,4649913.83,3737938.55,5873623.7,4676076.56,5013097.75,3959824.14,9634257.78,7639657.66,10262818.32,7905889.83
2019-05-30,10560540.55,8440357.87,Train,2019,5,30,3,0,2,0,0,0.49999999999999994,-0.8660254037844387,0.43388373911755823,-0.900968867902419,0,0,0,6694197.08,5100391.64,5059289.39,4065945.82,4763396.54,3739102.59,8059929.99,6487250.52,20905271.35,16535857.67
2019-05-31,8767512.49,6975728.64,Train,2019,5,31,4,0,2,0,1,0.49999999999999994,-0.8660254037844387,-0.433883739117558,-0.9009688679024191,0,0,0,10560540.55,8440357.87,4257574.66,3427856.53,4890006.38,3947766.75,8442603.96,6897673.92,19289944.12,15561846.1
2019-06-01,8443797.15,6772402.64,Train,2019,6,1,5,1,2,1,0,1.2246467991473532e-16,-1.0,-0.9749279121818236,-0.2225209339563146,0,0,0,8767512.49,6975728.64,2703860.17,2041659.91,4212074.41,3390993.32,7808399.68,6038961.99,19245165.78,15287542.6
2019-06-02,7455195.67,6102711.18,Train,2019,6,2,6,1,2,0,0,1.2246467991473532e-16,-1.0,-0.7818314824680299,0.6234898018587334,0,0,0,8443797.15,6772402.64,3290638.14,2614660.18,3110577.15,2404869.12,4022286.5,3234443.01,17529108.34,13707707.44
2019-06-03,6200836.36,4928192.22,Train,2019,6,3,0,0,2,0,0,1.2246467991473532e-16,-1.0,0.0,1.0,0,0,0,7455195.67,6102711.18,3692587.25,3103910.35,4833855.83,3883813.76,2045383.76,1603260.81,13779702.07,10827445.24
2019-06-04,3657388.71,2889750.29,Train,2019,6,4,1,0,2,0,0,1.2246467991473532e-16,-1.0,0.7818314824680298,0.6234898018587336,0,0,0,6200836.36,4928192.22,4649913.83,3737938.55,4376980.41,3545197.6,2460393.45,1889099.54,4373078.45,3458754.81
2019-06-05,3116184.22,2354873.53,Train,2019,6,5,2,0,2,0,0,1.2246467991473532e-16,-1.0,0.9749279121818236,-0.22252093395631434,0,0,0,3657388.71,2889750.29,6694197.08,5100391.64,5873623.7,4676076.56,3089088.99,2546015.45,5537841.59,4323885.63
2019-06-06,3413543.4,2707745.48,Train,2019,6,6,3,0,2,0,0,1.2246467991473532e-16,-1.0,0.43388373911755823,-0.900968867902419,0,0,0,3116184.22,2354873.53,10560540.55,8440357.87,5059289.39,4065945.82,3216799.62,2460959.9,6238754.07,4903699.53
2019-06-07,2810118.57,2267280.87,Train,2019,6,7,4,0,2,0,0,1.2246467991473532e-16,-1.0,-0.433883739117558,-0.9009688679024191,0,0,0,3413543.4,2707745.48,8767512.49,6975728.64,4257574.66,3427856.53,3179618.97,2549583.11,4523493.87,3579003.08
2019-06-08,3253725.42,2576270.0,Train,2019,6,8,5,1,2,0,0,1.2246467991473532e-16,-1.0,-0.9749279121818236,-0.2225209339563146,0,0,0,2810118.57,2267280.87,8443797.15,6772402.64,2703860.17,2041659.91,3478743.01,2820877.92,5863271.23,4570207.33
2019-06-09,4254903.93,3456557.9,Train,2019,6,9,6,1,2,0,0,1.2246467991473532e-16,-1.0,-0.7818314824680299,0.6234898018587334,0,0,0,3253725.42,2576270.0,7455195.67,6102711.18,3290638.14,2614660.18,3379956.2,2669556.82,7018402.9,5469599.5
2019-06-10,4783133.64,3750235.77,Train,2019,6,10,0,0,2,0,0,1.2246467991473532e-16,-1.0,0.0,1.0,0,0,0,4254903.93,3456557.9,6200836.36,4928192.22,3692587.25,3103910.35,3223254.17,2537597.46,6333777.67,5115963.75
2019-06-11,4164146.71,3288307.35,Train,2019,6,11,1,0,2,0,0,1.2246467991473532e-16,-1.0,0.7818314824680298,0.6234898018587336,0,0,0,4783133.64,3750235.77,3657388.71,2889750.29,4649913.83,3737938.55,3692378.28,2866716.95,7812992.68,6338472.32
2019-06-12,4780123.09,3862755.17,Train,2019,6,12,2,0,2,0,0,1.2246467991473532e-16,-1.0,0.9749279121818236,-0.22252093395631434,0,0,0,4164146.71,3288307.35,3116184.22,2354873.53,6694197.08,5100391.64,4792349.11,3788342.27,8959000.0,7232971.98
2019-06-13,3141446.63,2434324.12,Train,2019,6,13,3,0,2,0,0,1.2246467991473532e-16,-1.0,0.43388373911755823,-0.900968867902419,0,0,0,4780123.09,3862755.17,3413543.4,2707745.48,10560540.55,8440357.87,4862166.63,3833993.27,9047626.88,7216006.11
2019-06-14,3321275.31,2699480.09,Train,2019,6,14,4,0,2,0,0,1.2246467991473532e-16,-1.0,-0.433883739117558,-0.9009688679024191,0,0,0,3141446.63,2434324.12,2810118.57,2267280.87,8767512.49,6975728.64,5013097.75,3959824.14,6994969.99,5361729.98
2019-06-15,4401658.94,3526274.43,Train,2019,6,15,5,1,2,0,0,1.2246467991473532e-16,-1.0,-0.9749279121818236,-0.2225209339563146,0,0,0,3321275.31,2699480.09,3253725.42,2576270.0,8443797.15,6772402.64,4763396.54,3739102.59,7278400.85,5850026.61
2019-06-16,3952891.26,3206561.32,Train,2019,6,16,6,1,2,0,0,1.2246467991473532e-16,-1.0,-0.7818314824680299,0.6234898018587334,0,0,0,4401658.94,3526274.43,4254903.93,3456557.9,7455195.67,6102711.18,4890006.38,3947766.75,9653316.6,7581593.64
2019-06-17,4164327.54,3246799.45,Train,2019,6,17,0,0,2,0,0,1.2246467991473532e-16,-1.0,0.0,1.0,0,0,0,3952891.26,3206561.32,4783133.64,3750235.77,6200836.36,4928192.22,4212074.41,3390993.32,8270248.42,6473926.23
2019-06-18,5036738.58,4114695.79,Train,2019,6,18,1,0,2,0,0,1.2246467991473532e-16,-1.0,0.7818314824680298,0.6234898018587336,0,0,0,4164327.54,3246799.45,4164146.71,3288307.35,3657388.71,2889750.29,3110577.15,2404869.12,9578590.6,7481623.41
2019-06-19,5640058.49,4485935.07,Train,2019,6,19,2,0,2,0,0,1.2246467991473532e-16,-1.0,0.9749279121818236,-0.22252093395631434,0,0,0,5036738.58,4114695.79,4780123.09,3862755.17,3116184.22,2354873.53,4833855.83,3883813.76,10591854.27,8526409.74
2019-06-20,4189605.48,3314789.57,Train,2019,6,20,3,0,2,0,0,1.2246467991473532e-16,-1.0,0.43388373911755823,-0.900968867902419,0,0,0,5640058.49,4485935.07,3141446.63,2434324.12,3413543.4,2707745.48,4376980.41,3545197.6,10442554.6,8340504.64
2019-06-21,3812450.83,3058079.55,Train,2019,6,21,4,0,2,0,0,1.2246467991473532e-16,-1.0,-0.433883739117558,-0.9009688679024191,0,0,0,4189605.48,3314789.57,3321275.31,2699480.09,2810118.57,2267280.87,5873623.7,4676076.56,7960357.2,6345143.3
2019-06-22,4550924.39,3531072.86,Train,2019,6,22,5,1,2,0,0,1.2246467991473532e-16,-1.0,-0.9749279121818236,-0.2225209339563146,0,0,0,3812450.83,3058079.55,4401658.94,3526274.43,3253725.42,2576270.0,5059289.39,4065945.82,7890035.7,6262366.78
2019-06-23,3568419.01,3068943.59,Train,2019,6,23,6,1,2,0,0,1.2246467991473532e-16,-1.0,-0.7818314824680299,0.6234898018587334,0,0,1,4550924.39,3531072.86,3952891.26,3206561.32,4254903.93,3456557.9,4257574.66,3427856.53,7919846.87,6623002.69
2019-06-24,3996277.5,3433419.57,Train,2019,6,24,0,0,2,0,0,1.2246467991473532e-16,-1.0,0.0,1.0,0,0,1,3568419.01,3068943.59,4164327.54,3246799.45,4783133.64,3750235.77,2703860.17,2041659.91,7114017.67,6244799.31
2019-06-25,5688790.13,5142260.13,Train,2019,6,25,1,0,2,0,0,1.2246467991473532e-16,-1.0,0.7818314824680298,0.6234898018587336,0,0,1,3996277.5,3433419.57,5036738.58,4114695.79,4164146.71,3288307.35,3290638.14,2614660.18,8744485.32,8162955.36
2019-06-26,5662278.62,5280030.26,Train,2019,6,26,2,0,2,0,0,1.2246467991473532e-16,-1.0,0.9749279121818236,-0.22252093395631434,0,0,1,5688790.13,5142260.13,5640058.49,4485935.07,4780123.09,3862755.17,3692587.25,3103910.35,10888893.34,10123784.8
2019-06-27,3630711.11,3603596.44,Train,2019,6,27,3,0,2,0,0,1.2246467991473532e-16,-1.0,0.43388373911755823,-0.900968867902419,0,0,1,5662278.62,5280030.26,4189605.48,3314789.57,3141446.63,2434324.12,4649913.83,3737938.55,11081146.52,10874461.91
2019-06-28,4670111.28,4617792.03,Train,2019,6,28,4,0,2,0,0,1.2246467991473532e-16,-1.0,-0.433883739117558,-0.9009688679024191,0,0,1,3630711.11,3603596.44,3812450.83,3058079.55,3321275.31,2699480.09,6694197.08,5100391.64,8513932.2,8332592.17
2019-06-29,7024746.69,6925205.4,Train,2019,6,29,5,1,2,0,0,1.2246467991473532e-16,-1.0,-0.9749279121818236,-0.2225209339563146,0,0,1,4670111.28,4617792.03,4550924.39,3531072.86,4401658.94,3526274.43,10560540.55,8440357.87,12484085.14,11945221.58
2019-06-30,4945041.75,4627222.46,Train,2019,6,30,6,1,2,0,1,1.2246467991473532e-16,-1.0,-0.7818314824680299,0.6234898018587334,0,0,1,7024746.69,6925205.4,3568419.01,3068943.59,3952891.26,3206561.32,8767512.49,6975728.64,10005221.27,9784802.48
2019-07-01,4925285.45,4871863.28,Train,2019,7,1,0,0,3,1,0,-0.4999999999999997,-0.8660254037844388,0.0,1.0,0,0,1,4945041.75,4627222.46,3996277.5,3433419.57,4164327.54,3246799.45,8443797.15,6772402.64,8830377.17,8529895.83
2019-07-02,4873332.05,4786134.47,Train,2019,7,2,1,0,3,0,0,-0.4999999999999997,-0.8660254037844388,0.7818314824680298,0.6234898018587336,0,0,1,4925285.45,4871863.28,5688790.13,5142260.13,5036738.58,4114695.79,7455195.67,6102711.18,8070014.23,7743177.14
2019-07-03,4886424.07,4756249.61,Train,2019,7,3,2,0,3,0,0,-0.4999999999999997,-0.8660254037844388,0.9749279121818236,-0.22252093395631434,0,0,1,4873332.05,4786134.47,5662278.62,5280030.26,5640058.49,4485935.07,6200836.36,4928192.22,9033060.75,8644208.55
2019-07-04,1489388.03,1415805.18,Train,2019,7,4,3,0,3,0,0,-0.4999999999999997,-0.8660254037844388,0.43388373911755823,-0.900968867902419,0,0,1,4886424.07,4756249.61,3630711.11,3603596.44,4189605.48,3314789.57,3657388.71,2889750.29,2096565.2,2027736.06
2019-07-05,1841931.9,1789551.81,Train,2019,7,5,4,0,3,0,0,-0.4999999999999997,-0.8660254037844388,-0.433883739117558,-0.9009688679024191,0,0,1,1489388.03,1415805.18,4670111.28,4617792.03,3812450.83,3058079.55,3116184.22,2354873.53,2944993.36,2822619.07
2019-07-06,1673667.75,1672504.8,Train,2019,7,6,5,1,3,0,0,-0.4999999999999997,-0.8660254037844388,-0.9749279121818236,-0.2225209339563146,0,0,1,1841931.9,1789551.81,7024746.69,6925205.4,4550924.39,3531072.86,3413543.4,2707745.48,2036989.14,2040145.8
2019-07-07,2108446.49,2118852.35,Train,2019,7,7,6,1,3,0,0,-0.4999999999999997,-0.8660254037844388,-0.7818314824680299,0.6234898018587334,0,0,1,1673667.75,1672504.8,4945041.75,4627222.46,3568419.01,3068943.59,2810118.57,2267280.87,3253556.07,3156576.31
2019-07-08,2671803.54,2584413.1,Train,2019,7,8,0,0,3,0,0,-0.4999999999999997,-0.8660254037844388,0.0,1.0,0,0,1,2108446.49,2118852.35,4925285.45,4871863.28,3996277.5,3433419.57,3253725.42,2576270.0,2752144.2,2725199.41
2019-07-09,2568480.24,2386535.86,Train,2019,7,9,1,0,3,0,0,-0.4999999999999997,-0.8660254037844388,0.7818314824680298,0.6234898018587336,0,0,1,2671803.54,2584413.1,4873332.05,4786134.47,5688790.13,5142260.13,4254903.93,3456557.9,4430764.61,4215804.43
2019-07-10,2970737.48,2920183.57,Train,2019,7,10,2,0,3,0,0,-0.4999999999999997,-0.8660254037844388,0.9749279121818236,-0.22252093395631434,0,0,1,2568480.24,2386535.86,4886424.07,4756249.61,5662278.62,5280030.26,4783133.64,3750235.77,5201122.72,4881351.11
2019-07-11,3613434.66,3602172.41,Train,2019,7,11,3,0,3,0,0,-0.4999999999999997,-0.8660254037844388,0.43388373911755823,-0.900968867902419,0,0,1,2970737.48,2920183.57,1489388.03,1415805.18,3630711.11,3603596.44,4164146.71,3288307.35,6502831.07,6236313.66
2019-07-12,2385921.03,2226726.44,Train,2019,7,12,4,0,3,0,0,-0.4999999999999997,-0.8660254037844388,-0.433883739117558,-0.9009688679024191,0,0,1,3613434.66,3602172.41,1841931.9,1789551.81,4670111.28,4617792.03,4780123.09,3862755.17,6228668.47,6094439.16
2019-07-13,2098969.4,1932133.96,Train,2019,7,13,5,1,3,0,0,-0.4999999999999997,-0.8660254037844388,-0.9749279121818236,-0.2225209339563146,0,0,1,2385921.03,2226726.44,1673667.75,1672504.8,7024746.69,6925205.4,3141446.63,2434324.12,4250921.4,4213700.8
2019-07-14,2644124.5,2456787.05,Train,2019,7,14,6,1,3,0,0,-0.4999999999999997,-0.8660254037844388,-0.7818314824680299,0.6234898018587334,0,0,1,2098969.4,1932133.96,2108446.49,2118852.35,4945041.75,4627222.46,3321275.31,2699480.09,4868504.46,4786402.77
2019-07-15,2978181.99,2929468.55,Train,2019,7,15,0,0,3,0,0,-0.4999999999999997,-0.8660254037844388,0.0,1.0,0,0,1,2644124.5,2456787.05,2671803.54,2584413.1,4925285.45,4871863.28,4401658.94,3526274.43,5393026.83,5249791.03
2019-07-16,3187013.74,3153087.05,Train,2019,7,16,1,0,3,0,0,-0.4999999999999997,-0.8660254037844388,0.7818314824680298,0.6234898018587336,0,0,1,2978181.99,2929468.55,2568480.24,2386535.86,4873332.05,4786134.47,3952891.26,3206561.32,4994805.9,4716050.05
2019-07-17,3959202.82,3896487.16,Train,2019,7,17,2,0,3,0,0,-0.4999999999999997,-0.8660254037844388,0.9749279121818236,-0.22252093395631434,0,0,1,3187013.74,3153087.05,2970737.48,2920183.57,4886424.07,4756249.61,4164327.54,3246799.45,5712604.18,5386803.9
2019-07-18,3615222.41,3550288.82,Train,2019,7,18,3,0,3,0,0,-0.4999999999999997,-0.8660254037844388,0.43388373911755823,-0.900968867902419,0,0,1,3959202.82,3896487.16,3613434.66,3602172.41,1489388.03,1415805.18,5036738.58,4114695.79,7639039.23,7484190.04
2019-07-19,2386618.42,2254762.11,Train,2019,7,19,4,0,3,0,0,-0.4999999999999997,-0.8660254037844388,-0.433883739117558,-0.9009688679024191,0,0,1,3615222.41,3550288.82,2385921.03,2226726.44,1841931.9,1789551.81,5640058.49,4485935.07,6252432.84,5912775.72
2019-07-20,3483966.92,3119293.47,Train,2019,7,20,5,1,3,0,0,-0.4999999999999997,-0.8660254037844388,-0.9749279121818236,-0.2225209339563146,0,0,1,2386618.42,2254762.11,2098969.4,1932133.96,1673667.75,1672504.8,4189605.48,3314789.57,5761282.54,5222554.73
2019-07-21,2833440.98,2457034.76,Train,2019,7,21,6,1,3,0,0,-0.4999999999999997,-0.8660254037844388,-0.7818314824680299,0.6234898018587334,0,0,1,3483966.92,3119293.47,2644124.5,2456787.05,2108446.49,2118852.35,3812450.83,3058079.55,4939690.9,4320031.79
2019-07-22,3439033.06,2731287.61,Train,2019,7,22,0,0,3,0,0,-0.4999999999999997,-0.8660254037844388,0.0,1.0,0,0,1,2833440.98,2457034.76,2978181.99,2929468.55,2671803.54,2584413.1,4550924.39,3531072.86,5641320.53,4834937.23
2019-07-23,3417186.56,2643724.49,Train,2019,7,23,1,0,3,0,0,-0.4999999999999997,-0.8660254037844388,0.7818314824680298,0.6234898018587336,0,0,0,3439033.06,2731287.61,3187013.74,3153087.05,2568480.24,2386535.86,3568419.01,3068943.59,6121614.15,4864263.18
2019-07-24,4684554.37,3722991.01,Train,2019,7,24,2,0,3,0,0,-0.4999999999999997,-0.8660254037844388,0.9749279121818236,-0.22252093395631434,0,0,0,3417186.56,2643724.49,3959202.82,3896487.16,2970737.48,2920183.57,3996277.5,3433419.57,6821739.77,5344675.82
2019-07-25,4181297.47,3389253.8,Train,2019,7,25,3,0,3,0,0,-0.4999999999999997,-0.8660254037844388,0.43388373911755823,-0.900968867902419,0,0,0,4684554.37,3722991.01,3615222.41,3550288.82,3613434.66,3602172.41,5688790.13,5142260.13,7944998.65,6241710.94
2019-07-26,2974387.4,2282672.9,Train,2019,7,26,4,0,3,0,0,-0.4999999999999997,-0.8660254037844388,-0.433883739117558,-0.9009688679024191,0,0,0,4181297.47,3389253.8,2386618.42,2254762.11,2385921.03,2226726.44,5662278.62,5280030.26,6463508.32,5212368.25
2019-07-27,2400455.83,1937294.99,Train,2019,7,27,5,1,3,0,0,-0.4999999999999997,-0.8660254037844388,-0.9749279121818236,-0.2225209339563146,0,0,0,2974387.4,2282672.9,3483966.92,3119293.47,2098969.4,1932133.96,3630711.11,3603596.44,5162979.4,4110689.88
2019-07-28,3130479.33,2444819.96,Train,2019,7,28,6,1,3,0,0,-0.4999999999999997,-0.8660254037844388,-0.7818314824680299,0.6234898018587334,0,0,0,2400455.83,1937294.99,2833440.98,2457034.76,2644124.5,2456787.05,4670111.28,4617792.03,6313222.5,5068784.77
2019-07-29,3105749.62,2493332.47,Train,2019,7,29,0,0,3,0,0,-0.4999999999999997,-0.8660254037844388,0.0,1.0,0,0,0,3130479.33,2444819.96,3439033.06,2731287.61,2978181.99,2929468.55,7024746.69,6925205.4,6597216.94,5284529.74
2019-07-30,3330499.22,3199104.79,Train,2019,7,30,1,0,3,0,0,-0.4999999999999997,-0.8660254037844388,0.7818314824680298,0.6234898018587336,0,0,1,3105749.62,2493332.47,3417186.56,2643724.49,3187013.74,3153087.05,4945041.75,4627222.46,7314460.76,5725898.93
2019-07-31,5525632.29,6089074.09,Train,2019,7,31,2,0,3,0,1,-0.4999999999999997,-0.8660254037844388,0.9749279121818236,-0.22252093395631434,0,0,1,3330499.22,3199104.79,4684554.37,3722991.01,3959202.82,3896487.16,4925285.45,4871863.28,12496367.04,9909115.53
2019-08-01,4455488.15,5321254.35,Train,2019,8,1,3,0,3,1,0,-0.8660254037844385,-0.5000000000000004,0.43388373911755823,-0.900968867902419,0,0,1,5525632.29,6089074.09,4181297.47,3389253.8,3615222.41,3550288.82,4873332.05,4786134.47,13786351.91,10884999.4
2019-08-02,3938923.04,4562144.93,Train,2019,8,2,4,0,3,0,0,-0.8660254037844385,-0.5000000000000004,-0.433883739117558,-0.9009688679024191,0,0,1,4455488.15,5321254.35,2974387.4,2282672.9,2386618.42,2254762.11,4886424.07,4756249.61,10106943.25,7999614.76
2019-08-03,2470651.33,3392027.67,Train,2019,8,3,5,1,3,0,0,-0.8660254037844385,-0.5000000000000004,-0.9749279121818236,-0.2225209339563146,0,0,1,3938923.04,4562144.93,2400455.83,1937294.99,3483966.92,3119293.47,1489388.03,1415805.18,9026931.62,7058116.81
2019-08-04,2494912.22,3600849.09,Train,2019,8,4,6,1,3,0,0,-0.8660254037844385,-0.5000000000000004,-0.7818314824680299,0.6234898018587334,0,0,1,2470651.33,3392027.67,3130479.33,2444819.96,2833440.98,2457034.76,1841931.9,1789551.81,6859151.1,5490125.8
2019-08-05,1043419.2,1459268.06,Train,2019,8,5,0,0,3,0,0,-0.8660254037844385,-0.5000000000000004,0.0,1.0,0,0,1,2494912.22,3600849.09,3105749.62,2493332.47,3439033.06,2731287.61,1673667.75,1672504.8,3117800.12,2491453.39
2019-08-06,1858125.18,2640605.83,Train,2019,8,6,1,0,3,0,0,-0.8660254037844385,-0.5000000000000004,0.7818314824680298,0.6234898018587336,0,0,1,1043419.2,1459268.06,3330499.22,3199104.79,3417186.56,2643724.49,2108446.49,2118852.35,3924563.55,3048117.59
2019-08-07,2612652.22,3641188.5,Train,2019,8,7,2,0,3,0,0,-0.8660254037844385,-0.5000000000000004,0.9749279121818236,-0.22252093395631434,0,0,1,1858125.18,2640605.83,5525632.29,6089074.09,4684554.37,3722991.01,2671803.54,2584413.1,4212970.63,3334965.62
2019-08-08,2075506.82,2794288.53,Train,2019,8,8,3,0,3,0,0,-0.8660254037844385,-0.5000000000000004,0.43388373911755823,-0.900968867902419,0,0,1,2612652.22,3641188.5,4455488.15,5321254.35,4181297.47,3389253.8,2568480.24,2386535.86,4647118.76,3610702.93
2019-08-09,1373112.09,1937571.87,Train,2019,8,9,4,0,3,0,0,-0.8660254037844385,-0.5000000000000004,-0.433883739117558,-0.9009688679024191,0,0,1,2075506.82,2794288.53,3938923.04,4562144.93,2974387.4,2282672.9,2970737.48,2920183.57,4946125.63,3977801.47
2019-08-10,1564845.37,2196994.14,Train,2019,8,10,5,1,3,0,0,-0.8660254037844385,-0.5000000000000004,-0.9749279121818236,-0.2225209339563146,0,0,1,1373112.09,1937571.87,2470651.33,3392027.67,2400455.83,1937294.99,3613434.66,3602172.41,3705554.89,2859379.41
2019-08-11,2346475.31,3292514.02,Train,2019,8,11,6,1,3,0,0,-0.8660254037844385,-0.5000000000000004,-0.7818314824680299,0.6234898018587334,0,0,1,1564845.37,2196994.14,2494912.22,3600849.09,3130479.33,2444819.96,2385921.03,2226726.44,4591065.72,3598807.89
2019-08-12,1668045.94,2290560.15,Train,2019,8,12,0,0,3,0,0,-0.8660254037844385,-0.5000000000000004,0.0,1.0,0,0,1,2346475.31,3292514.02,1043419.2,1459268.06,3105749.62,2493332.47,2098969.4,1932133.96,4030885.81,3179458.32
2019-08-13,1490813.69,2171947.13,Train,2019,8,13,1,0,3,0,0,-0.8660254037844385,-0.5000000000000004,0.7818314824680298,0.6234898018587336,0,0,1,1668045.94,2290560.15,1858125.18,2640605.83,3330499.22,3199104.79,2644124.5,2456787.05,4244815.28,3284829.91
2019-08-14,3101196.53,4169515.66,Train,2019,8,14,2,0,3,0,0,-0.8660254037844385,-0.5000000000000004,0.9749279121818236,-0.22252093395631434,0,0,1,1490813.69,2171947.13,2612652.22,3641188.5,5525632.29,6089074.09,2978181.99,2929468.55,6041631.13,4766947.5
2019-08-15,2478038.89,3512738.3,Train,2019,8,15,3,0,3,0,0,-0.8660254037844385,-0.5000000000000004,0.43388373911755823,-0.900968867902419,0,0,1,3101196.53,4169515.66,2075506.82,2794288.53,4455488.15,5321254.35,3187013.74,3153087.05,6058071.07,4807626.36
2019-08-16,1829640.99,2493094.05,Train,2019,8,16,4,0,3,0,0,-0.8660254037844385,-0.5000000000000004,-0.433883739117558,-0.9009688679024191,0,0,1,2478038.89,3512738.3,1373112.09,1937571.87,3938923.04,4562144.93,3959202.82,3896487.16,5333680.81,4015767.27
2019-08-17,2003878.36,2733913.19,Train,2019,8,17,5,1,3,0,0,-0.8660254037844385,-0.5000000000000004,-0.9749279121818236,-0.2225209339563146,0,0,1,1829640.99,2493094.05,1564845.37,2196994.14,2470651.33,3392027.67,3615222.41,3550288.82,4314679.61,3455461.38
2019-08-18,1947390.84,2839386.72,Train,2019,8,18,6,1,3,0,0,-0.8660254037844385,-0.5000000000000004,-0.7818314824680299,0.6234898018587334,0,0,1,2003878.36,2733913.19,2346475.31,3292514.02,2494912.22,3600849.09,2386618.42,2254762.11,4960825.43,3902500.12
2019-08-19,2333967.14,3290384.64,Train,2019,8,19,0,0,3,0,0,-0.8660254037844385,-0.5000000000000004,0.0,1.0,0,0,1,1947390.84,2839386.72,1668045.94,2290560.15,1043419.2,1459268.06,3483966.92,3119293.47,4978431.53,3847035.88
2019-08-20,2278154.51,3059344.57,Train,2019,8,20,1,0,3,0,0,-0.8660254037844385,-0.5000000000000004,0.7818314824680298,0.6234898018587336,0,0,1,2333967.14,3290384.64,1490813.69,2171947.13,1858125.18,2640605.83,2833440.98,2457034.76,4896843.63,3837284.3
2019-08-21,2902500.19,3975109.52,Train,2019,8,21,2,0,3,0,0,-0.8660254037844385,-0.5000000000000004,0.9749279121818236,-0.22252093395631434,0,0,1,2278154.51,3059344.57,3101196.53,4169515.66,2612652.22,3641188.5,3439033.06,2731287.61,5971341.33,4692653.97
2019-08-22,3279690.88,4303594.26,Train,2019,8,22,3,0,3,0,0,-0.8660254037844385,-0.5000000000000004,0.43388373911755823,-0.900968867902419,0,0,1,2902500.19,3975109.52,2478038.89,3512738.3,2075506.82,2794288.53,3417186.56,2643724.49,7086185.79,5662221.43
2019-08-23,1923531.37,2481146.96,Train,2019,8,23,4,0,3,0,0,-0.8660254037844385,-0.5000000000000004,-0.433883739117558,-0.9009688679024191,0,0,1,3279690.88,4303594.26,1829640.99,2493094.05,1373112.09,1937571.87,4684554.37,3722991.01,5392520.44,4260217.92
2019-08-24,1741999.11,2380723.06,Train,2019,8,24,5,1,3,0,0,-0.8660254037844385,-0.5000000000000004,-0.9749279121818236,-0.2225209339563146,0,0,1,1923531.37,2481146.96,2003878.36,2733913.19,1564845.37,2196994.14,4181297.47,3389253.8,3329330.38,2630754.1
2019-08-25,2343821.96,2973037.78,Train,2019,8,25,6,1,3,0,0,-0.8660254037844385,-0.5000000000000004,-0.7818314824680299,0.6234898018587334,0,0,1,1741999.11,2380723.06,1947390.84,2839386.72,2346475.31,3292514.02,2974387.4,2282672.9,4716376.41,3836954.01
2019-08-26,1566162.85,2092259.75,Train,2019,8,26,0,0,3,0,0,-0.8660254037844385,-0.5000000000000004,0.0,1.0,0,0,1,2343821.96,2973037.78,2333967.14,3290384.64,1668045.94,2290560.15,2400455.83,1937294.99,4717920.92,3744613.34
2019-08-27,2452198.24,3395896.49,Train,2019,8,27,1,0,3,0,0,-0.8660254037844385,-0.5000000000000004,0.7818314824680298,0.6234898018587336,0,0,1,1566162.85,2092259.75,2278154.51,3059344.57,1490813.69,2171947.13,3130479.33,2444819.96,6151109.31,4800826.49
2019-08-28,5201709.9,7205663.14,Train,2019,8,28,2,0,3,0,0,-0.8660254037844385,-0.5000000000000004,0.9749279121818236,-0.22252093395631434,0,0,1,2452198.24,3395896.49,2902500.19,3975109.52,3101196.53,4169515.66,3105749.62,2493332.47,12207075.48,9954369.46
2019-08-29,4504012.62,6055206.11,Train,2019,8,29,3,0,3,0,0,-0.8660254037844385,-0.5000000000000004,0.43388373911755823,-0.900968867902419,0,0,1,5201709.9,7205663.14,3279690.88,4303594.26,2478038.89,3512738.3,3330499.22,3199104.79,10330752.34,8329694.93
2019-08-30,5157053.02,6765323.43,Train,2019,8,30,4,0,3,0,0,-0.8660254037844385,-0.5000000000000004,-0.433883739117558,-0.9009688679024191,0,0,2,4504012.62,6055206.11,1923531.37,2481146.96,1829640.99,2493094.05,5525632.29,6089074.09,10819458.93,8497693.47
2019-08-31,5057671.9,6368386.98,Train,2019,8,31,5,1,3,0,1,-0.8660254037844385,-0.5000000000000004,-0.9749279121818236,-0.2225209339563146,0,0,2,5157053.02,6765323.43,1741999.11,2380723.06,2003878.36,2733913.19,4455488.15,5321254.35,9769233.6,7975907.3
2019-09-01,4505538.06,5575548.49,Train,2019,9,1,6,1,3,1,0,-1.0,-1.8369701987210297e-16,-0.7818314824680299,0.6234898018587334,0,0,2,5057671.9,6368386.98,2343821.96,2973037.78,1947390.84,2839386.72,3938923.04,4562144.93,8834290.53,7236711.56
2019-09-02,1524133.27,1524323.94,Train,2019,9,2,0,0,3,0,0,-1.0,-1.8369701987210297e-16,0.0,1.0,1,0,2,4505538.06,5575548.49,1566162.85,2092259.75,2333967.14,3290384.64,2470651.33,3392027.67,2926208.13,2475973.31
2019-09-03,1594821.11,1372800.55,Train,2019,9,3,1,0,3,0,0,-1.0,-1.8369701987210297e-16,0.7818314824680298,0.6234898018587336,0,0,1,1524133.27,1524323.94,2452198.24,3395896.49,2278154.51,3059344.57,2494912.22,3600849.09,3730127.97,3250956.11
2019-09-04,870213.71,795474.98,Train,2019,9,4,2,0,3,0,0,-1.0,-1.8369701987210297e-16,0.9749279121818236,-0.22252093395631434,0,0,1,1594821.11,1372800.55,5201709.9,7205663.14,2902500.19,3975109.52,1043419.2,1459268.06,2895558.56,2566039.59
2019-09-05,1849227.68,1737296.3,Train,2019,9,5,3,0,3,0,0,-1.0,-1.8369701987210297e-16,0.43388373911755823,-0.900968867902419,0,0,1,870213.71,795474.98,4504012.62,6055206.11,3279690.88,4303594.26,1858125.18,2640605.83,2683914.3,2352008.69
2019-09-06,2055566.63,1816545.14,Train,2019,9,6,4,0,3,0,0,-1.0,-1.8369701987210297e-16,-0.433883739117558,-0.9009688679024191,0,0,1,1849227.68,1737296.3,5157053.02,6765323.43,1923531.37,2481146.96,2612652.22,3641188.5,2220736.04,1976596.92
2019-09-07,2056135.02,1821442.12,Train,2019,9,7,5,1,3,0,0,-1.0,-1.8369701987210297e-16,-0.9749279121818236,-0.2225209339563146,0,0,1,2055566.63,1816545.14,5057671.9,6368386.98,1741999.11,2380723.06,2075506.82,2794288.53,2737800.42,2305499.6
2019-09-08,2799308.76,2590587.34,Train,2019,9,8,6,1,3,0,0,-1.0,-1.8369701987210297e-16,-0.7818314824680299,0.6234898018587334,0,0,1,2056135.02,1821442.12,4505538.06,5575548.49,2343821.96,2973037.78,1373112.09,1937571.87,3138040.11,2844198.87
2019-09-09,3586421.12,3025750.34,Train,2019,9,9,0,0,3,0,0,-1.0,-1.8369701987210297e-16,0.0,1.0,0,0,1,2799308.76,2590587.34,1524133.27,1524323.94,1566162.85,2092259.75,1564845.37,2196994.14,4428844.18,3809539.78
2019-09-10,2327550.31,2102928.06,Train,2019,9,10,1,0,3,0,0,-1.0,-1.8369701987210297e-16,0.7818314824680298,0.6234898018587336,0,0,1,3586421.12,3025750.34,1594821.11,1372800.55,2452198.24,3395896.49,2346475.31,3292514.02,3518686.76,3115017.21
2019-09-11,2579418.47,2224939.94,Train,2019,9,11,2,0,3,0,0,-1.0,-1.8369701987210297e-16,0.9749279121818236,-0.22252093395631434,0,0,1,2327550.31,2102928.06,870213.71,795474.98,5201709.9,7205663.14,1668045.94,2290560.15,2737148.82,2457613.39
2019-09-12,2239528.24,2055638.17,Train,2019,9,12,3,0,3,0,0,-1.0,-1.8369701987210297e-16,0.43388373911755823,-0.900968867902419,0,0,1,2579418.47,2224939.94,1849227.68,1737296.3,4504012.62,6055206.11,1490813.69,2171947.13,3907657.89,3473624.08
2019-09-13,2602979.12,2360984.02,Train,2019,9,13,4,0,3,0,0,-1.0,-1.8369701987210297e-16,-0.433883739117558,-0.9009688679024191,0,0,1,2239528.24,2055638.17,2055566.63,1816545.14,5157053.02,6765323.43,3101196.53,4169515.66,3198359.98,2826009.39
2019-09-14,2471379.44,2104170.27,Train,2019,9,14,5,1,3,0,0,-1.0,-1.8369701987210297e-16,-0.9749279121818236,-0.2225209339563146,0,0,1,2602979.12,2360984.02,2056135.02,1821442.12,5057671.9,6368386.98,2478038.89,3512738.3,3759913.17,3409768.94
2019-09-15,2704686.82,2355376.75,Train,2019,9,15,6,1,3,0,0,-1.0,-1.8369701987210297e-16,-0.7818314824680299,0.6234898018587334,0,0,1,2471379.44,2104170.27,2799308.76,2590587.34,4505538.06,5575548.49,1829640.99,2493094.05,3182906.62,2708850.83
2019-09-16,3377677.52,3056070.46,Train,2019,9,16,0,0,3,0,0,-1.0,-1.8369701987210297e-16,0.0,1.0,0,0,1,2704686.82,2355376.75,3586421.12,3025750.34,1524133.27,1524323.94,2003878.36,2733913.19,4513878.02,4134396.21
2019-09-17,2208634.91,1901278.99,Train,2019,9,17,1,0,3,0,0,-1.0,-1.8369701987210297e-16,0.7818314824680298,0.6234898018587336,0,0,1,3377677.52,3056070.46,2327550.31,2102928.06,1594821.11,1372800.55,1947390.84,2839386.72,3684035.33,3185261.69
2019-09-18,2218355.01,1872520.36,Train,2019,9,18,2,0,3,0,0,-1.0,-1.8369701987210297e-16,0.9749279121818236,-0.22252093395631434,0,0,1,2208634.91,1901278.99,2579418.47,2224939.94,870213.71,795474.98,2333967.14,3290384.64,3511249.8,3093197.05
2019-09-19,2750834.47,2383301.79,Train,2019,9,19,3,0,3,0,0,-1.0,-1.8369701987210297e-16,0.43388373911755823,-0.900968867902419,0,0,1,2218355.01,1872520.36,2239528.24,2055638.17,1849227.68,1737296.3,2278154.51,3059344.57,3203671.41,2850137.86
2019-09-20,1849923.37,1616131.82,Train,2019,9,20,4,0,3,0,0,-1.0,-1.8369701987210297e-16,-0.433883739117558,-0.9009688679024191,0,0,1,2750834.47,2383301.79,2602979.12,2360984.02,2055566.63,1816545.14,2902500.19,3975109.52,2967505.47,2634513.81
2019-09-21,3723308.64,3312576.87,Train,2019,9,21,5,1,3,0,0,-1.0,-1.8369701987210297e-16,-0.9749279121818236,-0.2225209339563146,0,0,1,1849923.37,1616131.82,2471379.44,2104170.27,2056135.02,1821442.12,3279690.88,4303594.26,3391440.87,3055926.25
2019-09-22,3164897.45,2715456.74,Train,2019,9,22,6,1,3,0,0,-1.0,-1.8369701987210297e-16,-0.7818314824680299,0.6234898018587334,0,0,1,3723308.64,3312576.87,2704686.82,2355376.75,2799308.76,2590587.34,1923531.37,2481146.96,3067943.56,2653342.07
2019-09-23,3099449.09,2787237.94,Train,2019,9,23,0,0,3,0,0,-1.0,-1.8369701987210297e-16,0.0,1.0,0,0,1,3164897.45,2715456.74,3377677.52,3056070.46,3586421.12,3025750.34,1741999.11,2380723.06,4892505.92,4455722.87
2019-09-24,2947408.34,2515101.0,Train,2019,9,24,1,0,3,0,0,-1.0,-1.8369701987210297e-16,0.7818314824680298,0.6234898018587336,0,0,1,3099449.09,2787237.94,2208634.91,1901278.99,2327550.31,2102928.06,2343821.96,2973037.78,4916532.68,4394814.48
2019-09-25,2898334.29,2483117.25,Train,2019,9,25,2,0,3,0,0,-1.0,-1.8369701987210297e-16,0.9749279121818236,-0.22252093395631434,0,0,1,2947408.34,2515101.0,2218355.01,1872520.36,2579418.47,2224939.94,1566162.85,2092259.75,3834324.5,3363603.04
2019-09-26,2908501.91,2610054.46,Train,2019,9,26,3,0,3,0,0,-1.0,-1.8369701987210297e-16,0.43388373911755823,-0.900968867902419,0,0,1,2898334.29,2483117.25,2750834.47,2383301.79,2239528.24,2055638.17,2452198.24,3395896.49,4727732.71,4050861.46
2019-09-27,3950186.78,3564014.93,Train,2019,9,27,4,0,3,0,0,-1.0,-1.8369701987210297e-16,-0.433883739117558,-0.9009688679024191,0,0,1,2908501.91,2610054.46,1849923.37,1616131.82,2602979.12,2360984.02,5201709.9,7205663.14,5609192.49,4998150.71
2019-09-28,3814692.18,3453282.93,Train,2019,9,28,5,1,3,0,0,-1.0,-1.8369701987210297e-16,-0.9749279121818236,-0.2225209339563146,0,0,1,3950186.78,3564014.93,3723308.64,3312576.87,2471379.44,2104170.27,4504012.62,6055206.11,5221949.72,4643296.21
2019-09-29,4292493.62,3763429.08,Train,2019,9,29,6,1,3,0,0,-1.0,-1.8369701987210297e-16,-0.7818314824680299,0.6234898018587334,0,0,1,3814692.18,3453282.93,3164897.45,2715456.74,2704686.82,2355376.75,5157053.02,6765323.43,5089871.44,4351327.13
2019-09-30,4319120.35,3566624.12,Train,2019,9,30,0,0,3,0,1,-1.0,-1.8369701987210297e-16,0.0,1.0,0,0,1,4292493.62,3763429.08,3099449.09,2787237.94,3377677.52,3056070.46,5057671.9,6368386.98,5437181.81,4591821.05
2019-10-01,3461580.0,2846842.32,Train,2019,10,1,1,0,4,1,0,-0.8660254037844386,0.5000000000000001,0.7818314824680298,0.6234898018587336,0,0,1,4319120.35,3566624.12,2947408.34,2515101.0,2208634.91,1901278.99,4505538.06,5575548.49,4742181.64,4115311.14
2019-10-02,1385364.76,1073130.28,Train,2019,10,2,2,0,4,0,0,-0.8660254037844386,0.5000000000000001,0.9749279121818236,-0.22252093395631434,0,0,0,3461580.0,2846842.32,2898334.29,2483117.25,2218355.01,1872520.36,1524133.27,1524323.94,1807247.84,1354070.12
2019-10-03,1326788.68,1033086.86,Train,2019,10,3,3,0,4,0,0,-0.8660254037844386,0.5000000000000001,0.43388373911755823,-0.900968867902419,0,0,0,1385364.76,1073130.28,2908501.91,2610054.46,2750834.47,2383301.79,1594821.11,1372800.55,1798411.4,1414782.3
2019-10-04,1866207.62,1478185.6,Train,2019,10,4,4,0,4,0,0,-0.8660254037844386,0.5000000000000001,-0.433883739117558,-0.9009688679024191,0,0,0,1326788.68,1033086.86,3950186.78,3564014.93,1849923.37,1616131.82,870213.71,795474.98,2726313.6,2140614.37
2019-10-05,1911023.55,1500730.35,Train,2019,10,5,5,1,4,0,0,-0.8660254037844386,0.5000000000000001,-0.9749279121818236,-0.2225209339563146,0,0,0,1866207.62,1478185.6,3814692.18,3453282.93,3723308.64,3312576.87,1849227.68,1737296.3,2484898.47,1911895.45
2019-10-06,2387439.44,1819262.68,Train,2019,10,6,6,1,4,0,0,-0.8660254037844386,0.5000000000000001,-0.7818314824680299,0.6234898018587334,0,0,0,1911023.55,1500730.35,4292493.62,3763429.08,3164897.45,2715456.74,2055566.63,1816545.14,2157385.6,1668290.7
2019-10-07,1999285.69,1511800.84,Train,2019,10,7,0,0,4,0,0,-0.8660254037844386,0.5000000000000001,0.0,1.0,0,0,0,2387439.44,1819262.68,4319120.35,3566624.12,3099449.09,2787237.94,2056135.02,1821442.12,2767415.65,2075893.96
2019-10-08,1470915.7,1203719.05,Train,2019,10,8,1,0,4,0,0,-0.8660254037844386,0.5000000000000001,0.7818314824680298,0.6234898018587336,0,0,0,1999285.69,1511800.84,3461580.0,2846842.32,2947408.34,2515101.0,2799308.76,2590587.34,3075660.75,2408923.48
2019-10-09,1397689.65,1162543.67,Train,2019,10,9,2,0,4,0,0,-0.8660254037844386,0.5000000000000001,0.9749279121818236,-0.22252093395631434,0,0,0,1470915.7,1203719.05,1385364.76,1073130.28,2898334.29,2483117.25,3586421.12,3025750.34,2768213.46,2199027.83
2019-10-10,1458507.56,1177103.47,Train,2019,10,10,3,0,4,0,0,-0.8660254037844386,0.5000000000000001,0.43388373911755823,-0.900968867902419,0,0,0,1397689.65,1162543.67,1326788.68,1033086.86,2908501.91,2610054.46,2327550.31,2102928.06,1759060.3,1352309.05
2019-10-11,2040409.76,1602691.87,Train,2019,10,11,4,0,4,0,0,-0.8660254037844386,0.5000000000000001,-0.433883739117558,-0.9009688679024191,0,0,0,1458507.56,1177103.47,1866207.62,1478185.6,3950186.78,3564014.93,2579418.47,2224939.94,2288675.28,1804152.97
2019-10-12,1557560.26,1243446.67,Train,2019,10,12,5,1,4,0,0,-0.8660254037844386,0.5000000000000001,-0.9749279121818236,-0.2225209339563146,0,0,0,2040409.76,1602691.87,1911023.55,1500730.35,3814692.18,3453282.93,2239528.24,2055638.17,3801607.19,3093283.75
2019-10-13,2002257.12,1582043.04,Train,2019,10,13,6,1,4,0,0,-0.8660254037844386,0.5000000000000001,-0.7818314824680299,0.6234898018587334,0,0,0,1557560.26,1243446.67,2387439.44,1819262.68,4292493.62,3763429.08,2602979.12,2360984.02,3486645.25,2756384.22
2019-10-14,1775994.7,1462978.37,Train,2019,10,14,0,0,4,0,0,-0.8660254037844386,0.5000000000000001,0.0,1.0,0,0,0,2002257.12,1582043.04,1999285.69,1511800.84,4319120.35,3566624.12,2471379.44,2104170.27,3516624.21,2744217.98
2019-10-15,2018887.59,1548517.17,Train,2019,10,15,1,0,4,0,0,-0.8660254037844386,0.5000000000000001,0.7818314824680298,0.6234898018587336,0,0,0,1775994.7,1462978.37,1470915.7,1203719.05,3461580.0,2846842.32,2704686.82,2355376.75,3593428.63,2809961.8
2019-10-16,1464108.41,1141541.16,Train,2019,10,16,2,0,4,0,0,-0.8660254037844386,0.5000000000000001,0.9749279121818236,-0.22252093395631434,0,0,0,2018887.59,1548517.17,1397689.65,1162543.67,1385364.76,1073130.28,3377677.52,3056070.46,4126610.48,3221862.51
2019-10-17,1372058.65,1046890.17,Train,2019,10,17,3,0,4,0,0,-0.8660254037844386,0.5000000000000001,0.43388373911755823,-0.900968867902419,0,0,0,1464108.41,1141541.16,1458507.56,1177103.47,1326788.68,1033086.86,2208634.91,1901278.99,2193280.79,1721100.93
2019-10-18,1653633.26,1278811.6,Train,2019,10,18,4,0,4,0,0,-0.8660254037844386,0.5000000000000001,-0.433883739117558,-0.9009688679024191,0,0,0,1372058.65,1046890.17,2040409.76,1602691.87,1866207.62,1478185.6,2218355.01,1872520.36,2364712.74,1825738.91
2019-10-19,2811323.63,2269521.38,Train,2019,10,19,5,1,4,0,0,-0.8660254037844386,0.5000000000000001,-0.9749279121818236,-0.2225209339563146,0,0,0,1653633.26,1278811.6,1557560.26,1243446.67,1911023.55,1500730.35,2750834.47,2383301.79,2753648.17,2191447.61
2019-10-20,2844841.01,2392660.05,Train,2019,10,20,6,1,4,0,0,-0.8660254037844386,0.5000000000000001,-0.7818314824680299,0.6234898018587334,0,0,0,2811323.63,2269521.38,2002257.12,1582043.04,2387439.44,1819262.68,1849923.37,1616131.82,3067392.26,2428564.0
2019-10-21,2711153.32,2148763.37,Train,2019,10,21,0,0,4,0,0,-0.8660254037844386,0.5000000000000001,0.0,1.0,0,0,0,2844841.01,2392660.05,1775994.7,1462978.37,1999285.69,1511800.84,3723308.64,3312576.87,2965006.46,2322786.28
2019-10-22,2214683.33,1838977.01,Train,2019,10,22,1,0,4,0,0,-0.8660254037844386,0.5000000000000001,0.7818314824680298,0.6234898018587336,0,0,0,2711153.32,2148763.37,2018887.59,1548517.17,1470915.7,1203719.05,3164897.45,2715456.74,3760345.32,3093167.35
2019-10-23,1759141.45,1358481.77,Train,2019,10,23,2,0,4,0,0,-0.8660254037844386,0.5000000000000001,0.9749279121818236,-0.22252093395631434,0,0,0,2214683.33,1838977.01,1464108.41,1141541.16,1397689.65,1162543.67,3099449.09,2787237.94,3210408.93,2590626.71
2019-10-24,2022900.04,1666320.71,Train,2019,10,24,3,0,4,0,0,-0.8660254037844386,0.5000000000000001,0.43388373911755823,-0.900968867902419,0,0,0,1759141.45,1358481.77,1372058.65,1046890.17,1458507.56,1177103.47,2947408.34,2515101.0,2388950.39,1810211.59
2019-10-25,3187144.16,2421364.94,Train,2019,10,25,4,0,4,0,0,-0.8660254037844386,0.5000000000000001,-0.433883739117558,-0.9009688679024191,0,0,0,2022900.04,1666320.71,1653633.26,1278811.6,2040409.76,1602691.87,2898334.29,2483117.25,2281239.32,1789602.98
2019-10-26,2566324.34,2091249.47,Train,2019,10,26,5,1,4,0,0,-0.8660254037844386,0.5000000000000001,-0.9749279121818236,-0.2225209339563146,0,0,0,3187144.16,2421364.94,2811323.63,2269521.38,1557560.26,1243446.67,2908501.91,2610054.46,2925667.62,2326884.75
2019-10-27,2753908.73,2215124.51,Train,2019,10,27,6,1,4,0,0,-0.8660254037844386,0.5000000000000001,-0.7818314824680299,0.6234898018587334,0,0,0,2566324.34,2091249.47,2844841.01,2392660.05,2002257.12,1582043.04,3950186.78,3564014.93,3517566.83,2788248.35
2019-10-28,4549329.18,3685783.91,Train,2019,10,28,0,0,4,0,0,-0.8660254037844386,0.5000000000000001,0.0,1.0,0,0,0,2753908.73,2215124.51,2711153.32,2148763.37,1775994.7,1462978.37,3814692.18,3453282.93,5148086.02,4236118.44
2019-10-29,4173624.95,3482498.58,Train,2019,10,29,1,0,4,0,0,-0.8660254037844386,0.5000000000000001,0.7818314824680298,0.6234898018587336,0,0,0,4549329.18,3685783.91,2214683.33,1838977.01,2018887.59,1548517.17,4292493.62,3763429.08,6121160.36,4854267.79
2019-10-30,4011152.34,3303293.41,Train,2019,10,30,2,0,4,0,0,-0.8660254037844386,0.5000000000000001,0.9749279121818236,-0.22252093395631434,0,0,0,4173624.95,3482498.58,1759141.45,1358481.77,1464108.41,1141541.16,4319120.35,3566624.12,5647021.76,4534254.48
2019-10-31,3902622.14,3200919.46,Train,2019,10,31,3,0,4,0,1,-0.8660254037844386,0.5000000000000001,0.43388373911755823,-0.900968867902419,0,0,0,4011152.34,3303293.41,2022900.04,1666320.71,1372058.65,1046890.17,3461580.0,2846842.32,5340696.76,4313400.22
2019-11-01,2457372.77,1859550.39,Train,2019,11,1,4,0,4,1,0,-0.5000000000000004,0.8660254037844384,-0.433883739117558,-0.9009688679024191,0,0,0,3902622.14,3200919.46,3187144.16,2421364.94,1653633.26,1278811.6,1385364.76,1073130.28,4100504.23,3207191.36
2019-11-02,1251673.78,1011108.33,Train,2019,11,2,5,1,4,0,0,-0.5000000000000004,0.8660254037844384,-0.9749279121818236,-0.2225209339563146,0,0,0,2457372.77,1859550.39,2566324.34,2091249.47,2811323.63,2269521.38,1326788.68,1033086.86,1332091.2,973346.43
2019-11-03,1429798.26,1038587.83,Train,2019,11,3,6,1,4,0,0,-0.5000000000000004,0.8660254037844384,-0.7818314824680299,0.6234898018587334,0,0,0,1251673.78,1011108.33,2753908.73,2215124.51,2844841.01,2392660.05,1866207.62,1478185.6,1775113.55,1429465.35
2019-11-04,1262571.36,995581.04,Train,2019,11,4,0,0,4,0,0,-0.5000000000000004,0.8660254037844384,0.0,1.0,0,0,0,1429798.26,1038587.83,4549329.18,3685783.91,2711153.32,2148763.37,1911023.55,1500730.35,2595301.17,2110463.11
2019-11-05,1612667.27,1321321.71,Train,2019,11,5,1,0,4,0,0,-0.5000000000000004,0.8660254037844384,0.7818314824680298,0.6234898018587336,0,0,0,1262571.36,995581.04,4173624.95,3482498.58,2214683.33,1838977.01,2387439.44,1819262.68,2667990.75,2059523.3
2019-11-06,1293265.9,977612.75,Train,2019,11,6,2,0,4,0,0,-0.5000000000000004,0.8660254037844384,0.9749279121818236,-0.22252093395631434,0,0,0,1612667.27,1321321.71,4011152.34,3303293.41,1759141.45,1358481.77,1999285.69,1511800.84,2019349.93,1662050.67
2019-11-07,1946539.7,1520179.67,Train,2019,11,7,3,0,4,0,0,-0.5000000000000004,0.8660254037844384,0.43388373911755823,-0.900968867902419,0,0,0,1293265.9,977612.75,3902622.14,3200919.46,2022900.04,1666320.71,1470915.7,1203719.05,2141247.67,1769789.01
2019-11-08,1109713.24,903061.67,Train,2019,11,8,4,0,4,0,0,-0.5000000000000004,0.8660254037844384,-0.433883739117558,-0.9009688679024191,0,0,0,1946539.7,1520179.67,2457372.77,1859550.39,3187144.16,2421364.94,1397689.65,1162543.67,1913450.02,1511722.76
2019-11-09,2311380.72,1875909.56,Train,2019,11,9,5,1,4,0,0,-0.5000000000000004,0.8660254037844384,-0.9749279121818236,-0.2225209339563146,0,0,0,1109713.24,903061.67,1251673.78,1011108.33,2566324.34,2091249.47,1458507.56,1177103.47,2619129.29,2039164.75
2019-11-10,3011648.48,2352435.67,Train,2019,11,10,6,1,4,0,0,-0.5000000000000004,0.8660254037844384,-0.7818314824680299,0.6234898018587334,0,0,0,2311380.72,1875909.56,1429798.26,1038587.83,2753908.73,2215124.51,2040409.76,1602691.87,2402388.27,1910373.68
2019-11-11,2092297.23,1711092.76,Train,2019,11,11,0,0,4,0,0,-0.5000000000000004,0.8660254037844384,0.0,1.0,0,0,0,3011648.48,2352435.67,1262571.36,995581.04,4549329.18,3685783.91,1557560.26,1243446.67,3568388.14,2844379.91
2019-11-12,2105090.82,1720904.41,Train,2019,11,12,1,0,4,0,0,-0.5000000000000004,0.8660254037844384,0.7818314824680298,0.6234898018587336,0,0,0,2092297.23,1711092.76,1612667.27,1321321.71,4173624.95,3482498.58,2002257.12,1582043.04,2517159.72,2054634.4
2019-11-13,2427345.64,1997625.77,Train,2019,11,13,2,0,4,0,0,-0.5000000000000004,0.8660254037844384,0.9749279121818236,-0.22252093395631434,0,0,0,2105090.82,1720904.41,1293265.9,977612.75,4011152.34,3303293.41,1775994.7,1462978.37,1925203.6,1550255.36
2019-11-14,2269908.4,1766713.41,Train,2019,11,14,3,0,4,0,0,-0.5000000000000004,0.8660254037844384,0.43388373911755823,-0.900968867902419,0,0,0,2427345.64,1997625.77,1946539.7,1520179.67,3902622.14,3200919.46,2018887.59,1548517.17,1687382.45,1226935.5
2019-11-15,2141001.63,1662947.41,Train,2019,11,15,4,0,4,0,0,-0.5000000000000004,0.8660254037844384,-0.433883739117558,-0.9009688679024191,0,0,0,2269908.4,1766713.41,1109713.24,903061.67,2457372.77,1859550.39,1464108.41,1141541.16,2055680.2,1571568.0
2019-11-16,1941582.58,1536690.27,Train,2019,11,16,5,1,4,0,0,-0.5000000000000004,0.8660254037844384,-0.9749279121818236,-0.2225209339563146,0,0,0,2141001.63,1662947.41,2311380.72,1875909.56,1251673.78,1011108.33,1372058.65,1046890.17,2040967.69,1635316.04
2019-11-17,2590750.35,2104287.3,Train,2019,11,17,6,1,4,0,0,-0.5000000000000004,0.8660254037844384,-0.7818314824680299,0.6234898018587334,0,0,0,1941582.58,1536690.27,3011648.48,2352435.67,1429798.26,1038587.83,1653633.26,1278811.6,2025956.74,1601361.16
2019-11-18,2099691.1,1835944.86,Train,2019,11,18,0,0,4,0,0,-0.5000000000000004,0.8660254037844384,0.0,1.0,0,0,1,2590750.35,2104287.3,2092297.23,1711092.76,1262571.36,995581.04,2811323.63,2269521.38,3630560.3,3005034.69
2019-11-19,1303736.25,1077699.56,Train,2019,11,19,1,0,4,0,0,-0.5000000000000004,0.8660254037844384,0.7818314824680298,0.6234898018587336,0,0,1,2099691.1,1835944.86,2105090.82,1720904.41,1612667.27,1321321.71,2844841.01,2392660.05,2171786.9,1822847.47
2019-11-20,1211508.93,1056017.89,Train,2019,11,20,2,0,4,0,0,-0.5000000000000004,0.8660254037844384,0.9749279121818236,-0.22252093395631434,0,0,1,1303736.25,1077699.56,2427345.64,1997625.77,1293265.9,977612.75,2711153.32,2148763.37,2495899.61,2196442.6
2019-11-21,1758120.57,1675422.59,Train,2019,11,21,3,0,4,0,0,-0.5000000000000004,0.8660254037844384,0.43388373911755823,-0.900968867902419,0,0,1,1211508.93,1056017.89,2269908.4,1766713.41,1946539.7,1520179.67,2214683.33,1838977.01,1870994.01,1826252.29
2019-11-22,1717259.82,1683212.87,Train,2019,11,22,4,0,4,0,0,-0.5000000000000004,0.8660254037844384,-0.433883739117558,-0.9009688679024191,0,0,1,1758120.57,1675422.59,2141001.63,1662947.41,1109713.24,903061.67,1759141.45,1358481.77,1690197.81,1647708.27
2019-11-23,1275541.97,1314745.82,Train,2019,11,23,5,1,4,0,0,-0.5000000000000004,0.8660254037844384,-0.9749279121818236,-0.2225209339563146,0,0,1,1717259.82,1683212.87,1941582.58,1536690.27,2311380.72,1875909.56,2022900.04,1666320.71,1647035.11,1656826.5
2019-11-24,1513582.11,1601636.32,Train,2019,11,24,6,1,4,0,0,-0.5000000000000004,0.8660254037844384,-0.7818314824680299,0.6234898018587334,0,0,1,1275541.97,1314745.82,2590750.35,2104287.3,3011648.48,2352435.67,3187144.16,2421364.94,1991985.26,1889498.02
2019-11-25,1823713.36,1796200.75,Train,2019,11,25,0,0,4,0,0,-0.5000000000000004,0.8660254037844384,0.0,1.0,0,0,1,1513582.11,1601636.32,2099691.1,1835944.86,2092297.23,1711092.76,2566324.34,2091249.47,2085511.05,2029509.86
2019-11-26,1658805.72,1632988.64,Train,2019,11,26,1,0,4,0,0,-0.5000000000000004,0.8660254037844384,0.7818314824680298,0.6234898018587336,0,0,1,1823713.36,1796200.75,1303736.25,1077699.56,2105090.82,1720904.41,2753908.73,2215124.51,2543960.96,2433523.18
2019-11-27,1673862.79,1730384.96,Train,2019,11,27,2,0,4,0,0,-0.5000000000000004,0.8660254037844384,0.9749279121818236,-0.22252093395631434,0,0,1,1658805.72,1632988.64,1211508.93,1056017.89,2427345.64,1997625.77,4549329.18,3685783.91,2369522.33,2218838.51
2019-11-28,2283224.58,2385990.97,Train,2019,11,28,3,0,4,0,0,-0.5000000000000004,0.8660254037844384,0.43388373911755823,-0.900968867902419,0,0,1,1673862.79,1730384.96,1758120.57,1675422.59,2269908.4,1766713.41,4173624.95,3482498.58,1733474.59,1753556.92
2019-11-29,1727675.92,1763358.52,Train,2019,11,29,4,0,4,0,0,-0.5000000000000004,0.8660254037844384,-0.433883739117558,-0.9009688679024191,0,0,1,2283224.58,2385990.97,1717259.82,1683212.87,2141001.63,1662947.41,4011152.34,3303293.41,2226459.09,2127649.92
2019-11-30,1706944.78,1590980.52,Train,2019,11,30,5,1,4,0,1,-0.5000000000000004,0.8660254037844384,-0.9749279121818236,-0.2225209339563146,0,0,1,1727675.92,1763358.52,1275541.97,1314745.82,1941582.58,1536690.27,3902622.14,3200919.46,2058963.14,2054767.53
2019-12-01,1570052.1,1541270.84,Train,2019,12,1,6,1,4,1,0,-2.4492935982947064e-16,1.0,-0.7818314824680299,0.6234898018587334,0,0,1,1706944.78,1590980.52,1513582.11,1601636.32,2590750.35,2104287.3,2457372.77,1859550.39,1216044.13,1211686.23
2019-12-02,939051.09,913949.28,Train,2019,12,2,0,0,4,0,0,-2.4492935982947064e-16,1.0,0.0,1.0,0,0,1,1570052.1,1541270.84,1823713.36,1796200.75,2099691.1,1835944.86,1251673.78,1011108.33,977052.29,950959.05
2019-12-03,1049432.49,1050128.15,Train,2019,12,3,1,0,4,0,0,-2.4492935982947064e-16,1.0,0.7818314824680298,0.6234898018587336,0,0,1,939051.09,913949.28,1658805.72,1632988.64,1303736.25,1077699.56,1429798.26,1038587.83,1855981.25,1750191.91
2019-12-04,808148.29,776278.66,Train,2019,12,4,2,0,4,0,0,-2.4492935982947064e-16,1.0,0.9749279121818236,-0.22252093395631434,0,0,1,1049432.49,1050128.15,1673862.79,1730384.96,1211508.93,1056017.89,1262571.36,995581.04,1606060.57,1508604.3
2019-12-05,584316.21,549261.88,Train,2019,12,5,3,0,4,0,0,-2.4492935982947064e-16,1.0,0.43388373911755823,-0.900968867902419,0,0,1,808148.29,776278.66,2283224.58,2385990.97,1758120.57,1675422.59,1612667.27,1321321.71,1085024.44,1036671.25
2019-12-06,1028672.61,965955.9,Train,2019,12,6,4,0,4,0,0,-2.4492935982947064e-16,1.0,-0.433883739117558,-0.9009688679024191,0,0,1,584316.21,549261.88,1727675.92,1763358.52,1717259.82,1683212.87,1293265.9,977612.75,942014.91,946159.68
2019-12-07,1004670.88,991134.01,Train,2019,12,7,5,1,4,0,0,-2.4492935982947064e-16,1.0,-0.9749279121818236,-0.2225209339563146,0,0,1,1028672.61,965955.9,1706944.78,1590980.52,1275541.97,1314745.82,1946539.7,1520179.67,1200649.15,1205634.51
2019-12-08,992442.58,1015934.13,Train,2019,12,8,6,1,4,0,0,-2.4492935982947064e-16,1.0,-0.7818314824680299,0.6234898018587334,0,0,1,1004670.88,991134.01,1570052.1,1541270.84,1513582.11,1601636.32,1109713.24,903061.67,1453175.2,1434521.0
2019-12-09,1419175.87,1414450.62,Train,2019,12,9,0,0,4,0,0,-2.4492935982947064e-16,1.0,0.0,1.0,0,0,1,992442.58,1015934.13,939051.09,913949.28,1823713.36,1796200.75,2311380.72,1875909.56,1834112.01,1791856.09
2019-12-10,902926.09,843652.61,Train,2019,12,10,1,0,4,0,0,-2.4492935982947064e-16,1.0,0.7818314824680298,0.6234898018587336,0,0,1,1419175.87,1414450.62,1049432.49,1050128.15,1658805.72,1632988.64,3011648.48,2352435.67,1719022.37,1695031.78
2019-12-11,1013400.28,984737.87,Train,2019,12,11,2,0,4,0,0,-2.4492935982947064e-16,1.0,0.9749279121818236,-0.22252093395631434,0,0,1,902926.09,843652.61,808148.29,776278.66,1673862.79,1730384.96,2092297.23,1711092.76,1670763.83,1670771.64
2019-12-12,928048.97,925066.67,Train,2019,12,12,3,0,4,0,0,-2.4492935982947064e-16,1.0,0.43388373911755823,-0.900968867902419,0,0,1,1013400.28,984737.87,584316.21,549261.88,2283224.58,2385990.97,2105090.82,1720904.41,1416824.27,1409602.12
2019-12-13,1377941.74,1350365.69,Train,2019,12,13,4,0,4,0,0,-2.4492935982947064e-16,1.0,-0.433883739117558,-0.9009688679024191,0,0,1,928048.97,925066.67,1028672.61,965955.9,1727675.92,1763358.52,2427345.64,1997625.77,1605917.55,1631146.11
2019-12-14,1133983.1,1100467.71,Train,2019,12,14,5,1,4,0,0,-2.4492935982947064e-16,1.0,-0.9749279121818236,-0.2225209339563146,0,0,1,1377941.74,1350365.69,1004670.88,991134.01,1706944.78,1590980.52,2269908.4,1766713.41,1986080.6,1901692.62
2019-12-15,1178357.1,1177403.13,Train,2019,12,15,6,1,4,0,0,-2.4492935982947064e-16,1.0,-0.7818314824680299,0.6234898018587334,0,0,1,1133983.1,1100467.71,992442.58,1015934.13,1570052.1,1541270.84,2141001.63,1662947.41,1761139.67,1649696.47
2019-12-16,2441615.29,2435335.9,Train,2019,12,16,0,0,4,0,0,-2.4492935982947064e-16,1.0,0.0,1.0,0,0,1,1178357.1,1177403.13,1419175.87,1414450.62,939051.09,913949.28,1941582.58,1536690.27,1956185.08,1973002.66
2019-12-17,1509802.09,1466889.03,Train,2019,12,17,1,0,4,0,0,-2.4492935982947064e-16,1.0,0.7818314824680298,0.6234898018587336,0,0,1,2441615.29,2435335.9,902926.09,843652.61,1049432.49,1050128.15,2590750.35,2104287.3,1975625.37,2012021.47
2019-12-18,1081751.46,1118946.01,Train,2019,12,18,2,0,4,0,0,-2.4492935982947064e-16,1.0,0.9749279121818236,-0.22252093395631434,0,0,1,1509802.09,1466889.03,1013400.28,984737.87,808148.29,776278.66,2099691.1,1835944.86,1917848.83,1813056.96
2019-12-19,1755344.65,1729566.17,Train,2019,12,19,3,0,4,0,0,-2.4492935982947064e-16,1.0,0.43388373911755823,-0.900968867902419,0,0,1,1081751.46,1118946.01,928048.97,925066.67,584316.21,549261.88,1303736.25,1077699.56,1548668.19,1537872.76
2019-12-20,1591897.49,1519651.21,Train,2019,12,20,4,0,4,0,0,-2.4492935982947064e-16,1.0,-0.433883739117558,-0.9009688679024191,0,0,1,1755344.65,1729566.17,1377941.74,1350365.69,1028672.61,965955.9,1211508.93,1056017.89,2111859.13,1955020.76
2019-12-21,1604411.0,1557139.8,Train,2019,12,21,5,1,4,0,0,-2.4492935982947064e-16,1.0,-0.9749279121818236,-0.2225209339563146,0,0,1,1591897.49,1519651.21,1133983.1,1100467.71,1004670.88,991134.01,1758120.57,1675422.59,1795780.71,1747996.02
2019-12-22,1998393.15,2053342.91,Train,2019,12,22,6,1,4,0,0,-2.4492935982947064e-16,1.0,-0.7818314824680299,0.6234898018587334,0,0,1,1604411.0,1557139.8,1178357.1,1177403.13,992442.58,1015934.13,1717259.82,1683212.87,1497206.71,1451328.96
2019-12-23,1553261.7,1489890.38,Train,2019,12,23,0,0,4,0,0,-2.4492935982947064e-16,1.0,0.0,1.0,0,0,1,1998393.15,2053342.91,2441615.29,2435335.9,1419175.87,1414450.62,1275541.97,1314745.82,1221387.72,1203158.82
2019-12-24,1516895.67,1497007.31,Train,2019,12,24,1,0,4,0,0,-2.4492935982947064e-16,1.0,0.7818314824680298,0.6234898018587336,0,0,1,1553261.7,1489890.38,1509802.09,1466889.03,902926.09,843652.61,1513582.11,1601636.32,2110373.43,2051630.86
2019-12-25,1299670.93,1288364.93,Train,2019,12,25,2,0,4,0,0,-2.4492935982947064e-16,1.0,0.9749279121818236,-0.22252093395631434,0,0,1,1516895.67,1497007.31,1081751.46,1118946.01,1013400.28,984737.87,1823713.36,1796200.75,1398293.31,1329598.03
2019-12-26,962186.25,831064.78,Train,2019,12,26,3,0,4,0,0,-2.4492935982947064e-16,1.0,0.43388373911755823,-0.900968867902419,0,0,1,1299670.93,1288364.93,1755344.65,1729566.17,928048.97,925066.67,1658805.72,1632988.64,1989426.16,1906954.63
2019-12-27,2014300.3,2077708.75,Train,2019,12,27,4,0,4,0,0,-2.4492935982947064e-16,1.0,-0.433883739117558,-0.9009688679024191,0,0,1,962186.25,831064.78,1591897.49,1519651.21,1377941.74,1350365.69,1673862.79,1730384.96,2379859.2,2336594.02
2019-12-28,3502828.06,3565984.26,Train,2019,12,28,5,1,4,0,0,-2.4492935982947064e-16,1.0,-0.9749279121818236,-0.2225209339563146,0,0,1,2014300.3,2077708.75,1604411.0,1557139.8,1133983.1,1100467.71,2283224.58,2385990.97,4637468.16,4553417.55
2019-12-29,3313547.73,3269447.73,Train,2019,12,29,6,1,4,0,0,-2.4492935982947064e-16,1.0,-0.7818314824680299,0.6234898018587334,0,0,1,3502828.06,3565984.26,1998393.15,2053342.91,1178357.1,1177403.13,1727675.92,1763358.52,4597405.16,4592577.25
2019-12-30,3576704.95,3493583.35,Train,2019,12,30,0,0,4,0,0,-2.4492935982947064e-16,1.0,0.0,1.0,0,0,1,3313547.73,3269447.73,1553261.7,1489890.38,2441615.29,2435335.9,1706944.78,1590980.52,3975279.59,3817470.28
2019-12-31,2778326.07,2777906.18,Train,2019,12,31,1,0,4,0,1,-2.4492935982947064e-16,1.0,0.7818314824680298,0.6234898018587336,0,0,1,3576704.95,3493583.35,1516895.67,1497007.31,1509802.09,1466889.03,1570052.1,1541270.84,3827364.78,3811034.54
2020-01-01,1871817.88,1823332.03,Train,2020,1,1,2,0,1,1,0,0.49999999999999994,0.8660254037844387,0.9749279121818236,-0.22252093395631434,1,0,1,2778326.07,2777906.18,1299670.93,1288364.93,1081751.46,1118946.01,939051.09,913949.28,2430742.1,2422276.45
2020-01-02,306693.87,273455.38,Train,2020,1,2,3,0,1,0,0,0.49999999999999994,0.8660254037844387,0.43388373911755823,-0.900968867902419,0,0,1,1871817.88,1823332.03,962186.25,831064.78,1755344.65,1729566.17,1049432.49,1050128.15,857486.8,611460.51
2020-01-03,766406.86,609099.87,Train,2020,1,3,4,0,1,0,0,0.49999999999999994,0.8660254037844387,-0.433883739117558,-0.9009688679024191,0,0,0,306693.87,273455.38,2014300.3,2077708.75,1591897.49,1519651.21,808148.29,776278.66,1095516.84,931676.57
2020-01-04,888245.03,704147.35,Train,2020,1,4,5,1,1,0,0,0.49999999999999994,0.8660254037844387,-0.9749279121818236,-0.2225209339563146,0,0,0,766406.86,609099.87,3502828.06,3565984.26,1604411.0,1557139.8,584316.21,549261.88,1356732.44,1032253.29
2020-01-05,1285208.07,1020467.61,Train,2020,1,5,6,1,1,0,0,0.49999999999999994,0.8660254037844387,-0.7818314824680299,0.6234898018587334,0,0,0,888245.03,704147.35,3313547.73,3269447.73,1998393.15,2053342.91,1028672.61,965955.9,1752585.71,1344358.95
2020-01-06,970782.47,779316.08,Train,2020,1,6,0,0,1,0,0,0.49999999999999994,0.8660254037844387,0.0,1.0,0,0,0,1285208.07,1020467.61,3576704.95,3493583.35,1553261.7,1489890.38,1004670.88,991134.01,1660128.37,1324455.7
2020-01-07,764267.46,602605.56,Train,2020,1,7,1,0,1,0,0,0.49999999999999994,0.8660254037844387,0.7818314824680298,0.6234898018587336,0,0,0,970782.47,779316.08,2778326.07,2777906.18,1516895.67,1497007.31,992442.58,1015934.13,1936096.71,1554210.1
2020-01-08,1107287.26,894624.14,Train,2020,1,8,2,0,1,0,0,0.49999999999999994,0.8660254037844387,0.9749279121818236,-0.22252093395631434,0,0,0,764267.46,602605.56,1871817.88,1823332.03,1299670.93,1288364.93,1419175.87,1414450.62,1715399.79,1347590.83
2020-01-09,1056334.6,871321.63,Train,2020,1,9,3,0,1,0,0,0.49999999999999994,0.8660254037844387,0.43388373911755823,-0.900968867902419,0,0,0,1107287.26,894624.14,306693.87,273455.38,962186.25,831064.78,902926.09,843652.61,1858318.85,1516237.67
2020-01-10,1052535.45,809623.15,Train,2020,1,10,4,0,1,0,0,0.49999999999999994,0.8660254037844387,-0.433883739117558,-0.9009688679024191,0,0,0,1056334.6,871321.63,766406.86,609099.87,2014300.3,2077708.75,1013400.28,984737.87,1259650.79,1032558.86
2020-01-11,1482481.4,1217653.88,Train,2020,1,11,5,1,1,0,0,0.49999999999999994,0.8660254037844387,-0.9749279121818236,-0.2225209339563146,0,0,0,1052535.45,809623.15,888245.03,704147.35,3502828.06,3565984.26,928048.97,925066.67,2153841.45,1671962.72
2020-01-12,1377373.92,1076992.76,Train,2020,1,12,6,1,1,0,0,0.49999999999999994,0.8660254037844387,-0.7818314824680299,0.6234898018587334,0,0,0,1482481.4,1217653.88,1285208.07,1020467.61,3313547.73,3269447.73,1377941.74,1350365.69,2073990.81,1674370.35
2020-01-13,1823598.04,1448101.5,Train,2020,1,13,0,0,1,0,0,0.49999999999999994,0.8660254037844387,0.0,1.0,0,0,0,1377373.92,1076992.76,970782.47,779316.08,3576704.95,3493583.35,1133983.1,1100467.71,3354624.45,2671314.89
2020-01-14,1243925.22,978766.56,Train,2020,1,14,1,0,1,0,0,0.49999999999999994,0.8660254037844387,0.7818314824680298,0.6234898018587336,0,0,0,1823598.04,1448101.5,764267.46,602605.56,2778326.07,2777906.18,1178357.1,1177403.13,2361690.18,1807957.6
2020-01-15,1380005.06,1018100.72,Train,2020,1,15,2,0,1,0,0,0.49999999999999994,0.8660254037844387,0.9749279121818236,-0.22252093395631434,0,0,0,1243925.22,978766.56,1107287.26,894624.14,1871817.88,1823332.03,2441615.29,2435335.9,1504083.3,1181548.42
2020-01-16,1030944.9,795470.95,Train,2020,1,16,3,0,1,0,0,0.49999999999999994,0.8660254037844387,0.43388373911755823,-0.900968867902419,0,0,0,1380005.06,1018100.72,1056334.6,871321.63,306693.87,273455.38,1509802.09,1466889.03,1724908.79,1349961.65
2020-01-17,1830660.94,1431085.31,Train,2020,1,17,4,0,1,0,0,0.49999999999999994,0.8660254037844387,-0.433883739117558,-0.9009688679024191,0,0,0,1030944.9,795470.95,1052535.45,809623.15,766406.86,609099.87,1081751.46,1118946.01,2280332.07,1816414.62
2020-01-18,1766837.19,1324243.87,Train,2020,1,18,5,1,1,0,0,0.49999999999999994,0.8660254037844387,-0.9749279121818236,-0.2225209339563146,0,0,0,1830660.94,1431085.31,1482481.4,1217653.88,888245.03,704147.35,1755344.65,1729566.17,1474326.17,1227149.16
2020-01-19,1524971.65,1235381.65,Train,2020,1,19,6,1,1,0,0,0.49999999999999994,0.8660254037844387,-0.7818314824680299,0.6234898018587334,0,0,0,1766837.19,1324243.87,1377373.92,1076992.76,1285208.07,1020467.61,1591897.49,1519651.21,1754206.62,1335367.18
2020-01-20,1754063.39,1357099.14,Train,2020,1,20,0,0,1,0,0,0.49999999999999994,0.8660254037844387,0.0,1.0,0,0,0,1524971.65,1235381.65,1823598.04,1448101.5,970782.47,779316.08,1604411.0,1557139.8,3160071.59,2517012.51
2020-01-21,1339757.99,1058996.46,Train,2020,1,21,1,0,1,0,0,0.49999999999999994,0.8660254037844387,0.7818314824680298,0.6234898018587336,0,0,0,1754063.39,1357099.14,1243925.22,978766.56,764267.46,602605.56,1998393.15,2053342.91,2299476.91,1856585.16
2020-01-22,1519425.6,1259362.61,Train,2020,1,22,2,0,1,0,0,0.49999999999999994,0.8660254037844387,0.9749279121818236,-0.22252093395631434,0,0,0,1339757.99,1058996.46,1380005.06,1018100.72,1107287.26,894624.14,1553261.7,1489890.38,2108562.98,1708188.75
2020-01-23,1004242.27,765471.69,Train,2020,1,23,3,0,1,0,0,0.49999999999999994,0.8660254037844387,0.43388373911755823,-0.900968867902419,0,0,0,1519425.6,1259362.61,1030944.9,795470.95,1056334.6,871321.63,1516895.67,1497007.31,1826741.5,1369479.14
2020-01-24,1704378.2,1375285.81,Train,2020,1,24,4,0,1,0,0,0.49999999999999994,0.8660254037844387,-0.433883739117558,-0.9009688679024191,0,0,0,1004242.27,765471.69,1830660.94,1431085.31,1052535.45,809623.15,1299670.93,1288364.93,2523490.79,2014906.08
2020-01-25,1822074.98,1406914.83,Train,2020,1,25,5,1,1,0,0,0.49999999999999994,0.8660254037844387,-0.9749279121818236,-0.2225209339563146,0,0,0,1704378.2,1375285.81,1766837.19,1324243.87,1482481.4,1217653.88,962186.25,831064.78,2014411.34,1674040.36
2020-01-26,2456410.62,1973809.59,Train,2020,1,26,6,1,1,0,0,0.49999999999999994,0.8660254037844387,-0.7818314824680299,0.6234898018587334,0,0,0,1822074.98,1406914.83,1524971.65,1235381.65,1377373.92,1076992.76,2014300.3,2077708.75,2940618.52,2385985.7
2020-01-27,3063079.4,2398030.81,Train,2020,1,27,0,0,1,0,0,0.49999999999999994,0.8660254037844387,0.0,1.0,0,0,0,2456410.62,1973809.59,1754063.39,1357099.14,1823598.04,1448101.5,3502828.06,3565984.26,4391507.1,3459322.38
2020-01-28,2756106.46,2116903.62,Train,2020,1,28,1,0,1,0,0,0.49999999999999994,0.8660254037844387,0.7818314824680298,0.6234898018587336,0,0,0,3063079.4,2398030.81,1339757.99,1058996.46,1243925.22,978766.56,3313547.73,3269447.73,4748349.69,3779471.66
2020-01-29,2649423.01,2056424.25,Train,2020,1,29,2,0,1,0,0,0.49999999999999994,0.8660254037844387,0.9749279121818236,-0.22252093395631434,0,0,0,2756106.46,2116903.62,1519425.6,1259362.61,1380005.06,1018100.72,3576704.95,3493583.35,4822586.51,3839462.75
2020-01-30,2487204.75,2078176.85,Train,2020,1,30,3,0,1,0,0,0.49999999999999994,0.8660254037844387,0.43388373911755823,-0.900968867902419,0,0,0,2649423.01,2056424.25,1004242.27,765471.69,1030944.9,795470.95,2778326.07,2777906.18,3962494.16,3161585.88
2020-01-31,1641713.06,1229647.19,Train,2020,1,31,4,0,1,0,1,0.49999999999999994,0.8660254037844387,-0.433883739117558,-0.9009688679024191,0,0,0,2487204.75,2078176.85,1704378.2,1375285.81,1830660.94,1431085.31,1871817.88,1823332.03,3557233.24,2914824.87
2020-02-01,1463943.76,1142123.1,Train,2020,2,1,5,1,1,1,0,0.8660254037844386,0.5000000000000001,-0.9749279121818236,-0.2225209339563146,0,0,0,1641713.06,1229647.19,1822074.98,1406914.83,1766837.19,1324243.87,306693.87,273455.38,2922884.32,2311260.65
2020-02-02,1093114.88,845764.23,Train,2020,2,2,6,1,1,0,0,0.8660254037844386,0.5000000000000001,-0.7818314824680299,0.6234898018587334,0,0,0,1463943.76,1142123.1,2456410.62,1973809.59,1524971.65,1235381.65,766406.86,609099.87,1988116.58,1648391.91
2020-02-03,1316072.4,1043180.49,Train,2020,2,3,0,0,1,0,0,0.8660254037844386,0.5000000000000001,0.0,1.0,0,0,0,1093114.88,845764.23,3063079.4,2398030.81,1754063.39,1357099.14,888245.03,704147.35,2075616.33,1663159.13
2020-02-04,1029616.88,806175.81,Train,2020,2,4,1,0,1,0,0,0.8660254037844386,0.5000000000000001,0.7818314824680298,0.6234898018587336,0,0,0,1316072.4,1043180.49,2756106.46,2116903.62,1339757.99,1058996.46,1285208.07,1020467.61,1690969.52,1412906.86
2020-02-05,1584431.42,1282491.8,Train,2020,2,5,2,0,1,0,0,0.8660254037844386,0.5000000000000001,0.9749279121818236,-0.22252093395631434,0,0,0,1029616.88,806175.81,2649423.01,2056424.25,1519425.6,1259362.61,970782.47,779316.08,1648913.11,1341931.74
2020-02-06,1426441.72,1176781.21,Train,2020,2,6,3,0,1,0,0,0.8660254037844386,0.5000000000000001,0.43388373911755823,-0.900968867902419,0,0,0,1584431.42,1282491.8,2487204.75,2078176.85,1004242.27,765471.69,764267.46,602605.56,2019237.55,1620812.0
2020-02-07,1459386.86,1149577.39,Train,2020,2,7,4,0,1,0,0,0.8660254037844386,0.5000000000000001,-0.433883739117558,-0.9009688679024191,0,0,0,1426441.72,1176781.21,1641713.06,1229647.19,1704378.2,1375285.81,1107287.26,894624.14,1807804.86,1498934.77
2020-02-08,2184212.09,1826022.53,Train,2020,2,8,5,1,1,0,0,0.8660254037844386,0.5000000000000001,-0.9749279121818236,-0.2225209339563146,0,0,0,1459386.86,1149577.39,1463943.76,1142123.1,1822074.98,1406914.83,1056334.6,871321.63,1887002.96,1514639.32
2020-02-09,2055783.58,1523755.95,Train,2020,2,9,6,1,1,0,0,0.8660254037844386,0.5000000000000001,-0.7818314824680299,0.6234898018587334,0,0,0,2184212.09,1826022.53,1093114.88,845764.23,2456410.62,1973809.59,1052535.45,809623.15,2204244.85,1794590.32
2020-02-10,2291998.17,1847054.74,Train,2020,2,10,0,0,1,0,0,0.8660254037844386,0.5000000000000001,0.0,1.0,0,0,0,2055783.58,1523755.95,1316072.4,1043180.49,3063079.4,2398030.81,1482481.4,1217653.88,2992194.41,2405467.55
2020-02-11,1213349.37,971610.69,Train,2020,2,11,1,0,1,0,0,0.8660254037844386,0.5000000000000001,0.7818314824680298,0.6234898018587336,0,0,0,2291998.17,1847054.74,1029616.88,806175.81,2756106.46,2116903.62,1377373.92,1076992.76,3050258.51,2505704.13
2020-02-12,1321005.73,1096334.73,Train,2020,2,12,2,0,1,0,0,0.8660254037844386,0.5000000000000001,0.9749279121818236,-0.22252093395631434,0,0,0,1213349.37,971610.69,1584431.42,1282491.8,2649423.01,2056424.25,1823598.04,1448101.5,2270445.76,1865294.51
2020-02-13,1581431.75,1352362.12,Train,2020,2,13,3,0,1,0,0,0.8660254037844386,0.5000000000000001,0.43388373911755823,-0.900968867902419,0,0,0,1321005.73,1096334.73,1426441.72,1176781.21,2487204.75,2078176.85,1243925.22,978766.56,2305149.57,1875958.77
2020-02-14,2037539.68,1651978.34,Train,2020,2,14,4,0,1,0,0,0.8660254037844386,0.5000000000000001,-0.433883739117558,-0.9009688679024191,0,0,0,1581431.75,1352362.12,1459386.86,1149577.39,1641713.06,1229647.19,1380005.06,1018100.72,2959207.82,2441504.63
2020-02-15,2021731.66,1579252.08,Train,2020,2,15,5,1,1,0,0,0.8660254037844386,0.5000000000000001,-0.9749279121818236,-0.2225209339563146,0,0,0,2037539.68,1651978.34,2184212.09,1826022.53,1463943.76,1142123.1,1030944.9,795470.95,2813189.48,2241015.21
2020-02-16,2850540.94,2254151.72,Train,2020,2,16,6,1,1,0,0,0.8660254037844386,0.5000000000000001,-0.7818314824680299,0.6234898018587334,0,0,0,2021731.66,1579252.08,2055783.58,1523755.95,1093114.88,845764.23,1830660.94,1431085.31,2890421.0,2337140.26
2020-02-17,3027388.85,2358428.94,Train,2020,2,17,0,0,1,0,0,0.8660254037844386,0.5000000000000001,0.0,1.0,0,0,0,2850540.94,2254151.72,2291998.17,1847054.74,1316072.4,1043180.49,1766837.19,1324243.87,3658575.54,2895275.54
2020-02-18,1906269.53,1488503.07,Train,2020,2,18,1,0,1,0,0,0.8660254037844386,0.5000000000000001,0.7818314824680298,0.6234898018587336,0,0,0,3027388.85,2358428.94,1213349.37,971610.69,1029616.88,806175.81,1524971.65,1235381.65,4680433.34,3760557.76
2020-02-19,2587869.93,2040282.29,Train,2020,2,19,2,0,1,0,0,0.8660254037844386,0.5000000000000001,0.9749279121818236,-0.22252093395631434,0,0,0,1906269.53,1488503.07,1321005.73,1096334.73,1584431.42,1282491.8,1754063.39,1357099.14,1783513.49,1498699.8
2020-02-20,2179252.94,1655887.69,Train,2020,2,20,3,0,1,0,0,0.8660254037844386,0.5000000000000001,0.43388373911755823,-0.900968867902419,0,0,0,2587869.93,2040282.29,1581431.75,1352362.12,1426441.72,1176781.21,1339757.99,1058996.46,3142305.74,2556936.4
2020-02-21,1875282.27,1484938.15,Train,2020,2,21,4,0,1,0,0,0.8660254037844386,0.5000000000000001,-0.433883739117558,-0.9009688679024191,0,0,0,2179252.94,1655887.69,2037539.68,1651978.34,1459386.86,1149577.39,1519425.6,1259362.61,3225995.91,2685076.1
2020-02-22,2816611.42,2298912.93,Train,2020,2,22,5,1,1,0,0,0.8660254037844386,0.5000000000000001,-0.9749279121818236,-0.2225209339563146,0,0,0,1875282.27,1484938.15,2021731.66,1579252.08,2184212.09,1826022.53,1004242.27,765471.69,2981029.98,2400898.37
2020-02-23,3660447.62,2943311.48,Train,2020,2,23,6,1,1,0,0,0.8660254037844386,0.5000000000000001,-0.7818314824680299,0.6234898018587334,0,0,0,2816611.42,2298912.93,2850540.94,2254151.72,2055783.58,1523755.95,1704378.2,1375285.81,3243671.03,2744035.42
2020-02-24,4913668.98,3894010.08,Train,2020,2,24,0,0,1,0,0,0.8660254037844386,0.5000000000000001,0.0,1.0,0,0,0,3660447.62,2943311.48,3027388.85,2358428.94,2291998.17,1847054.74,1822074.98,1406914.83,4659488.7,3774721.6
2020-02-25,3883383.17,3094926.07,Train,2020,2,25,1,0,1,0,0,0.8660254037844386,0.5000000000000001,0.7818314824680298,0.6234898018587336,0,0,0,4913668.98,3894010.08,1906269.53,1488503.07,1213349.37,971610.69,2456410.62,1973809.59,6710330.49,5461991.46
2020-02-26,3776016.2,3155920.72,Train,2020,2,26,2,0,1,0,0,0.8660254037844386,0.5000000000000001,0.9749279121818236,-0.22252093395631434,0,0,0,3883383.17,3094926.07,2587869.93,2040282.29,1321005.73,1096334.73,3063079.4,2398030.81,5143906.53,4181682.12
2020-02-27,2799802.2,2267130.6,Train,2020,2,27,3,0,1,0,0,0.8660254037844386,0.5000000000000001,0.43388373911755823,-0.900968867902419,0,0,0,3776016.2,3155920.72,2179252.94,1655887.69,1581431.75,1352362.12,2756106.46,2116903.62,4911504.39,3881267.76
2020-02-28,1651589.28,1198881.14,Train,2020,2,28,4,0,1,0,0,0.8660254037844386,0.5000000000000001,-0.433883739117558,-0.9009688679024191,0,0,0,2799802.2,2267130.6,1875282.27,1484938.15,2037539.68,1651978.34,2649423.01,2056424.25,3391644.13,2722597.05
2020-02-29,440505.08,389641.44,Train,2020,2,29,5,1,1,0,1,0.8660254037844386,0.5000000000000001,-0.9749279121818236,-0.2225209339563146,0,0,0,1651589.28,1198881.14,2816611.42,2298912.93,2021731.66,1579252.08,2487204.75,2078176.85,2228532.66,1861831.11
2020-03-01,574193.42,436323.03,Train,2020,3,1,6,1,1,1,0,1.0,6.123233995736766e-17,-0.7818314824680299,0.6234898018587334,0,0,0,440505.08,389641.44,3660447.62,2943311.48,2850540.94,2254151.72,1641713.06,1229647.19,662215.74,563992.66
2020-03-02,723891.53,597321.16,Train,2020,3,2,0,0,1,0,0,1.0,6.123233995736766e-17,0.0,1.0,0,0,0,574193.42,436323.03,4913668.98,3894010.08,3027388.85,2358428.94,1463943.76,1142123.1,925441.51,757846.4
2020-03-03,943222.71,762767.07,Train,2020,3,3,1,0,1,0,0,1.0,6.123233995736766e-17,0.7818314824680298,0.6234898018587336,0,0,0,723891.53,597321.16,3883383.17,3094926.07,1906269.53,1488503.07,1093114.88,845764.23,1915592.53,1559541.64
2020-03-04,1909614.63,1505586.81,Train,2020,3,4,2,0,1,0,0,1.0,6.123233995736766e-17,0.9749279121818236,-0.22252093395631434,0,0,0,943222.71,762767.07,3776016.2,3155920.72,2587869.93,2040282.29,1316072.4,1043180.49,2386338.6,1912200.04
2020-03-05,2333220.72,1843371.65,Train,2020,3,5,3,0,1,0,0,1.0,6.123233995736766e-17,0.43388373911755823,-0.900968867902419,0,0,0,1909614.63,1505586.81,2799802.2,2267130.6,2179252.94,1655887.69,1029616.88,806175.81,3341337.75,2745260.51
2020-03-06,1511362.89,1171921.71,Train,2020,3,6,4,0,1,0,0,1.0,6.123233995736766e-17,-0.433883739117558,-0.9009688679024191,0,0,0,2333220.72,1843371.65,1651589.28,1198881.14,1875282.27,1484938.15,1584431.42,1282491.8,2432557.33,1818192.91
2020-03-07,1871812.61,1532326.46,Train,2020,3,7,5,1,1,0,0,1.0,6.123233995736766e-17,-0.9749279121818236,-0.2225209339563146,0,0,0,1511362.89,1171921.71,440505.08,389641.44,2816611.42,2298912.93,1426441.72,1176781.21,2666858.91,2181539.6
2020-03-08,2407053.63,1849597.49,Train,2020,3,8,6,1,1,0,0,1.0,6.123233995736766e-17,-0.7818314824680299,0.6234898018587334,0,0,0,1871812.61,1532326.46,574193.42,436323.03,3660447.62,2943311.48,1459386.86,1149577.39,3019892.33,2454977.33
2020-03-09,2614688.4,2090705.98,Train,2020,3,9,0,0,1,0,0,1.0,6.123233995736766e-17,0.0,1.0,0,0,0,2407053.63,1849597.49,723891.53,597321.16,4913668.98,3894010.08,2184212.09,1826022.53,2681616.97,2134676.6
2020-03-10,2160515.74,1668007.68,Train,2020,3,10,1,0,1,0,0,1.0,6.123233995736766e-17,0.7818314824680298,0.6234898018587336,0,0,0,2614688.4,2090705.98,943222.71,762767.07,3883383.17,3094926.07,2055783.58,1523755.95,2420084.85,1983304.37
2020-03-11,3433278.78,2692451.6,Train,2020,3,11,2,0,1,0,0,1.0,6.123233995736766e-17,0.9749279121818236,-0.22252093395631434,0,0,0,2160515.74,1668007.68,1909614.63,1505586.81,3776016.2,3155920.72,2291998.17,1847054.74,3925730.26,3314125.8
2020-03-12,4588363.52,3791750.44,Train,2020,3,12,3,0,1,0,0,1.0,6.123233995736766e-17,0.43388373911755823,-0.900968867902419,0,0,0,3433278.78,2692451.6,2333220.72,1843371.65,2799802.2,2267130.6,1213349.37,971610.69,5148543.25,4034220.49
2020-03-13,3021810.51,2369481.88,Train,2020,3,13,4,0,1,0,0,1.0,6.123233995736766e-17,-0.433883739117558,-0.9009688679024191,0,0,0,4588363.52,3791750.44,1511362.89,1171921.71,1651589.28,1198881.14,1321005.73,1096334.73,4367141.68,3458729.41
2020-03-14,2973651.06,2401421.48,Train,2020,3,14,5,1,1,0,0,1.0,6.123233995736766e-17,-0.9749279121818236,-0.2225209339563146,0,0,0,3021810.51,2369481.88,1871812.61,1532326.46,440505.08,389641.44,1581431.75,1352362.12,3296671.21,2596766.78
2020-03-15,3221293.98,2639677.91,Train,2020,3,15,6,1,1,0,0,1.0,6.123233995736766e-17,-0.7818314824680299,0.6234898018587334,0,0,0,2973651.06,2401421.48,2407053.63,1849597.49,574193.42,436323.03,2037539.68,1651978.34,2593942.24,2020686.01
2020-03-16,3825962.41,3158330.02,Train,2020,3,16,0,0,1,0,0,1.0,6.123233995736766e-17,0.0,1.0,0,0,0,3221293.98,2639677.91,2614688.4,2090705.98,723891.53,597321.16,2021731.66,1579252.08,3647905.41,2976722.37
2020-03-17,3337087.52,2593918.94,Train,2020,3,17,1,0,1,0,0,1.0,6.123233995736766e-17,0.7818314824680298,0.6234898018587336,0,0,0,3825962.41,3158330.02,2160515.74,1668007.68,943222.71,762767.07,2850540.94,2254151.72,4462652.85,3659897.03
2020-03-18,4361415.01,3636509.4,Train,2020,3,18,2,0,1,0,0,1.0,6.123233995736766e-17,0.9749279121818236,-0.22252093395631434,0,0,1,3337087.52,2593918.94,3433278.78,2692451.6,1909614.63,1505586.81,3027388.85,2358428.94,4580736.76,3861332.4
2020-03-19,4192556.63,3408251.62,Train,2020,3,19,3,0,1,0,0,1.0,6.123233995736766e-17,0.43388373911755823,-0.900968867902419,0,0,1,4361415.01,3636509.4,4588363.52,3791750.44,2333220.72,1843371.65,1906269.53,1488503.07,5766530.12,4960357.22
2020-03-20,4714923.6,4026187.52,Train,2020,3,20,4,0,1,0,0,1.0,6.123233995736766e-17,-0.433883739117558,-0.9009688679024191,0,0,1,4192556.63,3408251.62,3021810.51,2369481.88,1511362.89,1171921.71,2587869.93,2040282.29,4408617.11,3962414.33
2020-03-21,3786624.27,3364585.08,Train,2020,3,21,5,1,1,0,0,1.0,6.123233995736766e-17,-0.9749279121818236,-0.2225209339563146,0,0,1,4714923.6,4026187.52,2973651.06,2401421.48,1871812.61,1532326.46,2179252.94,1655887.69,3610928.89,3304221.4
2020-03-22,3660217.49,3308325.46,Train,2020,3,22,6,1,1,0,0,1.0,6.123233995736766e-17,-0.7818314824680299,0.6234898018587334,0,0,1,3786624.27,3364585.08,3221293.98,2639677.91,2407053.63,1849597.49,1875282.27,1484938.15,3582976.25,3279702.06
2020-03-23,4599846.79,4217636.5,Train,2020,3,23,0,0,1,0,0,1.0,6.123233995736766e-17,0.0,1.0,0,0,1,3660217.49,3308325.46,3825962.41,3158330.02,2614688.4,2090705.98,2816611.42,2298912.93,4240123.5,3766823.0
2020-03-24,3777061.29,3491500.34,Train,2020,3,24,1,0,1,0,0,1.0,6.123233995736766e-17,0.7818314824680298,0.6234898018587336,0,0,1,4599846.79,4217636.5,3337087.52,2593918.94,2160515.74,1668007.68,3660447.62,2943311.48,4446564.37,4012232.01
2020-03-25,5473119.8,4913905.47,Train,2020,3,25,2,0,1,0,0,1.0,6.123233995736766e-17,0.9749279121818236,-0.22252093395631434,0,0,1,3777061.29,3491500.34,4361415.01,3636509.4,3433278.78,2692451.6,4913668.98,3894010.08,5345042.2,4766707.57
2020-03-26,4976074.87,4486016.71,Train,2020,3,26,3,0,1,0,0,1.0,6.123233995736766e-17,0.43388373911755823,-0.900968867902419,0,0,1,5473119.8,4913905.47,4192556.63,3408251.62,4588363.52,3791750.44,3883383.17,3094926.07,6535411.89,5978075.49
2020-03-27,5292649.55,4770553.08,Train,2020,3,27,4,0,1,0,0,1.0,6.123233995736766e-17,-0.433883739117558,-0.9009688679024191,0,0,1,4976074.87,4486016.71,4714923.6,4026187.52,3021810.51,2369481.88,3776016.2,3155920.72,5315964.12,4667097.61
2020-03-28,4107108.15,3626441.43,Train,2020,3,28,5,1,1,0,0,1.0,6.123233995736766e-17,-0.9749279121818236,-0.2225209339563146,0,0,1,5292649.55,4770553.08,3786624.27,3364585.08,2973651.06,2401421.48,2799802.2,2267130.6,4309156.23,3848197.98
2020-03-29,4853424.1,4204693.19,Train,2020,3,29,6,1,1,0,0,1.0,6.123233995736766e-17,-0.7818314824680299,0.6234898018587334,0,0,1,4107108.15,3626441.43,3660217.49,3308325.46,3221293.98,2639677.91,1651589.28,1198881.14,9442671.99,8583254.53
2020-03-30,8661154.35,7724558.44,Train,2020,3,30,0,0,1,0,0,1.0,6.123233995736766e-17,0.0,1.0,0,0,1,4853424.1,4204693.19,4599846.79,4217636.5,3825962.41,3158330.02,440505.08,389641.44,7501232.88,6774268.33
2020-03-31,7897174.25,7105527.86,Train,2020,3,31,1,0,1,0,1,1.0,6.123233995736766e-17,0.7818314824680298,0.6234898018587336,0,0,1,8661154.35,7724558.44,3777061.29,3491500.34,3337087.52,2593918.94,574193.42,436323.03,7842271.08,7122821.67
2020-04-01,8755809.46,7957568.75,Train,2020,4,1,2,0,2,1,0,0.8660254037844387,-0.4999999999999998,0.9749279121818236,-0.22252093395631434,0,0,1,7897174.25,7105527.86,5473119.8,4913905.47,4361415.01,3636509.4,723891.53,597321.16,6799630.38,6231069.37
2020-04-02,7577709.18,6681340.51,Train,2020,4,2,3,0,2,0,0,0.8660254037844387,-0.4999999999999998,0.43388373911755823,-0.900968867902419,0,0,1,8755809.46,7957568.75,4976074.87,4486016.71,4192556.63,3408251.62,943222.71,762767.07,6787287.3,6224164.42
2020-04-03,6784809.88,6004344.42,Train,2020,4,3,4,0,2,0,0,0.8660254037844387,-0.4999999999999998,-0.433883739117558,-0.9009688679024191,0,0,1,7577709.18,6681340.51,5292649.55,4770553.08,4714923.6,4026187.52,1909614.63,1505586.81,2048272.63,1722283.77
2020-04-04,2596249.84,2421613.19,Train,2020,4,4,5,1,2,0,0,0.8660254037844387,-0.4999999999999998,-0.9749279121818236,-0.2225209339563146,0,0,1,6784809.88,6004344.42,4107108.15,3626441.43,3786624.27,3364585.08,2333220.72,1843371.65,1919484.59,1795248.81
2020-04-05,2270549.35,2115323.24,Train,2020,4,5,6,1,2,0,0,0.8660254037844387,-0.4999999999999998,-0.7818314824680299,0.6234898018587334,0,0,1,2596249.84,2421613.19,4853424.1,4204693.19,3660217.49,3308325.46,1511362.89,1171921.71,2259659.48,2043470.72
2020-04-06,2174513.69,1986210.77,Train,2020,4,6,0,0,2,0,0,0.8660254037844387,-0.4999999999999998,0.0,1.0,0,0,1,2270549.35,2115323.24,8661154.35,7724558.44,4599846.79,4217636.5,1871812.61,1532326.46,2241076.34,2042622.76
2020-04-07,2970609.75,2686271.15,Train,2020,4,7,1,0,2,0,0,0.8660254037844387,-0.4999999999999998,0.7818314824680298,0.6234898018587336,0,0,1,2174513.69,1986210.77,7897174.25,7105527.86,3777061.29,3491500.34,2407053.63,1849597.49,3104721.28,2774939.49
2020-04-08,4245321.13,3850661.27,Train,2020,4,8,2,0,2,0,0,0.8660254037844387,-0.4999999999999998,0.9749279121818236,-0.22252093395631434,0,0,1,2970609.75,2686271.15,8755809.46,7957568.75,5473119.8,4913905.47,2614688.4,2090705.98,3989319.25,3630481.23
2020-04-09,3887991.65,3427172.36,Train,2020,4,9,3,0,2,0,0,0.8660254037844387,-0.4999999999999998,0.43388373911755823,-0.900968867902419,0,0,1,4245321.13,3850661.27,7577709.18,6681340.51,4976074.87,4486016.71,2160515.74,1668007.68,3426420.13,3160123.01
2020-04-10,3023393.36,2760209.97,Train,2020,4,10,4,0,2,0,0,0.8660254037844387,-0.4999999999999998,-0.433883739117558,-0.9009688679024191,0,0,1,3887991.65,3427172.36,6784809.88,6004344.42,5292649.55,4770553.08,3433278.78,2692451.6,3579994.96,3276911.01
2020-04-11,3732689.24,3332780.74,Train,2020,4,11,5,1,2,0,0,0.8660254037844387,-0.4999999999999998,-0.9749279121818236,-0.2225209339563146,0,0,1,3023393.36,2760209.97,2596249.84,2421613.19,4107108.15,3626441.43,4588363.52,3791750.44,3059845.93,2753429.2
2020-04-12,2907846.49,2591717.12,Train,2020,4,12,6,1,2,0,0,0.8660254037844387,-0.4999999999999998,-0.7818314824680299,0.6234898018587334,0,0,1,3732689.24,3332780.74,2270549.35,2115323.24,4853424.1,4204693.19,3021810.51,2369481.88,3248777.0,3006192.84
2020-04-13,3947462.22,3605060.08,Train,2020,4,13,0,0,2,0,0,0.8660254037844387,-0.4999999999999998,0.0,1.0,0,0,1,2907846.49,2591717.12,2174513.69,1986210.77,8661154.35,7724558.44,2973651.06,2401421.48,4002434.76,3635296.53
2020-04-14,3808658.46,3373247.72,Train,2020,4,14,1,0,2,0,0,0.8660254037844387,-0.4999999999999998,0.7818314824680298,0.6234898018587336,0,0,1,3947462.22,3605060.08,2970609.75,2686271.15,7897174.25,7105527.86,3221293.98,2639677.91,3468600.1,3009772.87
2020-04-15,4628778.3,3891917.12,Train,2020,4,15,2,0,2,0,0,0.8660254037844387,-0.4999999999999998,0.9749279121818236,-0.22252093395631434,0,0,1,3808658.46,3373247.72,4245321.13,3850661.27,8755809.46,7957568.75,3825962.41,3158330.02,5005921.07,4277532.29
2020-04-16,4375989.59,3596667.75,Train,2020,4,16,3,0,2,0,0,0.8660254037844387,-0.4999999999999998,0.43388373911755823,-0.900968867902419,0,0,1,4628778.3,3891917.12,3887991.65,3427172.36,7577709.18,6681340.51,3337087.52,2593918.94,4866105.58,3844447.57
2020-04-17,4558971.27,3709799.59,Train,2020,4,17,4,0,2,0,0,0.8660254037844387,-0.4999999999999998,-0.433883739117558,-0.9009688679024191,0,0,1,4375989.59,3596667.75,3023393.36,2760209.97,6784809.88,6004344.42,4361415.01,3636509.4,3458407.78,2689432.07
2020-04-18,3884483.75,3074401.15,Train,2020,4,18,5,1,2,0,0,0.8660254037844387,-0.4999999999999998,-0.9749279121818236,-0.2225209339563146,0,0,0,4558971.27,3709799.59,3732689.24,3332780.74,2596249.84,2421613.19,4192556.63,3408251.62,3282803.64,2507866.68
2020-04-19,5420905.61,4354985.3,Train,2020,4,19,6,1,2,0,0,0.8660254037844387,-0.4999999999999998,-0.7818314824680299,0.6234898018587334,0,0,0,3884483.75,3074401.15,2907846.49,2591717.12,2270549.35,2115323.24,4714923.6,4026187.52,3583833.11,2817340.98
2020-04-20,3709374.1,2922517.52,Train,2020,4,20,0,0,2,0,0,0.8660254037844387,-0.4999999999999998,0.0,1.0,0,0,0,5420905.61,4354985.3,3947462.22,3605060.08,2174513.69,1986210.77,3786624.27,3364585.08,4280648.65,3400564.11
2020-04-21,3772726.0,2994859.61,Train,2020,4,21,1,0,2,0,0,0.8660254037844387,-0.4999999999999998,0.7818314824680298,0.6234898018587336,0,0,0,3709374.1,2922517.52,3808658.46,3373247.72,2970609.75,2686271.15,3660217.49,3308325.46,5111723.35,4071500.83
2020-04-22,5657450.97,4439369.34,Train,2020,4,22,2,0,2,0,0,0.8660254037844387,-0.4999999999999998,0.9749279121818236,-0.22252093395631434,0,0,0,3772726.0,2994859.61,4628778.3,3891917.12,4245321.13,3850661.27,4599846.79,4217636.5,6076381.37,4899064.86
2020-04-23,5173024.12,4119922.93,Train,2020,4,23,3,0,2,0,0,0.8660254037844387,-0.4999999999999998,0.43388373911755823,-0.900968867902419,0,0,0,5657450.97,4439369.34,4375989.59,3596667.75,3887991.65,3427172.36,3777061.29,3491500.34,6020945.99,4856675.57
2020-04-24,3753095.45,2970279.3,Train,2020,4,24,4,0,2,0,0,0.8660254037844387,-0.4999999999999998,-0.433883739117558,-0.9009688679024191,0,0,0,5173024.12,4119922.93,4558971.27,3709799.59,3023393.36,2760209.97,5473119.8,4913905.47,4244369.27,3305396.09
2020-04-25,3664845.35,2858437.84,Train,2020,4,25,5,1,2,0,0,0.8660254037844387,-0.4999999999999998,-0.9749279121818236,-0.2225209339563146,0,0,0,3753095.45,2970279.3,3884483.75,3074401.15,3732689.24,3332780.74,4976074.87,4486016.71,3983588.88,3067018.69
2020-04-26,4605371.55,3664887.11,Train,2020,4,26,6,1,2,0,0,0.8660254037844387,-0.4999999999999998,-0.7818314824680299,0.6234898018587334,0,0,0,3664845.35,2858437.84,5420905.61,4354985.3,2907846.49,2591717.12,5292649.55,4770553.08,4765470.57,3742260.25
2020-04-27,5455531.12,4305091.4,Train,2020,4,27,0,0,2,0,0,0.8660254037844387,-0.4999999999999998,0.0,1.0,0,0,0,4605371.55,3664887.11,3709374.1,2922517.52,3947462.22,3605060.08,4107108.15,3626441.43,5579108.13,4391470.92
2020-04-28,5014129.21,3953650.56,Train,2020,4,28,1,0,2,0,0,0.8660254037844387,-0.4999999999999998,0.7818314824680298,0.6234898018587336,0,0,0,5455531.12,4305091.4,3772726.0,2994859.61,3808658.46,3373247.72,4853424.1,4204693.19,9634257.78,7639657.66
2020-04-29,10020939.03,8067774.24,Train,2020,4,29,2,0,2,0,0,0.8660254037844387,-0.4999999999999998,0.9749279121818236,-0.22252093395631434,0,0,0,5014129.21,3953650.56,5657450.97,4439369.34,4628778.3,3891917.12,8661154.35,7724558.44,8059929.99,6487250.52
2020-04-30,7581421.63,6073119.3,Train,2020,4,30,3,0,2,0,1,0.8660254037844387,-0.4999999999999998,0.43388373911755823,-0.900968867902419,1,0,0,10020939.03,8067774.24,5173024.12,4119922.93,4375989.59,3596667.75,7897174.25,7105527.86,8442603.96,6897673.92
2020-05-01,6232298.35,4980016.59,Train,2020,5,1,4,0,2,1,0,0.49999999999999994,-0.8660254037844387,-0.433883739117558,-0.9009688679024191,1,0,0,7581421.63,6073119.3,3753095.45,2970279.3,4558971.27,3709799.59,8755809.46,7957568.75,7808399.68,6038961.99
2020-05-02,4883269.9,3978529.52,Train,2020,5,2,5,1,2,0,0,0.49999999999999994,-0.8660254037844387,-0.9749279121818236,-0.2225209339563146,0,0,0,6232298.35,4980016.59,3664845.35,2858437.84,3884483.75,3074401.15,7577709.18,6681340.51,4022286.5,3234443.01
2020-05-03,4614868.43,3622251.36,Train,2020,5,3,6,1,2,0,0,0.49999999999999994,-0.8660254037844387,-0.7818314824680299,0.6234898018587334,0,0,0,4883269.9,3978529.52,4605371.55,3664887.11,5420905.61,4354985.3,6784809.88,6004344.42,2045383.76,1603260.81
2020-05-04,1696650.37,1285985.68,Train,2020,5,4,0,0,2,0,0,0.49999999999999994,-0.8660254037844387,0.0,1.0,0,0,0,4614868.43,3622251.36,5455531.12,4305091.4,3709374.1,2922517.52,2596249.84,2421613.19,2460393.45,1889099.54
2020-05-05,2127409.75,1664266.24,Train,2020,5,5,1,0,2,0,0,0.49999999999999994,-0.8660254037844387,0.7818314824680298,0.6234898018587336,0,0,0,1696650.37,1285985.68,5014129.21,3953650.56,3772726.0,2994859.61,2270549.35,2115323.24,3089088.99,2546015.45
2020-05-06,2719040.36,2101438.95,Train,2020,5,6,2,0,2,0,0,0.49999999999999994,-0.8660254037844387,0.9749279121818236,-0.22252093395631434,0,0,0,2127409.75,1664266.24,10020939.03,8067774.24,5657450.97,4439369.34,2174513.69,1986210.77,3216799.62,2460959.9
2020-05-07,3735794.57,3081283.21,Train,2020,5,7,3,0,2,0,0,0.49999999999999994,-0.8660254037844387,0.43388373911755823,-0.900968867902419,0,0,0,2719040.36,2101438.95,7581421.63,6073119.3,5173024.12,4119922.93,2970609.75,2686271.15,3179618.97,2549583.11
2020-05-08,3885246.63,3057670.15,Train,2020,5,8,4,0,2,0,0,0.49999999999999994,-0.8660254037844387,-0.433883739117558,-0.9009688679024191,0,0,0,3735794.57,3081283.21,6232298.35,4980016.59,3753095.45,2970279.3,4245321.13,3850661.27,3478743.01,2820877.92
2020-05-09,2045722.89,1564919.31,Train,2020,5,9,5,1,2,0,0,0.49999999999999994,-0.8660254037844387,-0.9749279121818236,-0.2225209339563146,0,0,0,3885246.63,3057670.15,4883269.9,3978529.52,3664845.35,2858437.84,3887991.65,3427172.36,3379956.2,2669556.82
2020-05-10,3584812.06,2817308.7,Train,2020,5,10,6,1,2,0,0,0.49999999999999994,-0.8660254037844387,-0.7818314824680299,0.6234898018587334,0,0,0,2045722.89,1564919.31,4614868.43,3622251.36,4605371.55,3664887.11,3023393.36,2760209.97,3223254.17,2537597.46
2020-05-11,2782658.98,2126531.87,Train,2020,5,11,0,0,2,0,0,0.49999999999999994,-0.8660254037844387,0.0,1.0,0,0,0,3584812.06,2817308.7,1696650.37,1285985.68,5455531.12,4305091.4,3732689.24,3332780.74,3692378.28,2866716.95
2020-05-12,3333481.33,2554876.05,Train,2020,5,12,1,0,2,0,0,0.49999999999999994,-0.8660254037844387,0.7818314824680298,0.6234898018587336,0,0,0,2782658.98,2126531.87,2127409.75,1664266.24,5014129.21,3953650.56,2907846.49,2591717.12,4792349.11,3788342.27
2020-05-13,3150929.25,2367805.02,Train,2020,5,13,2,0,2,0,0,0.49999999999999994,-0.8660254037844387,0.9749279121818236,-0.22252093395631434,0,0,0,3333481.33,2554876.05,2719040.36,2101438.95,10020939.03,8067774.24,3947462.22,3605060.08,4862166.63,3833993.27
2020-05-14,4015255.86,3222738.56,Train,2020,5,14,3,0,2,0,0,0.49999999999999994,-0.8660254037844387,0.43388373911755823,-0.900968867902419,0,0,0,3150929.25,2367805.02,3735794.57,3081283.21,7581421.63,6073119.3,3808658.46,3373247.72,5013097.75,3959824.14
2020-05-15,5094966.3,4205637.32,Train,2020,5,15,4,0,2,0,0,0.49999999999999994,-0.8660254037844387,-0.433883739117558,-0.9009688679024191,0,0,0,4015255.86,3222738.56,3885246.63,3057670.15,6232298.35,4980016.59,4628778.3,3891917.12,4763396.54,3739102.59
2020-05-16,3808061.0,3113947.78,Train,2020,5,16,5,1,2,0,0,0.49999999999999994,-0.8660254037844387,-0.9749279121818236,-0.2225209339563146,0,0,0,5094966.3,4205637.32,2045722.89,1564919.31,4883269.9,3978529.52,4375989.59,3596667.75,4890006.38,3947766.75
2020-05-17,3532524.59,2826498.79,Train,2020,5,17,6,1,2,0,0,0.49999999999999994,-0.8660254037844387,-0.7818314824680299,0.6234898018587334,0,0,0,3808061.0,3113947.78,3584812.06,2817308.7,4614868.43,3622251.36,4558971.27,3709799.59,4212074.41,3390993.32
2020-05-18,3000875.02,2429735.03,Train,2020,5,18,0,0,2,0,0,0.49999999999999994,-0.8660254037844387,0.0,1.0,0,0,0,3532524.59,2826498.79,2782658.98,2126531.87,1696650.37,1285985.68,3884483.75,3074401.15,3110577.15,2404869.12
2020-05-19,3027466.21,2447172.14,Train,2020,5,19,1,0,2,0,0,0.49999999999999994,-0.8660254037844387,0.7818314824680298,0.6234898018587336,0,0,0,3000875.02,2429735.03,3333481.33,2554876.05,2127409.75,1664266.24,5420905.61,4354985.3,4833855.83,3883813.76
2020-05-20,3689172.21,3019892.02,Train,2020,5,20,2,0,2,0,0,0.49999999999999994,-0.8660254037844387,0.9749279121818236,-0.22252093395631434,0,0,0,3027466.21,2447172.14,3150929.25,2367805.02,2719040.36,2101438.95,3709374.1,2922517.52,4376980.41,3545197.6
2020-05-21,4498828.44,3647887.78,Train,2020,5,21,3,0,2,0,0,0.49999999999999994,-0.8660254037844387,0.43388373911755823,-0.900968867902419,0,0,0,3689172.21,3019892.02,4015255.86,3222738.56,3735794.57,3081283.21,3772726.0,2994859.61,5873623.7,4676076.56
2020-05-22,5108046.04,3839020.41,Train,2020,5,22,4,0,2,0,0,0.49999999999999994,-0.8660254037844387,-0.433883739117558,-0.9009688679024191,0,0,0,4498828.44,3647887.78,5094966.3,4205637.32,3885246.63,3057670.15,5657450.97,4439369.34,5059289.39,4065945.82
2020-05-23,4015420.66,3313265.28,Train,2020,5,23,5,1,2,0,0,0.49999999999999994,-0.8660254037844387,-0.9749279121818236,-0.2225209339563146,0,0,0,5108046.04,3839020.41,3808061.0,3113947.78,2045722.89,1564919.31,5173024.12,4119922.93,4257574.66,3427856.53
2020-05-24,4700650.04,3764671.03,Train,2020,5,24,6,1,2,0,0,0.49999999999999994,-0.8660254037844387,-0.7818314824680299,0.6234898018587334,0,0,0,4015420.66,3313265.28,3532524.59,2826498.79,3584812.06,2817308.7,3753095.45,2970279.3,2703860.17,2041659.91
2020-05-25,4378883.27,3340216.53,Train,2020,5,25,0,0,2,0,0,0.49999999999999994,-0.8660254037844387,0.0,1.0,0,0,0,4700650.04,3764671.03,3000875.02,2429735.03,2782658.98,2126531.87,3664845.35,2858437.84,3290638.14,2614660.18
2020-05-26,3938416.11,3225312.26,Train,2020,5,26,1,0,2,0,0,0.49999999999999994,-0.8660254037844387,0.7818314824680298,0.6234898018587336,0,0,0,4378883.27,3340216.53,3027466.21,2447172.14,3333481.33,2554876.05,4605371.55,3664887.11,3692587.25,3103910.35
2020-05-27,4400378.84,3586763.01,Train,2020,5,27,2,0,2,0,0,0.49999999999999994,-0.8660254037844387,0.9749279121818236,-0.22252093395631434,0,0,0,3938416.11,3225312.26,3689172.21,3019892.02,3150929.25,2367805.02,5455531.12,4305091.4,4649913.83,3737938.55
2020-05-28,7125254.26,5586999.34,Train,2020,5,28,3,0,2,0,0,0.49999999999999994,-0.8660254037844387,0.43388373911755823,-0.900968867902419,0,0,0,4400378.84,3586763.01,4498828.44,3647887.78,4015255.86,3222738.56,5014129.21,3953650.56,6694197.08,5100391.64
2020-05-29,8058075.78,6156826.89,Train,2020,5,29,4,0,2,0,0,0.49999999999999994,-0.8660254037844387,-0.433883739117558,-0.9009688679024191,0,0,0,7125254.26,5586999.34,5108046.04,3839020.41,5094966.3,4205637.32,10020939.03,8067774.24,10560540.55,8440357.87
2020-05-30,8571150.17,6917398.63,Train,2020,5,30,5,1,2,0,0,0.49999999999999994,-0.8660254037844387,-0.9749279121818236,-0.2225209339563146,0,0,0,8058075.78,6156826.89,4015420.66,3313265.28,3808061.0,3113947.78,7581421.63,6073119.3,8767512.49,6975728.64
2020-05-31,7068160.11,5722407.19,Train,2020,5,31,6,1,2,0,1,0.49999999999999994,-0.8660254037844387,-0.7818314824680299,0.6234898018587334,0,0,0,8571150.17,6917398.63,4700650.04,3764671.03,3532524.59,2826498.79,6232298.35,4980016.59,8443797.15,6772402.64
2020-06-01,7434640.87,6007912.51,Train,2020,6,1,0,0,2,1,0,1.2246467991473532e-16,-1.0,0.0,1.0,0,0,0,7068160.11,5722407.19,4378883.27,3340216.53,3000875.02,2429735.03,4883269.9,3978529.52,7455195.67,6102711.18
2020-06-02,3295138.19,2630884.15,Train,2020,6,2,1,0,2,0,0,1.2246467991473532e-16,-1.0,0.7818314824680298,0.6234898018587336,0,0,0,7434640.87,6007912.51,3938416.11,3225312.26,3027466.21,2447172.14,4614868.43,3622251.36,6200836.36,4928192.22
2020-06-03,3497127.32,2854677.4,Train,2020,6,3,2,0,2,0,0,1.2246467991473532e-16,-1.0,0.9749279121818236,-0.22252093395631434,0,0,0,3295138.19,2630884.15,4400378.84,3586763.01,3689172.21,3019892.02,1696650.37,1285985.68,3657388.71,2889750.29
2020-06-04,2962471.81,2212520.77,Train,2020,6,4,3,0,2,0,0,1.2246467991473532e-16,-1.0,0.43388373911755823,-0.900968867902419,0,0,0,3497127.32,2854677.4,7125254.26,5586999.34,4498828.44,3647887.78,2127409.75,1664266.24,3116184.22,2354873.53
2020-06-05,2452274.28,2042840.96,Train,2020,6,5,4,0,2,0,0,1.2246467991473532e-16,-1.0,-0.433883739117558,-0.9009688679024191,0,0,0,2962471.81,2212520.77,8058075.78,6156826.89,5108046.04,3839020.41,2719040.36,2101438.95,3413543.4,2707745.48
2020-06-06,2258600.23,1840555.75,Train,2020,6,6,5,1,2,0,0,1.2246467991473532e-16,-1.0,-0.9749279121818236,-0.2225209339563146,0,0,0,2452274.28,2042840.96,8571150.17,6917398.63,4015420.66,3313265.28,3735794.57,3081283.21,2810118.57,2267280.87
2020-06-07,2693731.83,2065838.19,Train,2020,6,7,6,1,2,0,0,1.2246467991473532e-16,-1.0,-0.7818314824680299,0.6234898018587334,0,0,0,2258600.23,1840555.75,7068160.11,5722407.19,4700650.04,3764671.03,3885246.63,3057670.15,3253725.42,2576270.0
2020-06-08,3084455.23,2459766.38,Train,2020,6,8,0,0,2,0,0,1.2246467991473532e-16,-1.0,0.0,1.0,0,0,0,2693731.83,2065838.19,7434640.87,6007912.51,4378883.27,3340216.53,2045722.89,1564919.31,4254903.93,3456557.9
2020-06-09,3331413.85,2608681.96,Train,2020,6,9,1,0,2,0,0,1.2246467991473532e-16,-1.0,0.7818314824680298,0.6234898018587336,0,0,0,3084455.23,2459766.38,3295138.19,2630884.15,3938416.11,3225312.26,3584812.06,2817308.7,4783133.64,3750235.77
2020-06-10,3810023.86,3037801.06,Train,2020,6,10,2,0,2,0,0,1.2246467991473532e-16,-1.0,0.9749279121818236,-0.22252093395631434,0,0,0,3331413.85,2608681.96,3497127.32,2854677.4,4400378.84,3586763.01,2782658.98,2126531.87,4164146.71,3288307.35
2020-06-11,4027121.39,3106482.9,Train,2020,6,11,3,0,2,0,0,1.2246467991473532e-16,-1.0,0.43388373911755823,-0.900968867902419,0,0,0,3810023.86,3037801.06,2962471.81,2212520.77,7125254.26,5586999.34,3333481.33,2554876.05,4780123.09,3862755.17
2020-06-12,2833219.35,2245340.12,Train,2020,6,12,4,0,2,0,0,1.2246467991473532e-16,-1.0,-0.433883739117558,-0.9009688679024191,0,0,0,4027121.39,3106482.9,2452274.28,2042840.96,8058075.78,6156826.89,3150929.25,2367805.02,3141446.63,2434324.12
2020-06-13,2840132.87,2324352.25,Train,2020,6,13,5,1,2,0,0,1.2246467991473532e-16,-1.0,-0.9749279121818236,-0.2225209339563146,0,0,0,2833219.35,2245340.12,2258600.23,1840555.75,8571150.17,6917398.63,4015255.86,3222738.56,3321275.31,2699480.09
2020-06-14,3797554.63,3078986.36,Train,2020,6,14,6,1,2,0,0,1.2246467991473532e-16,-1.0,-0.7818314824680299,0.6234898018587334,0,0,0,2840132.87,2324352.25,2693731.83,2065838.19,7068160.11,5722407.19,5094966.3,4205637.32,4401658.94,3526274.43
2020-06-15,3921468.12,3112876.56,Train,2020,6,15,0,0,2,0,0,1.2246467991473532e-16,-1.0,0.0,1.0,0,0,0,3797554.63,3078986.36,3084455.23,2459766.38,7434640.87,6007912.51,3808061.0,3113947.78,3952891.26,3206561.32
2020-06-16,3620819.64,2950472.85,Train,2020,6,16,1,0,2,0,0,1.2246467991473532e-16,-1.0,0.7818314824680298,0.6234898018587336,0,0,0,3921468.12,3112876.56,3331413.85,2608681.96,3295138.19,2630884.15,3532524.59,2826498.79,4164327.54,3246799.45
2020-06-17,4864660.1,3741174.91,Train,2020,6,17,2,0,2,0,0,1.2246467991473532e-16,-1.0,0.9749279121818236,-0.22252093395631434,0,0,0,3620819.64,2950472.85,3810023.86,3037801.06,3497127.32,2854677.4,3000875.02,2429735.03,5036738.58,4114695.79
2020-06-18,4188150.34,3329563.04,Train,2020,6,18,3,0,2,0,0,1.2246467991473532e-16,-1.0,0.43388373911755823,-0.900968867902419,0,0,0,4864660.1,3741174.91,4027121.39,3106482.9,2962471.81,2212520.77,3027466.21,2447172.14,5640058.49,4485935.07
2020-06-19,2960897.79,2329260.25,Train,2020,6,19,4,0,2,0,0,1.2246467991473532e-16,-1.0,-0.433883739117558,-0.9009688679024191,0,0,0,4188150.34,3329563.04,2833219.35,2245340.12,2452274.28,2042840.96,3689172.21,3019892.02,4189605.48,3314789.57
2020-06-20,2189006.74,1795056.75,Train,2020,6,20,5,1,2,0,0,1.2246467991473532e-16,-1.0,-0.9749279121818236,-0.2225209339563146,0,0,0,2960897.79,2329260.25,2840132.87,2324352.25,2258600.23,1840555.75,4498828.44,3647887.78,3812450.83,3058079.55
2020-06-21,3477329.48,2740967.86,Train,2020,6,21,6,1,2,0,0,1.2246467991473532e-16,-1.0,-0.7818314824680299,0.6234898018587334,0,0,0,2189006.74,1795056.75,3797554.63,3078986.36,2693731.83,2065838.19,5108046.04,3839020.41,4550924.39,3531072.86
2020-06-22,3068801.79,2472668.81,Train,2020,6,22,0,0,2,0,0,1.2246467991473532e-16,-1.0,0.0,1.0,0,0,0,3477329.48,2740967.86,3921468.12,3112876.56,3084455.23,2459766.38,4015420.66,3313265.28,3568419.01,3068943.59
2020-06-23,3277142.11,2715748.0,Train,2020,6,23,1,0,2,0,0,1.2246467991473532e-16,-1.0,0.7818314824680298,0.6234898018587336,0,0,1,3068801.79,2472668.81,3620819.64,2950472.85,3331413.85,2608681.96,4700650.04,3764671.03,3996277.5,3433419.57
2020-06-24,4983800.13,4272479.54,Train,2020,6,24,2,0,2,0,0,1.2246467991473532e-16,-1.0,0.9749279121818236,-0.22252093395631434,0,0,1,3277142.11,2715748.0,4864660.1,3741174.91,3810023.86,3037801.06,4378883.27,3340216.53,5688790.13,5142260.13
2020-06-25,4480875.32,3949301.47,Train,2020,6,25,3,0,2,0,0,1.2246467991473532e-16,-1.0,0.43388373911755823,-0.900968867902419,0,0,1,4983800.13,4272479.54,4188150.34,3329563.04,4027121.39,3106482.9,3938416.11,3225312.26,5662278.62,5280030.26
2020-06-26,3538964.96,3128909.95,Train,2020,6,26,4,0,2,0,0,1.2246467991473532e-16,-1.0,-0.433883739117558,-0.9009688679024191,0,0,1,4480875.32,3949301.47,2960897.79,2329260.25,2833219.35,2245340.12,4400378.84,3586763.01,3630711.11,3603596.44
2020-06-27,2952009.99,2893474.01,Train,2020,6,27,5,1,2,0,0,1.2246467991473532e-16,-1.0,-0.9749279121818236,-0.2225209339563146,0,0,1,3538964.96,3128909.95,2189006.74,1795056.75,2840132.87,2324352.25,7125254.26,5586999.34,4670111.28,4617792.03
2020-06-28,4033143.22,4037949.63,Train,2020,6,28,6,1,2,0,0,1.2246467991473532e-16,-1.0,-0.7818314824680299,0.6234898018587334,0,0,1,2952009.99,2893474.01,3477329.48,2740967.86,3797554.63,3078986.36,8058075.78,6156826.89,7024746.69,6925205.4
2020-06-29,5223388.62,5021085.51,Train,2020,6,29,0,0,2,0,0,1.2246467991473532e-16,-1.0,0.0,1.0,0,0,1,4033143.22,4037949.63,3068801.79,2472668.81,3921468.12,3112876.56,8571150.17,6917398.63,4945041.75,4627222.46
2020-06-30,5506677.04,5509880.9,Train,2020,6,30,1,0,2,0,1,1.2246467991473532e-16,-1.0,0.7818314824680298,0.6234898018587336,0,0,1,5223388.62,5021085.51,3277142.11,2715748.0,3620819.64,2950472.85,7068160.11,5722407.19,4925285.45,4871863.28
2020-07-01,4785799.65,4637675.06,Train,2020,7,1,2,0,3,1,0,-0.4999999999999997,-0.8660254037844388,0.9749279121818236,-0.22252093395631434,0,0,1,5506677.04,5509880.9,4983800.13,4272479.54,4864660.1,3741174.91,7434640.87,6007912.51,4873332.05,4786134.47
2020-07-02,4866951.38,4707883.99,Train,2020,7,2,3,0,3,0,0,-0.4999999999999997,-0.8660254037844388,0.43388373911755823,-0.900968867902419,0,0,1,4785799.65,4637675.06,4480875.32,3949301.47,4188150.34,3329563.04,3295138.19,2630884.15,4886424.07,4756249.61
2020-07-03,3696972.88,3771036.88,Train,2020,7,3,4,0,3,0,0,-0.4999999999999997,-0.8660254037844388,-0.433883739117558,-0.9009688679024191,0,0,1,4866951.38,4707883.99,3538964.96,3128909.95,2960897.79,2329260.25,3497127.32,2854677.4,1489388.03,1415805.18
2020-07-04,706367.78,665027.87,Train,2020,7,4,5,1,3,0,0,-0.4999999999999997,-0.8660254037844388,-0.9749279121818236,-0.2225209339563146,0,0,1,3696972.88,3771036.88,2952009.99,2893474.01,2189006.74,1795056.75,2962471.81,2212520.77,1841931.9,1789551.81
2020-07-05,1406074.5,1343687.36,Train,2020,7,5,6,1,3,0,0,-0.4999999999999997,-0.8660254037844388,-0.7818314824680299,0.6234898018587334,0,0,1,706367.78,665027.87,4033143.22,4037949.63,3477329.48,2740967.86,2452274.28,2042840.96,1673667.75,1672504.8
2020-07-06,2077312.99,1986626.45,Train,2020,7,6,0,0,3,0,0,-0.4999999999999997,-0.8660254037844388,0.0,1.0,0,0,1,1406074.5,1343687.36,5223388.62,5021085.51,3068801.79,2472668.81,2258600.23,1840555.75,2108446.49,2118852.35
2020-07-07,2024009.16,2068227.77,Train,2020,7,7,1,0,3,0,0,-0.4999999999999997,-0.8660254037844388,0.7818314824680298,0.6234898018587336,0,0,1,2077312.99,1986626.45,5506677.04,5509880.9,3277142.11,2715748.0,2693731.83,2065838.19,2671803.54,2584413.1
2020-07-08,1848400.71,1796794.0,Train,2020,7,8,2,0,3,0,0,-0.4999999999999997,-0.8660254037844388,0.9749279121818236,-0.22252093395631434,0,0,1,2024009.16,2068227.77,4785799.65,4637675.06,4983800.13,4272479.54,3084455.23,2459766.38,2568480.24,2386535.86
2020-07-09,2881762.16,2884926.26,Train,2020,7,9,3,0,3,0,0,-0.4999999999999997,-0.8660254037844388,0.43388373911755823,-0.900968867902419,0,0,1,1848400.71,1796794.0,4866951.38,4707883.99,4480875.32,3949301.47,3331413.85,2608681.96,2970737.48,2920183.57
2020-07-10,2456330.77,2270775.74,Train,2020,7,10,4,0,3,0,0,-0.4999999999999997,-0.8660254037844388,-0.433883739117558,-0.9009688679024191,0,0,1,2881762.16,2884926.26,3696972.88,3771036.88,3538964.96,3128909.95,3810023.86,3037801.06,3613434.66,3602172.41
2020-07-11,2777782.43,2617463.18,Train,2020,7,11,5,1,3,0,0,-0.4999999999999997,-0.8660254037844388,-0.9749279121818236,-0.2225209339563146,0,0,1,2456330.77,2270775.74,706367.78,665027.87,2952009.99,2893474.01,4027121.39,3106482.9,2385921.03,2226726.44
2020-07-12,2353469.99,2352864.85,Train,2020,7,12,6,1,3,0,0,-0.4999999999999997,-0.8660254037844388,-0.7818314824680299,0.6234898018587334,0,0,1,2777782.43,2617463.18,1406074.5,1343687.36,4033143.22,4037949.63,2833219.35,2245340.12,2098969.4,1932133.96
2020-07-13,2674159.75,2528820.54,Train,2020,7,13,0,0,3,0,0,-0.4999999999999997,-0.8660254037844388,0.0,1.0,0,0,1,2353469.99,2352864.85,2077312.99,1986626.45,5223388.62,5021085.51,2840132.87,2324352.25,2644124.5,2456787.05
2020-07-14,2241406.69,2199143.63,Train,2020,7,14,1,0,3,0,0,-0.4999999999999997,-0.8660254037844388,0.7818314824680298,0.6234898018587336,0,0,1,2674159.75,2528820.54,2024009.16,2068227.77,5506677.04,5509880.9,3797554.63,3078986.36,2978181.99,2929468.55
2020-07-15,2628917.79,2573366.47,Train,2020,7,15,2,0,3,0,0,-0.4999999999999997,-0.8660254037844388,0.9749279121818236,-0.22252093395631434,0,0,1,2241406.69,2199143.63,1848400.71,1796794.0,4785799.65,4637675.06,3921468.12,3112876.56,3187013.74,3153087.05
2020-07-16,3496916.1,3417273.9,Train,2020,7,16,3,0,3,0,0,-0.4999999999999997,-0.8660254037844388,0.43388373911755823,-0.900968867902419,0,0,1,2628917.79,2573366.47,2881762.16,2884926.26,4866951.38,4707883.99,3620819.64,2950472.85,3959202.82,3896487.16
2020-07-17,2963494.21,2910103.21,Train,2020,7,17,4,0,3,0,0,-0.4999999999999997,-0.8660254037844388,-0.433883739117558,-0.9009688679024191,0,0,1,3496916.1,3417273.9,2456330.77,2270775.74,3696972.88,3771036.88,4864660.1,3741174.91,3615222.41,3550288.82
2020-07-18,2167217.41,2102740.45,Train,2020,7,18,5,1,3,0,0,-0.4999999999999997,-0.8660254037844388,-0.9749279121818236,-0.2225209339563146,0,0,1,2963494.21,2910103.21,2777782.43,2617463.18,706367.78,665027.87,4188150.34,3329563.04,2386618.42,2254762.11
2020-07-19,2598183.41,2439859.2,Train,2020,7,19,6,1,3,0,0,-0.4999999999999997,-0.8660254037844388,-0.7818314824680299,0.6234898018587334,0,0,1,2167217.41,2102740.45,2353469.99,2352864.85,1406074.5,1343687.36,2960897.79,2329260.25,3483966.92,3119293.47
2020-07-20,2378509.49,2153084.64,Train,2020,7,20,0,0,3,0,0,-0.4999999999999997,-0.8660254037844388,0.0,1.0,0,0,1,2598183.41,2439859.2,2674159.75,2528820.54,2077312.99,1986626.45,2189006.74,1795056.75,2833440.98,2457034.76
2020-07-21,3060145.15,2555988.41,Train,2020,7,21,1,0,3,0,0,-0.4999999999999997,-0.8660254037844388,0.7818314824680298,0.6234898018587336,0,0,1,2378509.49,2153084.64,2241406.69,2199143.63,2024009.16,2068227.77,3477329.48,2740967.86,3439033.06,2731287.61
2020-07-22,3102912.51,2421357.03,Train,2020,7,22,2,0,3,0,0,-0.4999999999999997,-0.8660254037844388,0.9749279121818236,-0.22252093395631434,0,0,1,3060145.15,2555988.41,2628917.79,2573366.47,1848400.71,1796794.0,3068801.79,2472668.81,3417186.56,2643724.49
2020-07-23,3882974.91,3066175.92,Train,2020,7,23,3,0,3,0,0,-0.4999999999999997,-0.8660254037844388,0.43388373911755823,-0.900968867902419,0,0,0,3102912.51,2421357.03,3496916.1,3417273.9,2881762.16,2884926.26,3277142.11,2715748.0,4684554.37,3722991.01
2020-07-24,3897982.79,3118044.81,Train,2020,7,24,4,0,3,0,0,-0.4999999999999997,-0.8660254037844388,-0.433883739117558,-0.9009688679024191,0,0,0,3882974.91,3066175.92,2963494.21,2910103.21,2456330.77,2270775.74,4983800.13,4272479.54,4181297.47,3389253.8
2020-07-25,2726776.18,2185291.86,Train,2020,7,25,5,1,3,0,0,-0.4999999999999997,-0.8660254037844388,-0.9749279121818236,-0.2225209339563146,0,0,0,3897982.79,3118044.81,2167217.41,2102740.45,2777782.43,2617463.18,4480875.32,3949301.47,2974387.4,2282672.9
2020-07-26,2852671.37,2228931.73,Train,2020,7,26,6,1,3,0,0,-0.4999999999999997,-0.8660254037844388,-0.7818314824680299,0.6234898018587334,0,0,0,2726776.18,2185291.86,2598183.41,2439859.2,2353469.99,2352864.85,3538964.96,3128909.95,2400455.83,1937294.99
2020-07-27,2831486.13,2289596.5,Train,2020,7,27,0,0,3,0,0,-0.4999999999999997,-0.8660254037844388,0.0,1.0,0,0,0,2852671.37,2228931.73,2378509.49,2153084.64,2674159.75,2528820.54,2952009.99,2893474.01,3130479.33,2444819.96
2020-07-28,2395619.59,1857411.18,Train,2020,7,28,1,0,3,0,0,-0.4999999999999997,-0.8660254037844388,0.7818314824680298,0.6234898018587336,0,0,0,2831486.13,2289596.5,3060145.15,2555988.41,2241406.69,2199143.63,4033143.22,4037949.63,3105749.62,2493332.47
2020-07-29,3158908.2,2317187.54,Train,2020,7,29,2,0,3,0,0,-0.4999999999999997,-0.8660254037844388,0.9749279121818236,-0.22252093395631434,0,0,0,2395619.59,1857411.18,3102912.51,2421357.03,2628917.79,2573366.47,5223388.62,5021085.51,3330499.22,3199104.79
2020-07-30,4151632.35,3350026.58,Train,2020,7,30,3,0,3,0,0,-0.4999999999999997,-0.8660254037844388,0.43388373911755823,-0.900968867902419,0,0,0,3158908.2,2317187.54,3882974.91,3066175.92,3496916.1,3417273.9,5506677.04,5509880.9,5525632.29,6089074.09
2020-07-31,5610491.95,4496247.74,Train,2020,7,31,4,0,3,0,1,-0.4999999999999997,-0.8660254037844388,-0.433883739117558,-0.9009688679024191,0,0,0,4151632.35,3350026.58,3897982.79,3118044.81,2963494.21,2910103.21,4785799.65,4637675.06,4455488.15,5321254.35
2020-08-01,6132541.37,4909626.33,Train,2020,8,1,5,1,3,1,0,-0.8660254037844385,-0.5000000000000004,-0.9749279121818236,-0.2225209339563146,0,0,0,5610491.95,4496247.74,2726776.18,2185291.86,2167217.41,2102740.45,4866951.38,4707883.99,3938923.04,4562144.93
2020-08-02,5345584.67,4186394.94,Train,2020,8,2,6,1,3,0,0,-0.8660254037844385,-0.5000000000000004,-0.7818314824680299,0.6234898018587334,0,0,0,6132541.37,4909626.33,2852671.37,2228931.73,2598183.41,2439859.2,3696972.88,3771036.88,2470651.33,3392027.67
2020-08-03,4397713.48,3443554.44,Train,2020,8,3,0,0,3,0,0,-0.8660254037844385,-0.5000000000000004,0.0,1.0,0,0,0,5345584.67,4186394.94,2831486.13,2289596.5,2378509.49,2153084.64,706367.78,665027.87,2494912.22,3600849.09
2020-08-04,3298352.62,2591360.98,Train,2020,8,4,1,0,3,0,0,-0.8660254037844385,-0.5000000000000004,0.7818314824680298,0.6234898018587336,0,0,0,4397713.48,3443554.44,2395619.59,1857411.18,3060145.15,2555988.41,1406074.5,1343687.36,1043419.2,1459268.06
2020-08-05,2223462.81,1734678.05,Train,2020,8,5,2,0,3,0,0,-0.8660254037844385,-0.5000000000000004,0.9749279121818236,-0.22252093395631434,0,0,0,3298352.62,2591360.98,3158908.2,2317187.54,3102912.51,2421357.03,2077312.99,1986626.45,1858125.18,2640605.83
2020-08-06,2991469.99,2308279.85,Train,2020,8,6,3,0,3,0,0,-0.8660254037844385,-0.5000000000000004,0.43388373911755823,-0.900968867902419,0,0,0,2223462.81,1734678.05,4151632.35,3350026.58,3882974.91,3066175.92,2024009.16,2068227.77,2612652.22,3641188.5
2020-08-07,3277756.91,2547914.06,Train,2020,8,7,4,0,3,0,0,-0.8660254037844385,-0.5000000000000004,-0.433883739117558,-0.9009688679024191,0,0,0,2991469.99,2308279.85,5610491.95,4496247.74,3897982.79,3118044.81,1848400.71,1796794.0,2075506.82,2794288.53
2020-08-08,2449651.51,2088845.7,Train,2020,8,8,5,1,3,0,0,-0.8660254037844385,-0.5000000000000004,-0.9749279121818236,-0.2225209339563146,0,0,0,3277756.91,2547914.06,6132541.37,4909626.33,2726776.18,2185291.86,2881762.16,2884926.26,1373112.09,1937571.87
2020-08-09,2935305.67,2352528.07,Train,2020,8,9,6,1,3,0,0,-0.8660254037844385,-0.5000000000000004,-0.7818314824680299,0.6234898018587334,0,0,0,2449651.51,2088845.7,5345584.67,4186394.94,2852671.37,2228931.73,2456330.77,2270775.74,1564845.37,2196994.14
2020-08-10,2914723.92,2318822.04,Train,2020,8,10,0,0,3,0,0,-0.8660254037844385,-0.5000000000000004,0.0,1.0,0,0,0,2935305.67,2352528.07,4397713.48,3443554.44,2831486.13,2289596.5,2777782.43,2617463.18,2346475.31,3292514.02
2020-08-11,2533038.45,2110648.66,Train,2020,8,11,1,0,3,0,0,-0.8660254037844385,-0.5000000000000004,0.7818314824680298,0.6234898018587336,0,0,0,2914723.92,2318822.04,3298352.62,2591360.98,2395619.59,1857411.18,2353469.99,2352864.85,1668045.94,2290560.15
2020-08-12,4245177.97,3574622.62,Train,2020,8,12,2,0,3,0,0,-0.8660254037844385,-0.5000000000000004,0.9749279121818236,-0.22252093395631434,0,0,0,2533038.45,2110648.66,2223462.81,1734678.05,3158908.2,2317187.54,2674159.75,2528820.54,1490813.69,2171947.13
2020-08-13,3438121.83,2662240.38,Train,2020,8,13,3,0,3,0,0,-0.8660254037844385,-0.5000000000000004,0.43388373911755823,-0.900968867902419,0,0,0,4245177.97,3574622.62,2991469.99,2308279.85,4151632.35,3350026.58,2241406.69,2199143.63,3101196.53,4169515.66
2020-08-14,3685522.51,2879232.79,Train,2020,8,14,4,0,3,0,0,-0.8660254037844385,-0.5000000000000004,-0.433883739117558,-0.9009688679024191,0,0,0,3438121.83,2662240.38,3277756.91,2547914.06,5610491.95,4496247.74,2628917.79,2573366.47,2478038.89,3512738.3
2020-08-15,2556409.43,2072000.19,Train,2020,8,15,5,1,3,0,0,-0.8660254037844385,-0.5000000000000004,-0.9749279121818236,-0.2225209339563146,0,0,0,3685522.51,2879232.79,2449651.51,2088845.7,6132541.37,4909626.33,3496916.1,3417273.9,1829640.99,2493094.05
2020-08-16,2596444.46,2077063.06,Train,2020,8,16,6,1,3,0,0,-0.8660254037844385,-0.5000000000000004,-0.7818314824680299,0.6234898018587334,0,0,0,2556409.43,2072000.19,2935305.67,2352528.07,5345584.67,4186394.94,2963494.21,2910103.21,2003878.36,2733913.19
2020-08-17,3646382.12,2892437.08,Train,2020,8,17,0,0,3,0,0,-0.8660254037844385,-0.5000000000000004,0.0,1.0,0,0,0,2596444.46,2077063.06,2914723.92,2318822.04,4397713.48,3443554.44,2167217.41,2102740.45,1947390.84,2839386.72
2020-08-18,3240488.83,2493505.46,Train,2020,8,18,1,0,3,0,0,-0.8660254037844385,-0.5000000000000004,0.7818314824680298,0.6234898018587336,0,0,0,3646382.12,2892437.08,2533038.45,2110648.66,3298352.62,2591360.98,2598183.41,2439859.2,2333967.14,3290384.64
2020-08-19,3279887.27,2543910.75,Train,2020,8,19,2,0,3,0,0,-0.8660254037844385,-0.5000000000000004,0.9749279121818236,-0.22252093395631434,0,0,0,3240488.83,2493505.46,4245177.97,3574622.62,2223462.81,1734678.05,2378509.49,2153084.64,2278154.51,3059344.57
2020-08-20,3569013.59,2909846.44,Train,2020,8,20,3,0,3,0,0,-0.8660254037844385,-0.5000000000000004,0.43388373911755823,-0.900968867902419,0,0,0,3279887.27,2543910.75,3438121.83,2662240.38,2991469.99,2308279.85,3060145.15,2555988.41,2902500.19,3975109.52
2020-08-21,3939388.46,3133654.06,Train,2020,8,21,4,0,3,0,0,-0.8660254037844385,-0.5000000000000004,-0.433883739117558,-0.9009688679024191,0,0,0,3569013.59,2909846.44,3685522.51,2879232.79,3277756.91,2547914.06,3102912.51,2421357.03,3279690.88,4303594.26
2020-08-22,2465099.71,2000862.66,Train,2020,8,22,5,1,3,0,0,-0.8660254037844385,-0.5000000000000004,-0.9749279121818236,-0.2225209339563146,0,0,0,3939388.46,3133654.06,2556409.43,2072000.19,2449651.51,2088845.7,3882974.91,3066175.92,1923531.37,2481146.96
2020-08-23,2832425.22,2280579.88,Train,2020,8,23,6,1,3,0,0,-0.8660254037844385,-0.5000000000000004,-0.7818314824680299,0.6234898018587334,0,0,0,2465099.71,2000862.66,2596444.46,2077063.06,2935305.67,2352528.07,3897982.79,3118044.81,1741999.11,2380723.06
2020-08-24,3217603.07,2631929.43,Train,2020,8,24,0,0,3,0,0,-0.8660254037844385,-0.5000000000000004,0.0,1.0,0,0,0,2832425.22,2280579.88,3646382.12,2892437.08,2914723.92,2318822.04,2726776.18,2185291.86,2343821.96,2973037.78
2020-08-25,2428315.18,1917538.84,Train,2020,8,25,1,0,3,0,0,-0.8660254037844385,-0.5000000000000004,0.7818314824680298,0.6234898018587336,0,0,0,3217603.07,2631929.43,3240488.83,2493505.46,2533038.45,2110648.66,2852671.37,2228931.73,1566162.85,2092259.75
2020-08-26,3194953.82,2616197.98,Train,2020,8,26,2,0,3,0,0,-0.8660254037844385,-0.5000000000000004,0.9749279121818236,-0.22252093395631434,0,0,0,2428315.18,1917538.84,3279887.27,2543910.75,4245177.97,3574622.62,2831486.13,2289596.5,2452198.24,3395896.49
2020-08-27,4445347.68,3675387.97,Train,2020,8,27,3,0,3,0,0,-0.8660254037844385,-0.5000000000000004,0.43388373911755823,-0.900968867902419,0,0,0,3194953.82,2616197.98,3569013.59,2909846.44,3438121.83,2662240.38,2395619.59,1857411.18,5201709.9,7205663.14
2020-08-28,7296538.72,5928088.7,Train,2020,8,28,4,0,3,0,0,-0.8660254037844385,-0.5000000000000004,-0.433883739117558,-0.9009688679024191,0,0,0,4445347.68,3675387.97,3939388.46,3133654.06,3685522.51,2879232.79,3158908.2,2317187.54,4504012.62,6055206.11
2020-08-29,7517051.79,6089417.86,Train,2020,8,29,5,1,3,0,0,-0.8660254037844385,-0.5000000000000004,-0.9749279121818236,-0.2225209339563146,0,0,0,7296538.72,5928088.7,2465099.71,2000862.66,2556409.43,2072000.19,4151632.35,3350026.58,5157053.02,6765323.43
2020-08-30,8480394.59,6775599.46,Train,2020,8,30,6,1,3,0,0,-0.8660254037844385,-0.5000000000000004,-0.7818314824680299,0.6234898018587334,0,0,1,7517051.79,6089417.86,2832425.22,2280579.88,2596444.46,2077063.06,5610491.95,4496247.74,5057671.9,6368386.98
2020-08-31,7490849.71,6294569.34,Train,2020,8,31,0,0,3,0,1,-0.8660254037844385,-0.5000000000000004,0.0,1.0,0,0,1,8480394.59,6775599.46,3217603.07,2631929.43,3646382.12,2892437.08,6132541.37,4909626.33,4505538.06,5575548.49
2020-09-01,6047477.92,5072223.86,Train,2020,9,1,1,0,3,1,0,-1.0,-1.8369701987210297e-16,0.7818314824680298,0.6234898018587336,0,0,1,7490849.71,6294569.34,2428315.18,1917538.84,3240488.83,2493505.46,5345584.67,4186394.94,1524133.27,1524323.94
2020-09-02,1434923.77,1282633.72,Train,2020,9,2,2,0,3,0,0,-1.0,-1.8369701987210297e-16,0.9749279121818236,-0.22252093395631434,1,0,1,6047477.92,5072223.86,3194953.82,2616197.98,3279887.27,2543910.75,4397713.48,3443554.44,1594821.11,1372800.55
2020-09-03,1557705.54,1435356.63,Train,2020,9,3,3,0,3,0,0,-1.0,-1.8369701987210297e-16,0.43388373911755823,-0.900968867902419,0,0,1,1434923.77,1282633.72,4445347.68,3675387.97,3569013.59,2909846.44,3298352.62,2591360.98,870213.71,795474.98
2020-09-04,1425115.38,1249060.77,Train,2020,9,4,4,0,3,0,0,-1.0,-1.8369701987210297e-16,-0.433883739117558,-0.9009688679024191,0,0,1,1557705.54,1435356.63,7296538.72,5928088.7,3939388.46,3133654.06,2223462.81,1734678.05,1849227.68,1737296.3
2020-09-05,1581867.47,1449235.72,Train,2020,9,5,5,1,3,0,0,-1.0,-1.8369701987210297e-16,-0.9749279121818236,-0.2225209339563146,0,0,1,1425115.38,1249060.77,7517051.79,6089417.86,2465099.71,2000862.66,2991469.99,2308279.85,2055566.63,1816545.14
2020-09-06,2654105.11,2377874.42,Train,2020,9,6,6,1,3,0,0,-1.0,-1.8369701987210297e-16,-0.7818314824680299,0.6234898018587334,0,0,1,1581867.47,1449235.72,8480394.59,6775599.46,2832425.22,2280579.88,3277756.91,2547914.06,2056135.02,1821442.12
2020-09-07,2479133.84,2159138.36,Train,2020,9,7,0,0,3,0,0,-1.0,-1.8369701987210297e-16,0.0,1.0,0,0,1,2654105.11,2377874.42,7490849.71,6294569.34,3217603.07,2631929.43,2449651.51,2088845.7,2799308.76,2590587.34
2020-09-08,2542645.13,2183405.0,Train,2020,9,8,1,0,3,0,0,-1.0,-1.8369701987210297e-16,0.7818314824680298,0.6234898018587336,0,0,1,2479133.84,2159138.36,6047477.92,5072223.86,2428315.18,1917538.84,2935305.67,2352528.07,3586421.12,3025750.34
2020-09-09,1979410.07,1799215.01,Train,2020,9,9,2,0,3,0,0,-1.0,-1.8369701987210297e-16,0.9749279121818236,-0.22252093395631434,0,0,1,2542645.13,2183405.0,1434923.77,1282633.72,3194953.82,2616197.98,2914723.92,2318822.04,2327550.31,2102928.06
2020-09-10,3146008.14,2761931.92,Train,2020,9,10,3,0,3,0,0,-1.0,-1.8369701987210297e-16,0.43388373911755823,-0.900968867902419,0,0,1,1979410.07,1799215.01,1557705.54,1435356.63,4445347.68,3675387.97,2533038.45,2110648.66,2579418.47,2224939.94
2020-09-11,1990335.39,1821328.74,Train,2020,9,11,4,0,3,0,0,-1.0,-1.8369701987210297e-16,-0.433883739117558,-0.9009688679024191,0,0,1,3146008.14,2761931.92,1425115.38,1249060.77,7296538.72,5928088.7,4245177.97,3574622.62,2239528.24,2055638.17
2020-09-12,2806228.3,2605429.08,Train,2020,9,12,5,1,3,0,0,-1.0,-1.8369701987210297e-16,-0.9749279121818236,-0.2225209339563146,0,0,1,1990335.39,1821328.74,1581867.47,1449235.72,7517051.79,6089417.86,3438121.83,2662240.38,2602979.12,2360984.02
2020-09-13,2240095.92,1957201.32,Train,2020,9,13,6,1,3,0,0,-1.0,-1.8369701987210297e-16,-0.7818314824680299,0.6234898018587334,0,0,1,2806228.3,2605429.08,2654105.11,2377874.42,8480394.59,6775599.46,3685522.51,2879232.79,2471379.44,2104170.27
2020-09-14,2832905.03,2603630.98,Train,2020,9,14,0,0,3,0,0,-1.0,-1.8369701987210297e-16,0.0,1.0,0,0,1,2240095.92,1957201.32,2479133.84,2159138.36,7490849.71,6294569.34,2556409.43,2072000.19,2704686.82,2355376.75
2020-09-15,2914536.51,2476205.19,Train,2020,9,15,1,0,3,0,0,-1.0,-1.8369701987210297e-16,0.7818314824680298,0.6234898018587336,0,0,1,2832905.03,2603630.98,2542645.13,2183405.0,6047477.92,5072223.86,2596444.46,2077063.06,3377677.52,3056070.46
2020-09-16,1994638.41,1821831.75,Train,2020,9,16,2,0,3,0,0,-1.0,-1.8369701987210297e-16,0.9749279121818236,-0.22252093395631434,0,0,1,2914536.51,2476205.19,1979410.07,1799215.01,1434923.77,1282633.72,3646382.12,2892437.08,2208634.91,1901278.99
2020-09-17,1827659.24,1626961.14,Train,2020,9,17,3,0,3,0,0,-1.0,-1.8369701987210297e-16,0.43388373911755823,-0.900968867902419,0,0,1,1994638.41,1821831.75,3146008.14,2761931.92,1557705.54,1435356.63,3240488.83,2493505.46,2218355.01,1872520.36
2020-09-18,2600220.08,2233677.06,Train,2020,9,18,4,0,3,0,0,-1.0,-1.8369701987210297e-16,-0.433883739117558,-0.9009688679024191,0,0,1,1827659.24,1626961.14,1990335.39,1821328.74,1425115.38,1249060.77,3279887.27,2543910.75,2750834.47,2383301.79
2020-09-19,1806587.98,1582702.76,Train,2020,9,19,5,1,3,0,0,-1.0,-1.8369701987210297e-16,-0.9749279121818236,-0.2225209339563146,0,0,1,2600220.08,2233677.06,2806228.3,2605429.08,1581867.47,1449235.72,3569013.59,2909846.44,1849923.37,1616131.82
2020-09-20,2334885.81,2132834.58,Train,2020,9,20,6,1,3,0,0,-1.0,-1.8369701987210297e-16,-0.7818314824680299,0.6234898018587334,0,0,1,1806587.98,1582702.76,2240095.92,1957201.32,2654105.11,2377874.42,3939388.46,3133654.06,3723308.64,3312576.87
2020-09-21,3082015.84,2723671.97,Train,2020,9,21,0,0,3,0,0,-1.0,-1.8369701987210297e-16,0.0,1.0,0,0,1,2334885.81,2132834.58,2832905.03,2603630.98,2479133.84,2159138.36,2465099.71,2000862.66,3164897.45,2715456.74
2020-09-22,2827707.7,2426080.5,Train,2020,9,22,1,0,3,0,0,-1.0,-1.8369701987210297e-16,0.7818314824680298,0.6234898018587336,0,0,1,3082015.84,2723671.97,2914536.51,2476205.19,2542645.13,2183405.0,2832425.22,2280579.88,3099449.09,2787237.94
2020-09-23,2254030.17,2095482.45,Train,2020,9,23,2,0,3,0,0,-1.0,-1.8369701987210297e-16,0.9749279121818236,-0.22252093395631434,0,0,1,2827707.7,2426080.5,1994638.41,1821831.75,1979410.07,1799215.01,3217603.07,2631929.43,2947408.34,2515101.0
2020-09-24,2021614.99,1879290.21,Train,2020,9,24,3,0,3,0,0,-1.0,-1.8369701987210297e-16,0.43388373911755823,-0.900968867902419,0,0,1,2254030.17,2095482.45,1827659.24,1626961.14,3146008.14,2761931.92,2428315.18,1917538.84,2898334.29,2483117.25
2020-09-25,2587034.31,2341681.4,Train,2020,9,25,4,0,3,0,0,-1.0,-1.8369701987210297e-16,-0.433883739117558,-0.9009688679024191,0,0,1,2021614.99,1879290.21,2600220.08,2233677.06,1990335.39,1821328.74,3194953.82,2616197.98,2908501.91,2610054.46
2020-09-26,2219447.23,2025784.18,Train,2020,9,26,5,1,3,0,0,-1.0,-1.8369701987210297e-16,-0.9749279121818236,-0.2225209339563146,0,0,1,2587034.31,2341681.4,1806587.98,1582702.76,2806228.3,2605429.08,4445347.68,3675387.97,3950186.78,3564014.93
2020-09-27,3907778.93,3495826.9,Train,2020,9,27,6,1,3,0,0,-1.0,-1.8369701987210297e-16,-0.7818314824680299,0.6234898018587334,0,0,1,2219447.23,2025784.18,2334885.81,2132834.58,2240095.92,1957201.32,7296538.72,5928088.7,3814692.18,3453282.93
2020-09-28,4681424.38,4163962.01,Train,2020,9,28,0,0,3,0,0,-1.0,-1.8369701987210297e-16,0.0,1.0,0,0,1,3907778.93,3495826.9,3082015.84,2723671.97,2832905.03,2603630.98,7517051.79,6089417.86,4292493.62,3763429.08
2020-09-29,3862957.51,3418321.41,Train,2020,9,29,1,0,3,0,0,-1.0,-1.8369701987210297e-16,0.7818314824680298,0.6234898018587336,0,0,1,4681424.38,4163962.01,2827707.7,2426080.5,2914536.51,2476205.19,8480394.59,6775599.46,4319120.35,3566624.12
2020-09-30,3185317.6,2835582.57,Train,2020,9,30,2,0,3,0,1,-1.0,-1.8369701987210297e-16,0.9749279121818236,-0.22252093395631434,0,0,1,3862957.51,3418321.41,2254030.17,2095482.45,1994638.41,1821831.75,7490849.71,6294569.34,3461580.0,2846842.32
2020-10-01,2053948.94,1801442.13,Train,2020,10,1,3,0,4,1,0,-0.8660254037844386,0.5000000000000001,0.43388373911755823,-0.900968867902419,0,0,1,3185317.6,2835582.57,2021614.99,1879290.21,1827659.24,1626961.14,6047477.92,5072223.86,1385364.76,1073130.28
2020-10-02,844947.12,672777.16,Train,2020,10,2,4,0,4,0,0,-0.8660254037844386,0.5000000000000001,-0.433883739117558,-0.9009688679024191,0,0,0,2053948.94,1801442.13,2587034.31,2341681.4,2600220.08,2233677.06,1434923.77,1282633.72,1326788.68,1033086.86
2020-10-03,1819620.17,1400911.62,Train,2020,10,3,5,1,4,0,0,-0.8660254037844386,0.5000000000000001,-0.9749279121818236,-0.2225209339563146,0,0,0,844947.12,672777.16,2219447.23,2025784.18,1806587.98,1582702.76,1557705.54,1435356.63,1866207.62,1478185.6
2020-10-04,1305849.84,1031248.84,Train,2020,10,4,6,1,4,0,0,-0.8660254037844386,0.5000000000000001,-0.7818314824680299,0.6234898018587334,0,0,0,1819620.17,1400911.62,3907778.93,3495826.9,2334885.81,2132834.58,1425115.38,1249060.77,1911023.55,1500730.35
2020-10-05,1476045.28,1106750.78,Train,2020,10,5,0,0,4,0,0,-0.8660254037844386,0.5000000000000001,0.0,1.0,0,0,0,1305849.84,1031248.84,4681424.38,4163962.01,3082015.84,2723671.97,1581867.47,1449235.72,2387439.44,1819262.68
2020-10-06,2225510.95,1785750.97,Train,2020,10,6,1,0,4,0,0,-0.8660254037844386,0.5000000000000001,0.7818314824680298,0.6234898018587336,0,0,0,1476045.28,1106750.78,3862957.51,3418321.41,2827707.7,2426080.5,2654105.11,2377874.42,1999285.69,1511800.84
2020-10-07,2084609.48,1633404.7,Train,2020,10,7,2,0,4,0,0,-0.8660254037844386,0.5000000000000001,0.9749279121818236,-0.22252093395631434,0,0,0,2225510.95,1785750.97,3185317.6,2835582.57,2254030.17,2095482.45,2479133.84,2159138.36,1470915.7,1203719.05
2020-10-08,1798621.9,1415449.28,Train,2020,10,8,3,0,4,0,0,-0.8660254037844386,0.5000000000000001,0.43388373911755823,-0.900968867902419,0,0,0,2084609.48,1633404.7,2053948.94,1801442.13,2021614.99,1879290.21,2542645.13,2183405.0,1397689.65,1162543.67
2020-10-09,1682037.65,1404182.57,Train,2020,10,9,4,0,4,0,0,-0.8660254037844386,0.5000000000000001,-0.433883739117558,-0.9009688679024191,0,0,0,1798621.9,1415449.28,844947.12,672777.16,2587034.31,2341681.4,1979410.07,1799215.01,1458507.56,1177103.47
2020-10-10,2023437.43,1582185.76,Train,2020,10,10,5,1,4,0,0,-0.8660254037844386,0.5000000000000001,-0.9749279121818236,-0.2225209339563146,0,0,0,1682037.65,1404182.57,1819620.17,1400911.62,2219447.23,2025784.18,3146008.14,2761931.92,2040409.76,1602691.87
2020-10-11,1446988.51,1177371.98,Train,2020,10,11,6,1,4,0,0,-0.8660254037844386,0.5000000000000001,-0.7818314824680299,0.6234898018587334,0,0,0,2023437.43,1582185.76,1305849.84,1031248.84,3907778.93,3495826.9,1990335.39,1821328.74,1557560.26,1243446.67
2020-10-12,1856496.7,1470316.91,Train,2020,10,12,0,0,4,0,0,-0.8660254037844386,0.5000000000000001,0.0,1.0,0,0,0,1446988.51,1177371.98,1476045.28,1106750.78,4681424.38,4163962.01,2806228.3,2605429.08,2002257.12,1582043.04
2020-10-13,3071390.97,2435896.58,Train,2020,10,13,1,0,4,0,0,-0.8660254037844386,0.5000000000000001,0.7818314824680298,0.6234898018587336,0,0,0,1856496.7,1470316.91,2225510.95,1785750.97,3862957.51,3418321.41,2240095.92,1957201.32,1775994.7,1462978.37
2020-10-14,2627129.58,2030216.9,Train,2020,10,14,2,0,4,0,0,-0.8660254037844386,0.5000000000000001,0.9749279121818236,-0.22252093395631434,0,0,0,3071390.97,2435896.58,2084609.48,1633404.7,3185317.6,2835582.57,2832905.03,2603630.98,2018887.59,1548517.17
2020-10-15,1826480.99,1499468.55,Train,2020,10,15,3,0,4,0,0,-0.8660254037844386,0.5000000000000001,0.43388373911755823,-0.900968867902419,0,0,0,2627129.58,2030216.9,1798621.9,1415449.28,2053948.94,1801442.13,2914536.51,2476205.19,1464108.41,1141541.16
2020-10-16,2213689.11,1814772.4,Train,2020,10,16,4,0,4,0,0,-0.8660254037844386,0.5000000000000001,-0.433883739117558,-0.9009688679024191,0,0,0,1826480.99,1499468.55,1682037.65,1404182.57,844947.12,672777.16,1994638.41,1821831.75,1372058.65,1046890.17
2020-10-17,2024181.52,1623856.95,Train,2020,10,17,5,1,4,0,0,-0.8660254037844386,0.5000000000000001,-0.9749279121818236,-0.2225209339563146,0,0,0,2213689.11,1814772.4,2023437.43,1582185.76,1819620.17,1400911.62,1827659.24,1626961.14,1653633.26,1278811.6
2020-10-18,2416150.55,2000897.4,Train,2020,10,18,6,1,4,0,0,-0.8660254037844386,0.5000000000000001,-0.7818314824680299,0.6234898018587334,0,0,0,2024181.52,1623856.95,1446988.51,1177371.98,1305849.84,1031248.84,2600220.08,2233677.06,2811323.63,2269521.38
2020-10-19,1798941.77,1455468.16,Train,2020,10,19,0,0,4,0,0,-0.8660254037844386,0.5000000000000001,0.0,1.0,0,0,0,2416150.55,2000897.4,1856496.7,1470316.91,1476045.28,1106750.78,1806587.98,1582702.76,2844841.01,2392660.05
2020-10-20,2361849.87,1800189.76,Train,2020,10,20,1,0,4,0,0,-0.8660254037844386,0.5000000000000001,0.7818314824680298,0.6234898018587336,0,0,0,1798941.77,1455468.16,3071390.97,2435896.58,2225510.95,1785750.97,2334885.81,2132834.58,2711153.32,2148763.37
2020-10-21,2168284.88,1762213.02,Train,2020,10,21,2,0,4,0,0,-0.8660254037844386,0.5000000000000001,0.9749279121818236,-0.22252093395631434,0,0,0,2361849.87,1800189.76,2627129.58,2030216.9,2084609.48,1633404.7,3082015.84,2723671.97,2214683.33,1838977.01
2020-10-22,2384359.77,1939167.59,Train,2020,10,22,3,0,4,0,0,-0.8660254037844386,0.5000000000000001,0.43388373911755823,-0.900968867902419,0,0,0,2168284.88,1762213.02,1826480.99,1499468.55,1798621.9,1415449.28,2827707.7,2426080.5,1759141.45,1358481.77
2020-10-23,1313373.58,984874.54,Train,2020,10,23,4,0,4,0,0,-0.8660254037844386,0.5000000000000001,-0.433883739117558,-0.9009688679024191,0,0,0,2384359.77,1939167.59,2213689.11,1814772.4,1682037.65,1404182.57,2254030.17,2095482.45,2022900.04,1666320.71
2020-10-24,2435210.66,1935814.16,Train,2020,10,24,5,1,4,0,0,-0.8660254037844386,0.5000000000000001,-0.9749279121818236,-0.2225209339563146,0,0,0,1313373.58,984874.54,2024181.52,1623856.95,2023437.43,1582185.76,2021614.99,1879290.21,3187144.16,2421364.94
2020-10-25,2045855.5,1595051.09,Train,2020,10,25,6,1,4,0,0,-0.8660254037844386,0.5000000000000001,-0.7818314824680299,0.6234898018587334,0,0,0,2435210.66,1935814.16,2416150.55,2000897.4,1446988.51,1177371.98,2587034.31,2341681.4,2566324.34,2091249.47
2020-10-26,2383306.02,1881515.76,Train,2020,10,26,0,0,4,0,0,-0.8660254037844386,0.5000000000000001,0.0,1.0,0,0,0,2045855.5,1595051.09,1798941.77,1455468.16,1856496.7,1470316.91,2219447.23,2025784.18,2753908.73,2215124.51
2020-10-27,3242319.66,2668015.76,Train,2020,10,27,1,0,4,0,0,-0.8660254037844386,0.5000000000000001,0.7818314824680298,0.6234898018587336,0,0,0,2383306.02,1881515.76,2361849.87,1800189.76,3071390.97,2435896.58,3907778.93,3495826.9,4549329.18,3685783.91
2020-10-28,4138715.4,3246854.44,Train,2020,10,28,2,0,4,0,0,-0.8660254037844386,0.5000000000000001,0.9749279121818236,-0.22252093395631434,0,0,0,3242319.66,2668015.76,2168284.88,1762213.02,2627129.58,2030216.9,4681424.38,4163962.01,4173624.95,3482498.58
2020-10-29,3361148.04,2777298.73,Train,2020,10,29,3,0,4,0,0,-0.8660254037844386,0.5000000000000001,0.43388373911755823,-0.900968867902419,0,0,0,4138715.4,3246854.44,2384359.77,1939167.59,1826480.99,1499468.55,3862957.51,3418321.41,4011152.34,3303293.41
2020-10-30,2606337.42,2045887.36,Train,2020,10,30,4,0,4,0,0,-0.8660254037844386,0.5000000000000001,-0.433883739117558,-0.9009688679024191,0,0,0,3361148.04,2777298.73,1313373.58,984874.54,2213689.11,1814772.4,3185317.6,2835582.57,3902622.14,3200919.46
2020-10-31,3099623.67,2419274.6,Train,2020,10,31,5,1,4,0,1,-0.8660254037844386,0.5000000000000001,-0.9749279121818236,-0.2225209339563146,0,0,0,2606337.42,2045887.36,2435210.66,1935814.16,2024181.52,1623856.95,2053948.94,1801442.13,2457372.77,1859550.39
2020-11-01,2000351.9,1651707.88,Train,2020,11,1,6,1,4,1,0,-0.5000000000000004,0.8660254037844384,-0.7818314824680299,0.6234898018587334,0,0,0,3099623.67,2419274.6,2045855.5,1595051.09,2416150.55,2000897.4,844947.12,672777.16,1251673.78,1011108.33
2020-11-02,1609265.54,1276568.22,Train,2020,11,2,0,0,4,0,0,-0.5000000000000004,0.8660254037844384,0.0,1.0,0,0,0,2000351.9,1651707.88,2383306.02,1881515.76,1798941.77,1455468.16,1819620.17,1400911.62,1429798.26,1038587.83
2020-11-03,1148970.3,951051.1,Train,2020,11,3,1,0,4,0,0,-0.5000000000000004,0.8660254037844384,0.7818314824680298,0.6234898018587336,0,0,0,1609265.54,1276568.22,3242319.66,2668015.76,2361849.87,1800189.76,1305849.84,1031248.84,1262571.36,995581.04
2020-11-04,1475675.48,1140886.92,Train,2020,11,4,2,0,4,0,0,-0.5000000000000004,0.8660254037844384,0.9749279121818236,-0.22252093395631434,0,0,0,1148970.3,951051.1,4138715.4,3246854.44,2168284.88,1762213.02,1476045.28,1106750.78,1612667.27,1321321.71
2020-11-05,1340308.97,1063954.02,Train,2020,11,5,3,0,4,0,0,-0.5000000000000004,0.8660254037844384,0.43388373911755823,-0.900968867902419,0,0,0,1475675.48,1140886.92,3361148.04,2777298.73,2384359.77,1939167.59,2225510.95,1785750.97,1293265.9,977612.75
2020-11-06,717152.89,537123.9,Train,2020,11,6,4,0,4,0,0,-0.5000000000000004,0.8660254037844384,-0.433883739117558,-0.9009688679024191,0,0,0,1340308.97,1063954.02,2606337.42,2045887.36,1313373.58,984874.54,2084609.48,1633404.7,1946539.7,1520179.67
2020-11-07,1261006.58,1012158.51,Train,2020,11,7,5,1,4,0,0,-0.5000000000000004,0.8660254037844384,-0.9749279121818236,-0.2225209339563146,0,0,0,717152.89,537123.9,3099623.67,2419274.6,2435210.66,1935814.16,1798621.9,1415449.28,1109713.24,903061.67
2020-11-08,1462906.75,1152752.12,Train,2020,11,8,6,1,4,0,0,-0.5000000000000004,0.8660254037844384,-0.7818314824680299,0.6234898018587334,0,0,0,1261006.58,1012158.51,2000351.9,1651707.88,2045855.5,1595051.09,1682037.65,1404182.57,2311380.72,1875909.56
2020-11-09,1841341.67,1500031.86,Train,2020,11,9,0,0,4,0,0,-0.5000000000000004,0.8660254037844384,0.0,1.0,0,0,0,1462906.75,1152752.12,1609265.54,1276568.22,2383306.02,1881515.76,2023437.43,1582185.76,3011648.48,2352435.67
2020-11-10,1423817.05,1131446.53,Train,2020,11,10,1,0,4,0,0,-0.5000000000000004,0.8660254037844384,0.7818314824680298,0.6234898018587336,0,0,0,1841341.67,1500031.86,1148970.3,951051.1,3242319.66,2668015.76,1446988.51,1177371.98,2092297.23,1711092.76
2020-11-11,1850484.56,1510899.02,Train,2020,11,11,2,0,4,0,0,-0.5000000000000004,0.8660254037844384,0.9749279121818236,-0.22252093395631434,0,0,0,1423817.05,1131446.53,1475675.48,1140886.92,4138715.4,3246854.44,1856496.7,1470316.91,2105090.82,1720904.41
2020-11-12,1742209.81,1490266.12,Train,2020,11,12,3,0,4,0,0,-0.5000000000000004,0.8660254037844384,0.43388373911755823,-0.900968867902419,0,0,0,1850484.56,1510899.02,1340308.97,1063954.02,3361148.04,2777298.73,3071390.97,2435896.58,2427345.64,1997625.77
2020-11-13,1874908.56,1475799.13,Train,2020,11,13,4,0,4,0,0,-0.5000000000000004,0.8660254037844384,-0.433883739117558,-0.9009688679024191,0,0,0,1742209.81,1490266.12,717152.89,537123.9,2606337.42,2045887.36,2627129.58,2030216.9,2269908.4,1766713.41
2020-11-14,1505407.33,1170919.18,Train,2020,11,14,5,1,4,0,0,-0.5000000000000004,0.8660254037844384,-0.9749279121818236,-0.2225209339563146,0,0,0,1874908.56,1475799.13,1261006.58,1012158.51,3099623.67,2419274.6,1826480.99,1499468.55,2141001.63,1662947.41
2020-11-15,1822943.34,1452200.16,Train,2020,11,15,6,1,4,0,0,-0.5000000000000004,0.8660254037844384,-0.7818314824680299,0.6234898018587334,0,0,0,1505407.33,1170919.18,1462906.75,1152752.12,2000351.9,1651707.88,2213689.11,1814772.4,1941582.58,1536690.27
2020-11-16,1677772.33,1289405.39,Train,2020,11,16,0,0,4,0,0,-0.5000000000000004,0.8660254037844384,0.0,1.0,0,0,0,1822943.34,1452200.16,1841341.67,1500031.86,1609265.54,1276568.22,2024181.52,1623856.95,2590750.35,2104287.3
2020-11-17,1698265.63,1375791.27,Train,2020,11,17,1,0,4,0,0,-0.5000000000000004,0.8660254037844384,0.7818314824680298,0.6234898018587336,0,0,0,1677772.33,1289405.39,1423817.05,1131446.53,1148970.3,951051.1,2416150.55,2000897.4,2099691.1,1835944.86
2020-11-18,1708292.62,1460231.18,Train,2020,11,18,2,0,4,0,0,-0.5000000000000004,0.8660254037844384,0.9749279121818236,-0.22252093395631434,0,0,1,1698265.63,1375791.27,1850484.56,1510899.02,1475675.48,1140886.92,1798941.77,1455468.16,1303736.25,1077699.56
2020-11-19,1389140.38,1147069.41,Train,2020,11,19,3,0,4,0,0,-0.5000000000000004,0.8660254037844384,0.43388373911755823,-0.900968867902419,0,0,1,1708292.62,1460231.18,1742209.81,1490266.12,1340308.97,1063954.02,2361849.87,1800189.76,1211508.93,1056017.89
2020-11-20,1761075.99,1653768.63,Train,2020,11,20,4,0,4,0,0,-0.5000000000000004,0.8660254037844384,-0.433883739117558,-0.9009688679024191,0,0,1,1389140.38,1147069.41,1874908.56,1475799.13,717152.89,537123.9,2168284.88,1762213.02,1758120.57,1675422.59
2020-11-21,1277317.49,1191035.2,Train,2020,11,21,5,1,4,0,0,-0.5000000000000004,0.8660254037844384,-0.9749279121818236,-0.2225209339563146,0,0,1,1761075.99,1653768.63,1505407.33,1170919.18,1261006.58,1012158.51,2384359.77,1939167.59,1717259.82,1683212.87
2020-11-22,1402812.95,1422457.39,Train,2020,11,22,6,1,4,0,0,-0.5000000000000004,0.8660254037844384,-0.7818314824680299,0.6234898018587334,0,0,1,1277317.49,1191035.2,1822943.34,1452200.16,1462906.75,1152752.12,1313373.58,984874.54,1275541.97,1314745.82
2020-11-23,1254495.47,1331674.56,Train,2020,11,23,0,0,4,0,0,-0.5000000000000004,0.8660254037844384,0.0,1.0,0,0,1,1402812.95,1422457.39,1677772.33,1289405.39,1841341.67,1500031.86,2435210.66,1935814.16,1513582.11,1601636.32
2020-11-24,1234768.03,1251831.61,Train,2020,11,24,1,0,4,0,0,-0.5000000000000004,0.8660254037844384,0.7818314824680298,0.6234898018587336,0,0,1,1254495.47,1331674.56,1698265.63,1375791.27,1423817.05,1131446.53,2045855.5,1595051.09,1823713.36,1796200.75
2020-11-25,1016787.85,1011073.66,Train,2020,11,25,2,0,4,0,0,-0.5000000000000004,0.8660254037844384,0.9749279121818236,-0.22252093395631434,0,0,1,1234768.03,1251831.61,1708292.62,1460231.18,1850484.56,1510899.02,2383306.02,1881515.76,1658805.72,1632988.64
2020-11-26,1003033.14,1066907.31,Train,2020,11,26,3,0,4,0,0,-0.5000000000000004,0.8660254037844384,0.43388373911755823,-0.900968867902419,0,0,1,1016787.85,1011073.66,1389140.38,1147069.41,1742209.81,1490266.12,3242319.66,2668015.76,1673862.79,1730384.96
2020-11-27,2064673.72,2076697.24,Train,2020,11,27,4,0,4,0,0,-0.5000000000000004,0.8660254037844384,-0.433883739117558,-0.9009688679024191,0,0,1,1003033.14,1066907.31,1761075.99,1653768.63,1874908.56,1475799.13,4138715.4,3246854.44,2283224.58,2385990.97
2020-11-28,2102733.52,2118368.35,Train,2020,11,28,5,1,4,0,0,-0.5000000000000004,0.8660254037844384,-0.9749279121818236,-0.2225209339563146,0,0,1,2064673.72,2076697.24,1277317.49,1191035.2,1505407.33,1170919.18,3361148.04,2777298.73,1727675.92,1763358.52
2020-11-29,1696662.48,1642786.66,Train,2020,11,29,6,1,4,0,0,-0.5000000000000004,0.8660254037844384,-0.7818314824680299,0.6234898018587334,0,0,1,2102733.52,2118368.35,1402812.95,1422457.39,1822943.34,1452200.16,2606337.42,2045887.36,1706944.78,1590980.52
2020-11-30,1376299.12,1423882.94,Train,2020,11,30,0,0,4,0,1,-0.5000000000000004,0.8660254037844384,0.0,1.0,0,0,1,1696662.48,1642786.66,1254495.47,1331674.56,1677772.33,1289405.39,3099623.67,2419274.6,1570052.1,1541270.84
2020-12-01,1160032.88,1083886.83,Train,2020,12,1,1,0,4,1,0,-2.4492935982947064e-16,1.0,0.7818314824680298,0.6234898018587336,0,0,1,1376299.12,1423882.94,1234768.03,1251831.61,1698265.63,1375791.27,2000351.9,1651707.88,939051.09,913949.28
2020-12-02,370653.23,366277.85,Train,2020,12,2,2,0,4,0,0,-2.4492935982947064e-16,1.0,0.9749279121818236,-0.22252093395631434,0,0,1,1160032.88,1083886.83,1016787.85,1011073.66,1708292.62,1460231.18,1609265.54,1276568.22,1049432.49,1050128.15
2020-12-03,528608.48,509665.44,Train,2020,12,3,3,0,4,0,0,-2.4492935982947064e-16,1.0,0.43388373911755823,-0.900968867902419,0,0,1,370653.23,366277.85,1003033.14,1066907.31,1389140.38,1147069.41,1148970.3,951051.1,808148.29,776278.66
2020-12-04,645703.05,632473.93,Train,2020,12,4,4,0,4,0,0,-2.4492935982947064e-16,1.0,-0.433883739117558,-0.9009688679024191,0,0,1,528608.48,509665.44,2064673.72,2076697.24,1761075.99,1653768.63,1475675.48,1140886.92,584316.21,549261.88
2020-12-05,653591.96,700683.81,Train,2020,12,5,5,1,4,0,0,-2.4492935982947064e-16,1.0,-0.9749279121818236,-0.2225209339563146,0,0,1,645703.05,632473.93,2102733.52,2118368.35,1277317.49,1191035.2,1340308.97,1063954.02,1028672.61,965955.9
2020-12-06,755648.75,731905.7,Train,2020,12,6,6,1,4,0,0,-2.4492935982947064e-16,1.0,-0.7818314824680299,0.6234898018587334,0,0,1,653591.96,700683.81,1696662.48,1642786.66,1402812.95,1422457.39,717152.89,537123.9,1004670.88,991134.01
2020-12-07,832522.38,856716.78,Train,2020,12,7,0,0,4,0,0,-2.4492935982947064e-16,1.0,0.0,1.0,0,0,1,755648.75,731905.7,1376299.12,1423882.94,1254495.47,1331674.56,1261006.58,1012158.51,992442.58,1015934.13
2020-12-08,1297656.34,1226584.15,Train,2020,12,8,1,0,4,0,0,-2.4492935982947064e-16,1.0,0.7818314824680298,0.6234898018587336,0,0,1,832522.38,856716.78,1160032.88,1083886.83,1234768.03,1251831.61,1462906.75,1152752.12,1419175.87,1414450.62
2020-12-09,1154833.63,1135523.17,Train,2020,12,9,2,0,4,0,0,-2.4492935982947064e-16,1.0,0.9749279121818236,-0.22252093395631434,0,0,1,1297656.34,1226584.15,370653.23,366277.85,1016787.85,1011073.66,1841341.67,1500031.86,902926.09,843652.61
2020-12-10,696601.42,694712.49,Train,2020,12,10,3,0,4,0,0,-2.4492935982947064e-16,1.0,0.43388373911755823,-0.900968867902419,0,0,1,1154833.63,1135523.17,528608.48,509665.44,1003033.14,1066907.31,1423817.05,1131446.53,1013400.28,984737.87
2020-12-11,708701.4,714731.83,Train,2020,12,11,4,0,4,0,0,-2.4492935982947064e-16,1.0,-0.433883739117558,-0.9009688679024191,0,0,1,696601.42,694712.49,645703.05,632473.93,2064673.72,2076697.24,1850484.56,1510899.02,928048.97,925066.67
2020-12-12,1122552.93,1114505.97,Train,2020,12,12,5,1,4,0,0,-2.4492935982947064e-16,1.0,-0.9749279121818236,-0.2225209339563146,0,0,1,708701.4,714731.83,653591.96,700683.81,2102733.52,2118368.35,1742209.81,1490266.12,1377941.74,1350365.69
2020-12-13,937152.62,894184.44,Train,2020,12,13,6,1,4,0,0,-2.4492935982947064e-16,1.0,-0.7818314824680299,0.6234898018587334,0,0,1,1122552.93,1114505.97,755648.75,731905.7,1696662.48,1642786.66,1874908.56,1475799.13,1133983.1,1100467.71
2020-12-14,1601200.69,1536265.51,Train,2020,12,14,0,0,4,0,0,-2.4492935982947064e-16,1.0,0.0,1.0,0,0,1,937152.62,894184.44,832522.38,856716.78,1376299.12,1423882.94,1505407.33,1170919.18,1178357.1,1177403.13
2020-12-15,1355809.66,1345601.61,Train,2020,12,15,1,0,4,0,0,-2.4492935982947064e-16,1.0,0.7818314824680298,0.6234898018587336,0,0,1,1601200.69,1536265.51,1297656.34,1226584.15,1160032.88,1083886.83,1822943.34,1452200.16,2441615.29,2435335.9
2020-12-16,1368150.26,1378715.06,Train,2020,12,16,2,0,4,0,0,-2.4492935982947064e-16,1.0,0.9749279121818236,-0.22252093395631434,0,0,1,1355809.66,1345601.61,1154833.63,1135523.17,370653.23,366277.85,1677772.33,1289405.39,1509802.09,1466889.03
2020-12-17,1104685.57,1105268.19,Train,2020,12,17,3,0,4,0,0,-2.4492935982947064e-16,1.0,0.43388373911755823,-0.900968867902419,0,0,1,1368150.26,1378715.06,696601.42,694712.49,528608.48,509665.44,1698265.63,1375791.27,1081751.46,1118946.01
2020-12-18,1251306.12,1173503.24,Train,2020,12,18,4,0,4,0,0,-2.4492935982947064e-16,1.0,-0.433883739117558,-0.9009688679024191,0,0,1,1104685.57,1105268.19,708701.4,714731.83,645703.05,632473.93,1708292.62,1460231.18,1755344.65,1729566.17
2020-12-19,1648432.09,1604918.15,Train,2020,12,19,5,1,4,0,0,-2.4492935982947064e-16,1.0,-0.9749279121818236,-0.2225209339563146,0,0,1,1251306.12,1173503.24,1122552.93,1114505.97,653591.96,700683.81,1389140.38,1147069.41,1591897.49,1519651.21
2020-12-20,1777867.4,1748875.07,Train,2020,12,20,6,1,4,0,0,-2.4492935982947064e-16,1.0,-0.7818314824680299,0.6234898018587334,0,0,1,1648432.09,1604918.15,937152.62,894184.44,755648.75,731905.7,1761075.99,1653768.63,1604411.0,1557139.8
2020-12-21,2040125.86,2025685.77,Train,2020,12,21,0,0,4,0,0,-2.4492935982947064e-16,1.0,0.0,1.0,0,0,1,1777867.4,1748875.07,1601200.69,1536265.51,832522.38,856716.78,1277317.49,1191035.2,1998393.15,2053342.91
2020-12-22,2050706.5,1957791.36,Train,2020,12,22,1,0,4,0,0,-2.4492935982947064e-16,1.0,0.7818314824680298,0.6234898018587336,0,0,1,2040125.86,2025685.77,1355809.66,1345601.61,1297656.34,1226584.15,1402812.95,1422457.39,1553261.7,1489890.38
2020-12-23,1964805.24,2036033.68,Train,2020,12,23,2,0,4,0,0,-2.4492935982947064e-16,1.0,0.9749279121818236,-0.22252093395631434,0,0,1,2050706.5,1957791.36,1368150.26,1378715.06,1154833.63,1135523.17,1254495.47,1331674.56,1516895.67,1497007.31
2020-12-24,1223063.47,1196024.1,Train,2020,12,24,3,0,4,0,0,-2.4492935982947064e-16,1.0,0.43388373911755823,-0.900968867902419,0,0,1,1964805.24,2036033.68,1104685.57,1105268.19,696601.42,694712.49,1234768.03,1251831.61,1299670.93,1288364.93
2020-12-25,1200258.49,1181002.97,Train,2020,12,25,4,0,4,0,0,-2.4492935982947064e-16,1.0,-0.433883739117558,-0.9009688679024191,0,0,1,1223063.47,1196024.1,1251306.12,1173503.24,708701.4,714731.83,1016787.85,1011073.66,962186.25,831064.78
2020-12-26,1099988.0,1121806.33,Train,2020,12,26,5,1,4,0,0,-2.4492935982947064e-16,1.0,-0.9749279121818236,-0.2225209339563146,0,0,1,1200258.49,1181002.97,1648432.09,1604918.15,1122552.93,1114505.97,1003033.14,1066907.31,2014300.3,2077708.75
2020-12-27,1517374.4,1548752.98,Train,2020,12,27,6,1,4,0,0,-2.4492935982947064e-16,1.0,-0.7818314824680299,0.6234898018587334,0,0,1,1099988.0,1121806.33,1777867.4,1748875.07,937152.62,894184.44,2064673.72,2076697.24,3502828.06,3565984.26
2020-12-28,3627797.75,3660309.96,Train,2020,12,28,0,0,4,0,0,-2.4492935982947064e-16,1.0,0.0,1.0,0,0,1,1517374.4,1548752.98,2040125.86,2025685.77,1601200.69,1536265.51,2102733.52,2118368.35,3313547.73,3269447.73
2020-12-29,2940732.69,2915164.04,Train,2020,12,29,1,0,4,0,0,-2.4492935982947064e-16,1.0,0.7818314824680298,0.6234898018587336,0,0,1,3627797.75,3660309.96,2050706.5,1957791.36,1355809.66,1345601.61,1696662.48,1642786.66,3576704.95,3493583.35
2020-12-30,2881135.64,2881761.18,Train,2020,12,30,2,0,4,0,0,-2.4492935982947064e-16,1.0,0.9749279121818236,-0.22252093395631434,0,0,1,2940732.69,2915164.04,1964805.24,2036033.68,1368150.26,1378715.06,1376299.12,1423882.94,2778326.07,2777906.18
2020-12-31,2153864.87,2157011.11,Train,2020,12,31,3,0,4,0,1,-2.4492935982947064e-16,1.0,0.43388373911755823,-0.900968867902419,0,0,1,2881135.64,2881761.18,1223063.47,1196024.1,1104685.57,1105268.19,1160032.88,1083886.83,1871817.88,1823332.03
2021-01-01,1553431.51,1547553.58,Train,2021,1,1,4,0,1,1,0,0.49999999999999994,0.8660254037844387,-0.433883739117558,-0.9009688679024191,1,0,1,2153864.87,2157011.11,1200258.49,1181002.97,1251306.12,1173503.24,370653.23,366277.85,306693.87,273455.38
2021-01-02,378420.41,311258.46,Train,2021,1,2,5,1,1,0,0,0.49999999999999994,0.8660254037844387,-0.9749279121818236,-0.2225209339563146,0,0,0,1553431.51,1547553.58,1099988.0,1121806.33,1648432.09,1604918.15,528608.48,509665.44,766406.86,609099.87
2021-01-03,677894.56,516308.19,Train,2021,1,3,6,1,1,0,0,0.49999999999999994,0.8660254037844387,-0.7818314824680299,0.6234898018587334,0,0,0,378420.41,311258.46,1517374.4,1548752.98,1777867.4,1748875.07,645703.05,632473.93,888245.03,704147.35
2021-01-04,819877.04,631242.67,Train,2021,1,4,0,0,1,0,0,0.49999999999999994,0.8660254037844387,0.0,1.0,0,0,0,677894.56,516308.19,3627797.75,3660309.96,2040125.86,2025685.77,653591.96,700683.81,1285208.07,1020467.61
2021-01-05,1174326.91,961163.6,Train,2021,1,5,1,0,1,0,0,0.49999999999999994,0.8660254037844387,0.7818314824680298,0.6234898018587336,0,0,0,819877.04,631242.67,2940732.69,2915164.04,2050706.5,1957791.36,755648.75,731905.7,970782.47,779316.08
2021-01-06,1114251.05,906466.26,Train,2021,1,6,2,0,1,0,0,0.49999999999999994,0.8660254037844387,0.9749279121818236,-0.22252093395631434,0,0,0,1174326.91,961163.6,2881135.64,2881761.18,1964805.24,2036033.68,832522.38,856716.78,764267.46,602605.56
2021-01-07,837846.02,690390.14,Train,2021,1,7,3,0,1,0,0,0.49999999999999994,0.8660254037844387,0.43388373911755823,-0.900968867902419,0,0,0,1114251.05,906466.26,2153864.87,2157011.11,1223063.47,1196024.1,1297656.34,1226584.15,1107287.26,894624.14
2021-01-08,1023293.14,849565.94,Train,2021,1,8,4,0,1,0,0,0.49999999999999994,0.8660254037844387,-0.433883739117558,-0.9009688679024191,0,0,0,837846.02,690390.14,1553431.51,1547553.58,1200258.49,1181002.97,1154833.63,1135523.17,1056334.6,871321.63
2021-01-09,853729.27,699954.28,Train,2021,1,9,5,1,1,0,0,0.49999999999999994,0.8660254037844387,-0.9749279121818236,-0.2225209339563146,0,0,0,1023293.14,849565.94,378420.41,311258.46,1099988.0,1121806.33,696601.42,694712.49,1052535.45,809623.15
2021-01-10,1180728.66,984866.85,Train,2021,1,10,6,1,1,0,0,0.49999999999999994,0.8660254037844387,-0.7818314824680299,0.6234898018587334,0,0,0,853729.27,699954.28,677894.56,516308.19,1517374.4,1548752.98,708701.4,714731.83,1482481.4,1217653.88
2021-01-11,1515387.6,1201417.37,Train,2021,1,11,0,0,1,0,0,0.49999999999999994,0.8660254037844387,0.0,1.0,0,0,0,1180728.66,984866.85,819877.04,631242.67,3627797.75,3660309.96,1122552.93,1114505.97,1377373.92,1076992.76
2021-01-12,1062807.64,869052.09,Train,2021,1,12,1,0,1,0,0,0.49999999999999994,0.8660254037844387,0.7818314824680298,0.6234898018587336,0,0,0,1515387.6,1201417.37,1174326.91,961163.6,2940732.69,2915164.04,937152.62,894184.44,1823598.04,1448101.5
2021-01-13,1070756.5,856031.34,Train,2021,1,13,2,0,1,0,0,0.49999999999999994,0.8660254037844387,0.9749279121818236,-0.22252093395631434,0,0,0,1062807.64,869052.09,1114251.05,906466.26,2881135.64,2881761.18,1601200.69,1536265.51,1243925.22,978766.56
2021-01-14,764427.24,629061.31,Train,2021,1,14,3,0,1,0,0,0.49999999999999994,0.8660254037844387,0.43388373911755823,-0.900968867902419,0,0,0,1070756.5,856031.34,837846.02,690390.14,2153864.87,2157011.11,1355809.66,1345601.61,1380005.06,1018100.72
2021-01-15,977003.78,779003.57,Train,2021,1,15,4,0,1,0,0,0.49999999999999994,0.8660254037844387,-0.433883739117558,-0.9009688679024191,0,0,0,764427.24,629061.31,1023293.14,849565.94,1553431.51,1547553.58,1368150.26,1378715.06,1030944.9,795470.95
2021-01-16,1185774.61,916210.38,Train,2021,1,16,5,1,1,0,0,0.49999999999999994,0.8660254037844387,-0.9749279121818236,-0.2225209339563146,0,0,0,977003.78,779003.57,853729.27,699954.28,378420.41,311258.46,1104685.57,1105268.19,1830660.94,1431085.31
2021-01-17,1224098.2,966990.57,Train,2021,1,17,6,1,1,0,0,0.49999999999999994,0.8660254037844387,-0.7818314824680299,0.6234898018587334,0,0,0,1185774.61,916210.38,1180728.66,984866.85,677894.56,516308.19,1251306.12,1173503.24,1766837.19,1324243.87
2021-01-18,2502006.18,1916159.06,Train,2021,1,18,0,0,1,0,0,0.49999999999999994,0.8660254037844387,0.0,1.0,0,0,0,1224098.2,966990.57,1515387.6,1201417.37,819877.04,631242.67,1648432.09,1604918.15,1524971.65,1235381.65
2021-01-19,2011018.39,1652010.17,Train,2021,1,19,1,0,1,0,0,0.49999999999999994,0.8660254037844387,0.7818314824680298,0.6234898018587336,0,0,0,2502006.18,1916159.06,1062807.64,869052.09,1174326.91,961163.6,1777867.4,1748875.07,1754063.39,1357099.14
2021-01-20,1595354.2,1216527.62,Train,2021,1,20,2,0,1,0,0,0.49999999999999994,0.8660254037844387,0.9749279121818236,-0.22252093395631434,0,0,0,2011018.39,1652010.17,1070756.5,856031.34,1114251.05,906466.26,2040125.86,2025685.77,1339757.99,1058996.46
2021-01-21,1698207.91,1250048.47,Train,2021,1,21,3,0,1,0,0,0.49999999999999994,0.8660254037844387,0.43388373911755823,-0.900968867902419,0,0,0,1595354.2,1216527.62,764427.24,629061.31,837846.02,690390.14,2050706.5,1957791.36,1519425.6,1259362.61
2021-01-22,1620041.5,1267935.48,Train,2021,1,22,4,0,1,0,0,0.49999999999999994,0.8660254037844387,-0.433883739117558,-0.9009688679024191,0,0,0,1698207.91,1250048.47,977003.78,779003.57,1023293.14,849565.94,1964805.24,2036033.68,1004242.27,765471.69
2021-01-23,1744298.27,1412867.08,Train,2021,1,23,5,1,1,0,0,0.49999999999999994,0.8660254037844387,-0.9749279121818236,-0.2225209339563146,0,0,0,1620041.5,1267935.48,1185774.61,916210.38,853729.27,699954.28,1223063.47,1196024.1,1704378.2,1375285.81
2021-01-24,1862707.42,1491339.57,Train,2021,1,24,6,1,1,0,0,0.49999999999999994,0.8660254037844387,-0.7818314824680299,0.6234898018587334,0,0,0,1744298.27,1412867.08,1224098.2,966990.57,1180728.66,984866.85,1200258.49,1181002.97,1822074.98,1406914.83
2021-01-25,2346216.5,1913189.53,Train,2021,1,25,0,0,1,0,0,0.49999999999999994,0.8660254037844387,0.0,1.0,0,0,0,1862707.42,1491339.57,2502006.18,1916159.06,1515387.6,1201417.37,1099988.0,1121806.33,2456410.62,1973809.59
2021-01-26,2993616.58,2282478.29,Train,2021,1,26,1,0,1,0,0,0.49999999999999994,0.8660254037844387,0.7818314824680298,0.6234898018587336,0,0,0,2346216.5,1913189.53,2011018.39,1652010.17,1062807.64,869052.09,1517374.4,1548752.98,3063079.4,2398030.81
2021-01-27,2258351.94,1690062.59,Train,2021,1,27,2,0,1,0,0,0.49999999999999994,0.8660254037844387,0.9749279121818236,-0.22252093395631434,0,0,0,2993616.58,2282478.29,1595354.2,1216527.62,1070756.5,856031.34,3627797.75,3660309.96,2756106.46,2116903.62
2021-01-28,2405871.45,1845885.39,Train,2021,1,28,3,0,1,0,0,0.49999999999999994,0.8660254037844387,0.43388373911755823,-0.900968867902419,0,0,0,2258351.94,1690062.59,1698207.91,1250048.47,764427.24,629061.31,2940732.69,2915164.04,2649423.01,2056424.25
2021-01-29,2246568.53,1778946.6,Train,2021,1,29,4,0,1,0,0,0.49999999999999994,0.8660254037844387,-0.433883739117558,-0.9009688679024191,0,0,0,2405871.45,1845885.39,1620041.5,1267935.48,977003.78,779003.57,2881135.64,2881761.18,2487204.75,2078176.85
2021-01-30,2167603.39,1754979.72,Train,2021,1,30,5,1,1,0,0,0.49999999999999994,0.8660254037844387,-0.9749279121818236,-0.2225209339563146,0,0,1,2246568.53,1778946.6,1744298.27,1412867.08,1185774.61,916210.38,2153864.87,2157011.11,1641713.06,1229647.19
2021-01-31,1607178.02,1317474.79,Train,2021,1,31,6,1,1,0,1,0.49999999999999994,0.8660254037844387,-0.7818314824680299,0.6234898018587334,0,0,1,2167603.39,1754979.72,1862707.42,1491339.57,1224098.2,966990.57,1553431.51,1547553.58,1463943.76,1142123.1
2021-02-01,1551374.11,1281321.59,Train,2021,2,1,0,0,1,1,0,0.8660254037844386,0.5000000000000001,0.0,1.0,0,0,1,1607178.02,1317474.79,2346216.5,1913189.53,2502006.18,1916159.06,378420.41,311258.46,1093114.88,845764.23
2021-02-02,958876.9,764858.08,Train,2021,2,2,1,0,1,0,0,0.8660254037844386,0.5000000000000001,0.7818314824680298,0.6234898018587336,0,0,1,1551374.11,1281321.59,2993616.58,2282478.29,2011018.39,1652010.17,677894.56,516308.19,1316072.4,1043180.49
2021-02-03,1095535.11,933310.92,Train,2021,2,3,2,0,1,0,0,0.8660254037844386,0.5000000000000001,0.9749279121818236,-0.22252093395631434,0,0,1,958876.9,764858.08,2258351.94,1690062.59,1595354.2,1216527.62,819877.04,631242.67,1029616.88,806175.81
2021-02-04,1345207.17,1009834.12,Train,2021,2,4,3,0,1,0,0,0.8660254037844386,0.5000000000000001,0.43388373911755823,-0.900968867902419,0,0,1,1095535.11,933310.92,2405871.45,1845885.39,1698207.91,1250048.47,1174326.91,961163.6,1584431.42,1282491.8
2021-02-05,1749418.05,1399602.15,Train,2021,2,5,4,0,1,0,0,0.8660254037844386,0.5000000000000001,-0.433883739117558,-0.9009688679024191,0,0,1,1345207.17,1009834.12,2246568.53,1778946.6,1620041.5,1267935.48,1114251.05,906466.26,1426441.72,1176781.21
2021-02-06,1240787.91,940727.48,Train,2021,2,6,5,1,1,0,0,0.8660254037844386,0.5000000000000001,-0.9749279121818236,-0.2225209339563146,0,0,1,1749418.05,1399602.15,2167603.39,1754979.72,1744298.27,1412867.08,837846.02,690390.14,1459386.86,1149577.39
2021-02-07,1814367.53,1394396.68,Train,2021,2,7,6,1,1,0,0,0.8660254037844386,0.5000000000000001,-0.7818314824680299,0.6234898018587334,0,0,1,1240787.91,940727.48,1607178.02,1317474.79,1862707.42,1491339.57,1023293.14,849565.94,2184212.09,1826022.53
2021-02-08,1325809.68,1131072.08,Train,2021,2,8,0,0,1,0,0,0.8660254037844386,0.5000000000000001,0.0,1.0,0,0,1,1814367.53,1394396.68,1551374.11,1281321.59,2346216.5,1913189.53,853729.27,699954.28,2055783.58,1523755.95
2021-02-09,1448124.96,1194857.77,Train,2021,2,9,1,0,1,0,0,0.8660254037844386,0.5000000000000001,0.7818314824680298,0.6234898018587336,0,0,1,1325809.68,1131072.08,958876.9,764858.08,2993616.58,2282478.29,1180728.66,984866.85,2291998.17,1847054.74
2021-02-10,1851743.73,1575581.32,Train,2021,2,10,2,0,1,0,0,0.8660254037844386,0.5000000000000001,0.9749279121818236,-0.22252093395631434,0,0,1,1448124.96,1194857.77,1095535.11,933310.92,2258351.94,1690062.59,1515387.6,1201417.37,1213349.37,971610.69
2021-02-11,1689417.95,1396084.38,Train,2021,2,11,3,0,1,0,0,0.8660254037844386,0.5000000000000001,0.43388373911755823,-0.900968867902419,0,0,1,1851743.73,1575581.32,1345207.17,1009834.12,2405871.45,1845885.39,1062807.64,869052.09,1321005.73,1096334.73
2021-02-12,1983824.96,1679342.84,Train,2021,2,12,4,0,1,0,0,0.8660254037844386,0.5000000000000001,-0.433883739117558,-0.9009688679024191,0,0,1,1689417.95,1396084.38,1749418.05,1399602.15,2246568.53,1778946.6,1070756.5,856031.34,1581431.75,1352362.12
2021-02-13,1986462.63,1556559.62,Train,2021,2,13,5,1,1,0,0,0.8660254037844386,0.5000000000000001,-0.9749279121818236,-0.2225209339563146,0,0,1,1983824.96,1679342.84,1240787.91,940727.48,2167603.39,1754979.72,764427.24,629061.31,2037539.68,1651978.34
2021-02-14,2942830.48,2472928.79,Train,2021,2,14,6,1,1,0,0,0.8660254037844386,0.5000000000000001,-0.7818314824680299,0.6234898018587334,0,0,1,1986462.63,1556559.62,1814367.53,1394396.68,1607178.02,1317474.79,977003.78,779003.57,2021731.66,1579252.08
2021-02-15,3142099.08,2531323.24,Train,2021,2,15,0,0,1,0,0,0.8660254037844386,0.5000000000000001,0.0,1.0,0,0,1,2942830.48,2472928.79,1325809.68,1131072.08,1551374.11,1281321.59,1185774.61,916210.38,2850540.94,2254151.72
2021-02-16,1874868.49,1645455.89,Train,2021,2,16,1,0,1,0,0,0.8660254037844386,0.5000000000000001,0.7818314824680298,0.6234898018587336,0,0,1,3142099.08,2531323.24,1448124.96,1194857.77,958876.9,764858.08,1224098.2,966990.57,3027388.85,2358428.94
2021-02-17,2468895.03,1948858.13,Train,2021,2,17,2,0,1,0,0,0.8660254037844386,0.5000000000000001,0.9749279121818236,-0.22252093395631434,0,0,1,1874868.49,1645455.89,1851743.73,1575581.32,1095535.11,933310.92,2502006.18,1916159.06,1906269.53,1488503.07
2021-02-18,1729200.62,1374282.0,Train,2021,2,18,3,0,1,0,0,0.8660254037844386,0.5000000000000001,0.43388373911755823,-0.900968867902419,0,0,1,2468895.03,1948858.13,1689417.95,1396084.38,1345207.17,1009834.12,2011018.39,1652010.17,2587869.93,2040282.29
2021-02-19,2485137.46,1894234.27,Train,2021,2,19,4,0,1,0,0,0.8660254037844386,0.5000000000000001,-0.433883739117558,-0.9009688679024191,0,0,1,1729200.62,1374282.0,1983824.96,1679342.84,1749418.05,1399602.15,1595354.2,1216527.62,2179252.94,1655887.69
2021-02-20,2510521.11,1978226.96,Train,2021,2,20,5,1,1,0,0,0.8660254037844386,0.5000000000000001,-0.9749279121818236,-0.2225209339563146,0,0,1,2485137.46,1894234.27,1986462.63,1556559.62,1240787.91,940727.48,1698207.91,1250048.47,1875282.27,1484938.15
2021-02-21,2673937.37,2158355.9,Train,2021,2,21,6,1,1,0,0,0.8660254037844386,0.5000000000000001,-0.7818314824680299,0.6234898018587334,0,0,1,2510521.11,1978226.96,2942830.48,2472928.79,1814367.53,1394396.68,1620041.5,1267935.48,2816611.42,2298912.93
2021-02-22,3295922.4,2680528.93,Train,2021,2,22,0,0,1,0,0,0.8660254037844386,0.5000000000000001,0.0,1.0,0,0,1,2673937.37,2158355.9,3142099.08,2531323.24,1325809.68,1131072.08,1744298.27,1412867.08,3660447.62,2943311.48
2021-02-23,4952064.84,3886168.63,Train,2021,2,23,1,0,1,0,0,0.8660254037844386,0.5000000000000001,0.7818314824680298,0.6234898018587336,0,0,1,3295922.4,2680528.93,1874868.49,1645455.89,1448124.96,1194857.77,1862707.42,1491339.57,4913668.98,3894010.08
2021-02-24,2880648.13,2377495.5,Train,2021,2,24,2,0,1,0,0,0.8660254037844386,0.5000000000000001,0.9749279121818236,-0.22252093395631434,0,0,1,4952064.84,3886168.63,2468895.03,1948858.13,1851743.73,1575581.32,2346216.5,1913189.53,3883383.17,3094926.07
2021-02-25,5675843.97,4598510.35,Train,2021,2,25,3,0,1,0,0,0.8660254037844386,0.5000000000000001,0.43388373911755823,-0.900968867902419,0,0,1,2880648.13,2377495.5,1729200.62,1374282.0,1689417.95,1396084.38,2993616.58,2282478.29,3776016.2,3155920.72
2021-02-26,3813868.44,3118356.14,Train,2021,2,26,4,0,1,0,0,0.8660254037844386,0.5000000000000001,-0.433883739117558,-0.9009688679024191,0,0,1,5675843.97,4598510.35,2485137.46,1894234.27,1983824.96,1679342.84,2258351.94,1690062.59,2799802.2,2267130.6
2021-02-27,3241854.71,2733660.27,Train,2021,2,27,5,1,1,0,0,0.8660254037844386,0.5000000000000001,-0.9749279121818236,-0.2225209339563146,0,0,1,3813868.44,3118356.14,2510521.11,1978226.96,1986462.63,1556559.62,2405871.45,1845885.39,1651589.28,1198881.14
2021-02-28,2348995.75,1901704.24,Train,2021,2,28,6,1,1,0,1,0.8660254037844386,0.5000000000000001,-0.7818314824680299,0.6234898018587334,0,0,1,3241854.71,2733660.27,2673937.37,2158355.9,2942830.48,2472928.79,2246568.53,1778946.6,440505.08,389641.44
2021-03-01,1942260.67,1595206.21,Train,2021,3,1,0,0,1,1,0,1.0,6.123233995736766e-17,0.0,1.0,0,0,1,2348995.75,1901704.24,3295922.4,2680528.93,3142099.08,2531323.24,2167603.39,1754979.72,574193.42,436323.03
2021-03-02,679248.37,536287.19,Train,2021,3,2,1,0,1,0,0,1.0,6.123233995736766e-17,0.7818314824680298,0.6234898018587336,0,0,0,1942260.67,1595206.21,4952064.84,3886168.63,1874868.49,1645455.89,1607178.02,1317474.79,723891.53,597321.16
2021-03-03,1202803.22,982110.07,Train,2021,3,3,2,0,1,0,0,1.0,6.123233995736766e-17,0.9749279121818236,-0.22252093395631434,0,0,0,679248.37,536287.19,2880648.13,2377495.5,2468895.03,1948858.13,1551374.11,1281321.59,943222.71,762767.07
2021-03-04,2188811.67,1718125.54,Train,2021,3,4,3,0,1,0,0,1.0,6.123233995736766e-17,0.43388373911755823,-0.900968867902419,0,0,0,1202803.22,982110.07,5675843.97,4598510.35,1729200.62,1374282.0,958876.9,764858.08,1909614.63,1505586.81
2021-03-05,1350969.16,1101818.84,Train,2021,3,5,4,0,1,0,0,1.0,6.123233995736766e-17,-0.433883739117558,-0.9009688679024191,0,0,0,2188811.67,1718125.54,3813868.44,3118356.14,2485137.46,1894234.27,1095535.11,933310.92,2333220.72,1843371.65
2021-03-06,1702498.76,1385168.73,Train,2021,3,6,5,1,1,0,0,1.0,6.123233995736766e-17,-0.9749279121818236,-0.2225209339563146,0,0,0,1350969.16,1101818.84,3241854.71,2733660.27,2510521.11,1978226.96,1345207.17,1009834.12,1511362.89,1171921.71
2021-03-07,2475099.15,2022240.35,Train,2021,3,7,6,1,1,0,0,1.0,6.123233995736766e-17,-0.7818314824680299,0.6234898018587334,0,0,0,1702498.76,1385168.73,2348995.75,1901704.24,2673937.37,2158355.9,1749418.05,1399602.15,1871812.61,1532326.46
2021-03-08,2765984.78,2054703.58,Train,2021,3,8,0,0,1,0,0,1.0,6.123233995736766e-17,0.0,1.0,0,0,0,2475099.15,2022240.35,1942260.67,1595206.21,3295922.4,2680528.93,1240787.91,940727.48,2407053.63,1849597.49
2021-03-09,2910840.37,2318282.64,Train,2021,3,9,1,0,1,0,0,1.0,6.123233995736766e-17,0.7818314824680298,0.6234898018587336,0,0,0,2765984.78,2054703.58,679248.37,536287.19,4952064.84,3886168.63,1814367.53,1394396.68,2614688.4,2090705.98
2021-03-10,2793536.43,2183321.72,Train,2021,3,10,2,0,1,0,0,1.0,6.123233995736766e-17,0.9749279121818236,-0.22252093395631434,0,0,0,2910840.37,2318282.64,1202803.22,982110.07,2880648.13,2377495.5,1325809.68,1131072.08,2160515.74,1668007.68
2021-03-11,4291688.17,3434300.04,Train,2021,3,11,3,0,1,0,0,1.0,6.123233995736766e-17,0.43388373911755823,-0.900968867902419,0,0,0,2793536.43,2183321.72,2188811.67,1718125.54,5675843.97,4598510.35,1448124.96,1194857.77,3433278.78,2692451.6
2021-03-12,4134860.06,3361961.81,Train,2021,3,12,4,0,1,0,0,1.0,6.123233995736766e-17,-0.433883739117558,-0.9009688679024191,0,0,0,4291688.17,3434300.04,1350969.16,1101818.84,3813868.44,3118356.14,1851743.73,1575581.32,4588363.52,3791750.44
2021-03-13,2417371.88,1968099.73,Train,2021,3,13,5,1,1,0,0,1.0,6.123233995736766e-17,-0.9749279121818236,-0.2225209339563146,0,0,0,4134860.06,3361961.81,1702498.76,1385168.73,3241854.71,2733660.27,1689417.95,1396084.38,3021810.51,2369481.88
2021-03-14,2889680.59,2334076.0,Train,2021,3,14,6,1,1,0,0,1.0,6.123233995736766e-17,-0.7818314824680299,0.6234898018587334,0,0,0,2417371.88,1968099.73,2475099.15,2022240.35,2348995.75,1901704.24,1983824.96,1679342.84,2973651.06,2401421.48
2021-03-15,3654509.31,2866925.36,Train,2021,3,15,0,0,1,0,0,1.0,6.123233995736766e-17,0.0,1.0,0,0,0,2889680.59,2334076.0,2765984.78,2054703.58,1942260.67,1595206.21,1986462.63,1556559.62,3221293.98,2639677.91
2021-03-16,4008350.11,3320217.27,Train,2021,3,16,1,0,1,0,0,1.0,6.123233995736766e-17,0.7818314824680298,0.6234898018587336,0,0,0,3654509.31,2866925.36,2910840.37,2318282.64,679248.37,536287.19,2942830.48,2472928.79,3825962.41,3158330.02
2021-03-17,4400411.89,3480694.63,Train,2021,3,17,2,0,1,0,0,1.0,6.123233995736766e-17,0.9749279121818236,-0.22252093395631434,0,0,0,4008350.11,3320217.27,2793536.43,2183321.72,1202803.22,982110.07,3142099.08,2531323.24,3337087.52,2593918.94
2021-03-18,5516765.31,4537155.51,Train,2021,3,18,3,0,1,0,0,1.0,6.123233995736766e-17,0.43388373911755823,-0.900968867902419,0,0,1,4400411.89,3480694.63,4291688.17,3434300.04,2188811.67,1718125.54,1874868.49,1645455.89,4361415.01,3636509.4
2021-03-19,3614457.51,2975958.79,Train,2021,3,19,4,0,1,0,0,1.0,6.123233995736766e-17,-0.433883739117558,-0.9009688679024191,0,0,1,5516765.31,4537155.51,4134860.06,3361961.81,1350969.16,1101818.84,2468895.03,1948858.13,4192556.63,3408251.62
2021-03-20,3232018.55,2766387.35,Train,2021,3,20,5,1,1,0,0,1.0,6.123233995736766e-17,-0.9749279121818236,-0.2225209339563146,0,0,1,3614457.51,2975958.79,2417371.88,1968099.73,1702498.76,1385168.73,1729200.62,1374282.0,4714923.6,4026187.52
2021-03-21,2822145.24,2475231.8,Train,2021,3,21,6,1,1,0,0,1.0,6.123233995736766e-17,-0.7818314824680299,0.6234898018587334,0,0,1,3232018.55,2766387.35,2889680.59,2334076.0,2475099.15,2022240.35,2485137.46,1894234.27,3786624.27,3364585.08
2021-03-22,3923103.49,3698730.81,Train,2021,3,22,0,0,1,0,0,1.0,6.123233995736766e-17,0.0,1.0,0,0,1,2822145.24,2475231.8,3654509.31,2866925.36,2765984.78,2054703.58,2510521.11,1978226.96,3660217.49,3308325.46
2021-03-23,4222620.69,3768846.71,Train,2021,3,23,1,0,1,0,0,1.0,6.123233995736766e-17,0.7818314824680298,0.6234898018587336,0,0,1,3923103.49,3698730.81,4008350.11,3320217.27,2910840.37,2318282.64,2673937.37,2158355.9,4599846.79,4217636.5
2021-03-24,4003647.57,3639438.17,Train,2021,3,24,2,0,1,0,0,1.0,6.123233995736766e-17,0.9749279121818236,-0.22252093395631434,0,0,1,4222620.69,3768846.71,4400411.89,3480694.63,2793536.43,2183321.72,3295922.4,2680528.93,3777061.29,3491500.34
2021-03-25,4847687.37,4322456.49,Train,2021,3,25,3,0,1,0,0,1.0,6.123233995736766e-17,0.43388373911755823,-0.900968867902419,0,0,1,4003647.57,3639438.17,5516765.31,4537155.51,4291688.17,3434300.04,4952064.84,3886168.63,5473119.8,4913905.47
2021-03-26,4034615.27,3623284.41,Train,2021,3,26,4,0,1,0,0,1.0,6.123233995736766e-17,-0.433883739117558,-0.9009688679024191,0,0,1,4847687.37,4322456.49,3614457.51,2975958.79,4134860.06,3361961.81,2880648.13,2377495.5,4976074.87,4486016.71
2021-03-27,3612774.77,3405524.2,Train,2021,3,27,5,1,1,0,0,1.0,6.123233995736766e-17,-0.9749279121818236,-0.2225209339563146,0,0,1,4034615.27,3623284.41,3232018.55,2766387.35,2417371.88,1968099.73,5675843.97,4598510.35,5292649.55,4770553.08
2021-03-28,3528929.89,3193051.24,Train,2021,3,28,6,1,1,0,0,1.0,6.123233995736766e-17,-0.7818314824680299,0.6234898018587334,0,0,1,3612774.77,3405524.2,2822145.24,2475231.8,2889680.59,2334076.0,3813868.44,3118356.14,4107108.15,3626441.43
2021-03-29,4090090.6,3735223.94,Train,2021,3,29,0,0,1,0,0,1.0,6.123233995736766e-17,0.0,1.0,0,0,1,3528929.89,3193051.24,3923103.49,3698730.81,3654509.31,2866925.36,3241854.71,2733660.27,4853424.1,4204693.19
2021-03-30,10795905.35,9875208.04,Train,2021,3,30,1,0,1,0,0,1.0,6.123233995736766e-17,0.7818314824680298,0.6234898018587336,0,0,1,4090090.6,3735223.94,4222620.69,3768846.71,4008350.11,3320217.27,2348995.75,1901704.24,8661154.35,7724558.44
2021-03-31,9220320.43,8547874.84,Train,2021,3,31,2,0,1,0,1,1.0,6.123233995736766e-17,0.9749279121818236,-0.22252093395631434,0,0,1,10795905.35,9875208.04,4003647.57,3639438.17,4400411.89,3480694.63,1942260.67,1595206.21,7897174.25,7105527.86
2021-04-01,9027075.84,8225391.38,Train,2021,4,1,3,0,2,1,0,0.8660254037844387,-0.4999999999999998,0.43388373911755823,-0.900968867902419,0,0,1,9220320.43,8547874.84,4847687.37,4322456.49,5516765.31,4537155.51,679248.37,536287.19,8755809.46,7957568.75
2021-04-02,7866035.23,7228630.89,Train,2021,4,2,4,0,2,0,0,0.8660254037844387,-0.4999999999999998,-0.433883739117558,-0.9009688679024191,0,0,1,9027075.84,8225391.38,4034615.27,3623284.41,3614457.51,2975958.79,1202803.22,982110.07,7577709.18,6681340.51
2021-04-03,7594752.42,7064149.71,Train,2021,4,3,5,1,2,0,0,0.8660254037844387,-0.4999999999999998,-0.9749279121818236,-0.2225209339563146,0,0,1,7866035.23,7228630.89,3612774.77,3405524.2,3232018.55,2766387.35,2188811.67,1718125.54,6784809.88,6004344.42
2021-04-04,1720555.46,1597615.49,Train,2021,4,4,6,1,2,0,0,0.8660254037844387,-0.4999999999999998,-0.7818314824680299,0.6234898018587334,0,0,1,7594752.42,7064149.71,3528929.89,3193051.24,2822145.24,2475231.8,1350969.16,1101818.84,2596249.84,2421613.19
2021-04-05,2665962.66,2489752.36,Train,2021,4,5,0,0,2,0,0,0.8660254037844387,-0.4999999999999998,0.0,1.0,0,0,1,1720555.46,1597615.49,4090090.6,3735223.94,3923103.49,3698730.81,1702498.76,1385168.73,2270549.35,2115323.24
2021-04-06,2627509.32,2395678.58,Train,2021,4,6,1,0,2,0,0,0.8660254037844387,-0.4999999999999998,0.7818314824680298,0.6234898018587336,0,0,1,2665962.66,2489752.36,10795905.35,9875208.04,4222620.69,3768846.71,2475099.15,2022240.35,2174513.69,1986210.77
2021-04-07,3504391.02,3200078.0,Train,2021,4,7,2,0,2,0,0,0.8660254037844387,-0.4999999999999998,0.9749279121818236,-0.22252093395631434,0,0,1,2627509.32,2395678.58,9220320.43,8547874.84,4003647.57,3639438.17,2765984.78,2054703.58,2970609.75,2686271.15
2021-04-08,3026850.22,2768519.33,Train,2021,4,8,3,0,2,0,0,0.8660254037844387,-0.4999999999999998,0.43388373911755823,-0.900968867902419,0,0,1,3504391.02,3200078.0,9027075.84,8225391.38,4847687.37,4322456.49,2910840.37,2318282.64,4245321.13,3850661.27
2021-04-09,3110153.27,2714930.73,Train,2021,4,9,4,0,2,0,0,0.8660254037844387,-0.4999999999999998,-0.433883739117558,-0.9009688679024191,0,0,1,3026850.22,2768519.33,7866035.23,7228630.89,4034615.27,3623284.41,2793536.43,2183321.72,3887991.65,3427172.36
2021-04-10,2505766.01,2142941.81,Train,2021,4,10,5,1,2,0,0,0.8660254037844387,-0.4999999999999998,-0.9749279121818236,-0.2225209339563146,0,0,1,3110153.27,2714930.73,7594752.42,7064149.71,3612774.77,3405524.2,4291688.17,3434300.04,3023393.36,2760209.97
2021-04-11,2755337.37,2528446.54,Train,2021,4,11,6,1,2,0,0,0.8660254037844387,-0.4999999999999998,-0.7818314824680299,0.6234898018587334,0,0,1,2505766.01,2142941.81,1720555.46,1597615.49,3528929.89,3193051.24,4134860.06,3361961.81,3732689.24,3332780.74
2021-04-12,3206411.87,3006280.88,Train,2021,4,12,0,0,2,0,0,0.8660254037844387,-0.4999999999999998,0.0,1.0,0,0,1,2755337.37,2528446.54,2665962.66,2489752.36,4090090.6,3735223.94,2417371.88,1968099.73,2907846.49,2591717.12
2021-04-13,3231903.43,2897501.76,Train,2021,4,13,1,0,2,0,0,0.8660254037844387,-0.4999999999999998,0.7818314824680298,0.6234898018587336,0,0,1,3206411.87,3006280.88,2627509.32,2395678.58,10795905.35,9875208.04,2889680.59,2334076.0,3947462.22,3605060.08
2021-04-14,5218947.03,4826353.96,Train,2021,4,14,2,0,2,0,0,0.8660254037844387,-0.4999999999999998,0.9749279121818236,-0.22252093395631434,0,0,1,3231903.43,2897501.76,3504391.02,3200078.0,9220320.43,8547874.84,3654509.31,2866925.36,3808658.46,3373247.72
2021-04-15,4270735.63,3783812.65,Train,2021,4,15,3,0,2,0,0,0.8660254037844387,-0.4999999999999998,0.43388373911755823,-0.900968867902419,0,0,1,5218947.03,4826353.96,3026850.22,2768519.33,9027075.84,8225391.38,4008350.11,3320217.27,4628778.3,3891917.12
2021-04-16,3735241.12,3308841.35,Train,2021,4,16,4,0,2,0,0,0.8660254037844387,-0.4999999999999998,-0.433883739117558,-0.9009688679024191,0,0,1,4270735.63,3783812.65,3110153.27,2714930.73,7866035.23,7228630.89,4400411.89,3480694.63,4375989.59,3596667.75
2021-04-17,3800876.52,3259298.49,Train,2021,4,17,5,1,2,0,0,0.8660254037844387,-0.4999999999999998,-0.9749279121818236,-0.2225209339563146,0,0,1,3735241.12,3308841.35,2505766.01,2142941.81,7594752.42,7064149.71,5516765.31,4537155.51,4558971.27,3709799.59
2021-04-18,4448113.81,3495208.68,Train,2021,4,18,6,1,2,0,0,0.8660254037844387,-0.4999999999999998,-0.7818314824680299,0.6234898018587334,0,0,0,3800876.52,3259298.49,2755337.37,2528446.54,1720555.46,1597615.49,3614457.51,2975958.79,3884483.75,3074401.15
2021-04-19,3468512.12,2925337.15,Train,2021,4,19,0,0,2,0,0,0.8660254037844387,-0.4999999999999998,0.0,1.0,0,0,0,4448113.81,3495208.68,3206411.87,3006280.88,2665962.66,2489752.36,3232018.55,2766387.35,5420905.61,4354985.3
2021-04-20,4030055.78,3186833.6,Train,2021,4,20,1,0,2,0,0,0.8660254037844387,-0.4999999999999998,0.7818314824680298,0.6234898018587336,0,0,0,3468512.12,2925337.15,3231903.43,2897501.76,2627509.32,2395678.58,2822145.24,2475231.8,3709374.1,2922517.52
2021-04-21,5244905.44,4141247.89,Train,2021,4,21,2,0,2,0,0,0.8660254037844387,-0.4999999999999998,0.9749279121818236,-0.22252093395631434,0,0,0,4030055.78,3186833.6,5218947.03,4826353.96,3504391.02,3200078.0,3923103.49,3698730.81,3772726.0,2994859.61
2021-04-22,4635126.49,3691630.05,Train,2021,4,22,3,0,2,0,0,0.8660254037844387,-0.4999999999999998,0.43388373911755823,-0.900968867902419,0,0,0,5244905.44,4141247.89,4270735.63,3783812.65,3026850.22,2768519.33,4222620.69,3768846.71,5657450.97,4439369.34
2021-04-23,2503702.41,1966755.8,Train,2021,4,23,4,0,2,0,0,0.8660254037844387,-0.4999999999999998,-0.433883739117558,-0.9009688679024191,0,0,0,4635126.49,3691630.05,3735241.12,3308841.35,3110153.27,2714930.73,4003647.57,3639438.17,5173024.12,4119922.93
2021-04-24,3966260.92,3199689.13,Train,2021,4,24,5,1,2,0,0,0.8660254037844387,-0.4999999999999998,-0.9749279121818236,-0.2225209339563146,0,0,0,2503702.41,1966755.8,3800876.52,3259298.49,2505766.01,2142941.81,4847687.37,4322456.49,3753095.45,2970279.3
2021-04-25,4545990.29,3630097.75,Train,2021,4,25,6,1,2,0,0,0.8660254037844387,-0.4999999999999998,-0.7818314824680299,0.6234898018587334,0,0,0,3966260.92,3199689.13,4448113.81,3495208.68,2755337.37,2528446.54,4034615.27,3623284.41,3664845.35,2858437.84
2021-04-26,4718077.11,3814996.18,Train,2021,4,26,0,0,2,0,0,0.8660254037844387,-0.4999999999999998,0.0,1.0,0,0,0,4545990.29,3630097.75,3468512.12,2925337.15,3206411.87,3006280.88,3612774.77,3405524.2,4605371.55,3664887.11
2021-04-27,5303542.87,4355535.28,Train,2021,4,27,1,0,2,0,0,0.8660254037844387,-0.4999999999999998,0.7818314824680298,0.6234898018587336,0,0,0,4718077.11,3814996.18,4030055.78,3186833.6,3231903.43,2897501.76,3528929.89,3193051.24,5455531.12,4305091.4
2021-04-28,5606431.49,4335482.99,Train,2021,4,28,2,0,2,0,0,0.8660254037844387,-0.4999999999999998,0.9749279121818236,-0.22252093395631434,0,0,0,5303542.87,4355535.28,5244905.44,4141247.89,5218947.03,4826353.96,4090090.6,3735223.94,5014129.21,3953650.56
2021-04-29,9535515.05,7714922.63,Train,2021,4,29,3,0,2,0,0,0.8660254037844387,-0.4999999999999998,0.43388373911755823,-0.900968867902419,0,0,0,5606431.49,4335482.99,4635126.49,3691630.05,4270735.63,3783812.65,10795905.35,9875208.04,10020939.03,8067774.24
2021-04-30,6962149.33,5622679.65,Train,2021,4,30,4,0,2,0,1,0.8660254037844387,-0.4999999999999998,-0.433883739117558,-0.9009688679024191,1,0,0,9535515.05,7714922.63,2503702.41,1966755.8,3735241.12,3308841.35,9220320.43,8547874.84,7581421.63,6073119.3
2021-05-01,6555221.49,5276005.92,Train,2021,5,1,5,1,2,1,0,0.49999999999999994,-0.8660254037844387,-0.9749279121818236,-0.2225209339563146,1,0,0,6962149.33,5622679.65,3966260.92,3199689.13,3800876.52,3259298.49,9027075.84,8225391.38,6232298.35,4980016.59
2021-05-02,5301495.07,4383106.98,Train,2021,5,2,6,1,2,0,0,0.49999999999999994,-0.8660254037844387,-0.7818314824680299,0.6234898018587334,0,0,0,6555221.49,5276005.92,4545990.29,3630097.75,4448113.81,3495208.68,7866035.23,7228630.89,4883269.9,3978529.52
2021-05-03,3778243.02,3051862.47,Train,2021,5,3,0,0,2,0,0,0.49999999999999994,-0.8660254037844387,0.0,1.0,0,0,0,5301495.07,4383106.98,4718077.11,3814996.18,3468512.12,2925337.15,7594752.42,7064149.71,4614868.43,3622251.36
2021-05-04,1930133.97,1605646.92,Train,2021,5,4,1,0,2,0,0,0.49999999999999994,-0.8660254037844387,0.7818314824680298,0.6234898018587336,0,0,0,3778243.02,3051862.47,5303542.87,4355535.28,4030055.78,3186833.6,1720555.46,1597615.49,1696650.37,1285985.68
2021-05-05,2491751.76,1992920.65,Train,2021,5,5,2,0,2,0,0,0.49999999999999994,-0.8660254037844387,0.9749279121818236,-0.22252093395631434,0,0,0,1930133.97,1605646.92,5606431.49,4335482.99,5244905.44,4141247.89,2665962.66,2489752.36,2127409.75,1664266.24
2021-05-06,3090364.98,2462408.5,Train,2021,5,6,3,0,2,0,0,0.49999999999999994,-0.8660254037844387,0.43388373911755823,-0.900968867902419,0,0,0,2491751.76,1992920.65,9535515.05,7714922.63,4635126.49,3691630.05,2627509.32,2395678.58,2719040.36,2101438.95
2021-05-07,3099539.75,2583097.98,Train,2021,5,7,4,0,2,0,0,0.49999999999999994,-0.8660254037844387,-0.433883739117558,-0.9009688679024191,0,0,0,3090364.98,2462408.5,6962149.33,5622679.65,2503702.41,1966755.8,3504391.02,3200078.0,3735794.57,3081283.21
2021-05-08,2448108.31,2024581.03,Train,2021,5,8,5,1,2,0,0,0.49999999999999994,-0.8660254037844387,-0.9749279121818236,-0.2225209339563146,0,0,0,3099539.75,2583097.98,6555221.49,5276005.92,3966260.92,3199689.13,3026850.22,2768519.33,3885246.63,3057670.15
2021-05-09,3801718.87,3192875.3,Train,2021,5,9,6,1,2,0,0,0.49999999999999994,-0.8660254037844387,-0.7818314824680299,0.6234898018587334,0,0,0,2448108.31,2024581.03,5301495.07,4383106.98,4545990.29,3630097.75,3110153.27,2714930.73,2045722.89,1564919.31
2021-05-10,3546216.71,2807669.46,Train,2021,5,10,0,0,2,0,0,0.49999999999999994,-0.8660254037844387,0.0,1.0,0,0,0,3801718.87,3192875.3,3778243.02,3051862.47,4718077.11,3814996.18,2505766.01,2142941.81,3584812.06,2817308.7
2021-05-11,3323078.36,2752138.51,Train,2021,5,11,1,0,2,0,0,0.49999999999999994,-0.8660254037844387,0.7818314824680298,0.6234898018587336,0,0,0,3546216.71,2807669.46,1930133.97,1605646.92,5303542.87,4355535.28,2755337.37,2528446.54,2782658.98,2126531.87
2021-05-12,4782841.68,3847828.01,Train,2021,5,12,2,0,2,0,0,0.49999999999999994,-0.8660254037844387,0.9749279121818236,-0.22252093395631434,0,0,0,3323078.36,2752138.51,2491751.76,1992920.65,5606431.49,4335482.99,3206411.87,3006280.88,3333481.33,2554876.05
2021-05-13,5666923.8,4709813.19,Train,2021,5,13,3,0,2,0,0,0.49999999999999994,-0.8660254037844387,0.43388373911755823,-0.900968867902419,0,0,0,4782841.68,3847828.01,3090364.98,2462408.5,9535515.05,7714922.63,3231903.43,2897501.76,3150929.25,2367805.02
2021-05-14,5250104.11,4258778.21,Train,2021,5,14,4,0,2,0,0,0.49999999999999994,-0.8660254037844387,-0.433883739117558,-0.9009688679024191,0,0,0,5666923.8,4709813.19,3099539.75,2583097.98,6962149.33,5622679.65,5218947.03,4826353.96,4015255.86,3222738.56
2021-05-15,3858160.76,3146686.62,Train,2021,5,15,5,1,2,0,0,0.49999999999999994,-0.8660254037844387,-0.9749279121818236,-0.2225209339563146,0,0,0,5250104.11,4258778.21,2448108.31,2024581.03,6555221.49,5276005.92,4270735.63,3783812.65,5094966.3,4205637.32
2021-05-16,3981359.06,3199505.04,Train,2021,5,16,6,1,2,0,0,0.49999999999999994,-0.8660254037844387,-0.7818314824680299,0.6234898018587334,0,0,0,3858160.76,3146686.62,3801718.87,3192875.3,5301495.07,4383106.98,3735241.12,3308841.35,3808061.0,3113947.78
2021-05-17,4684806.7,3826508.17,Train,2021,5,17,0,0,2,0,0,0.49999999999999994,-0.8660254037844387,0.0,1.0,0,0,0,3981359.06,3199505.04,3546216.71,2807669.46,3778243.02,3051862.47,3800876.52,3259298.49,3532524.59,2826498.79
2021-05-18,3549112.31,2889339.05,Train,2021,5,18,1,0,2,0,0,0.49999999999999994,-0.8660254037844387,0.7818314824680298,0.6234898018587336,0,0,0,4684806.7,3826508.17,3323078.36,2752138.51,1930133.97,1605646.92,4448113.81,3495208.68,3000875.02,2429735.03
2021-05-19,4795038.58,3840346.57,Train,2021,5,19,2,0,2,0,0,0.49999999999999994,-0.8660254037844387,0.9749279121818236,-0.22252093395631434,0,0,0,3549112.31,2889339.05,4782841.68,3847828.01,2491751.76,1992920.65,3468512.12,2925337.15,3027466.21,2447172.14
2021-05-20,5057797.75,4088691.43,Train,2021,5,20,3,0,2,0,0,0.49999999999999994,-0.8660254037844387,0.43388373911755823,-0.900968867902419,0,0,0,4795038.58,3840346.57,5666923.8,4709813.19,3090364.98,2462408.5,4030055.78,3186833.6,3689172.21,3019892.02
2021-05-21,5434543.62,4271132.76,Train,2021,5,21,4,0,2,0,0,0.49999999999999994,-0.8660254037844387,-0.433883739117558,-0.9009688679024191,0,0,0,5057797.75,4088691.43,5250104.11,4258778.21,3099539.75,2583097.98,5244905.44,4141247.89,4498828.44,3647887.78
2021-05-22,4310539.38,3526722.84,Train,2021,5,22,5,1,2,0,0,0.49999999999999994,-0.8660254037844387,-0.9749279121818236,-0.2225209339563146,0,0,0,5434543.62,4271132.76,3858160.76,3146686.62,2448108.31,2024581.03,4635126.49,3691630.05,5108046.04,3839020.41
2021-05-23,3846392.54,3086892.89,Train,2021,5,23,6,1,2,0,0,0.49999999999999994,-0.8660254037844387,-0.7818314824680299,0.6234898018587334,0,0,0,4310539.38,3526722.84,3981359.06,3199505.04,3801718.87,3192875.3,2503702.41,1966755.8,4015420.66,3313265.28
2021-05-24,3987573.28,3177252.48,Train,2021,5,24,0,0,2,0,0,0.49999999999999994,-0.8660254037844387,0.0,1.0,0,0,0,3846392.54,3086892.89,4684806.7,3826508.17,3546216.71,2807669.46,3966260.92,3199689.13,4700650.04,3764671.03
2021-05-25,3822459.48,3142554.15,Train,2021,5,25,1,0,2,0,0,0.49999999999999994,-0.8660254037844387,0.7818314824680298,0.6234898018587336,0,0,0,3987573.28,3177252.48,3549112.31,2889339.05,3323078.36,2752138.51,4545990.29,3630097.75,4378883.27,3340216.53
2021-05-26,4915453.17,4056932.97,Train,2021,5,26,2,0,2,0,0,0.49999999999999994,-0.8660254037844387,0.9749279121818236,-0.22252093395631434,0,0,0,3822459.48,3142554.15,4795038.58,3840346.57,4782841.68,3847828.01,4718077.11,3814996.18,3938416.11,3225312.26
2021-05-27,7320510.07,6048379.93,Train,2021,5,27,3,0,2,0,0,0.49999999999999994,-0.8660254037844387,0.43388373911755823,-0.900968867902419,0,0,0,4915453.17,4056932.97,5057797.75,4088691.43,5666923.8,4709813.19,5303542.87,4355535.28,4400378.84,3586763.01
2021-05-28,6925957.27,5561587.62,Train,2021,5,28,4,0,2,0,0,0.49999999999999994,-0.8660254037844387,-0.433883739117558,-0.9009688679024191,0,0,0,7320510.07,6048379.93,5434543.62,4271132.76,5250104.11,4258778.21,5606431.49,4335482.99,7125254.26,5586999.34
2021-05-29,4630943.52,3787091.31,Train,2021,5,29,5,1,2,0,0,0.49999999999999994,-0.8660254037844387,-0.9749279121818236,-0.2225209339563146,0,0,0,6925957.27,5561587.62,4310539.38,3526722.84,3858160.76,3146686.62,9535515.05,7714922.63,8058075.78,6156826.89
2021-05-30,8887935.6,7274840.31,Train,2021,5,30,6,1,2,0,0,0.49999999999999994,-0.8660254037844387,-0.7818314824680299,0.6234898018587334,0,0,0,4630943.52,3787091.31,3846392.54,3086892.89,3981359.06,3199505.04,6962149.33,5622679.65,8571150.17,6917398.63
2021-05-31,7996369.9,6466327.4,Train,2021,5,31,0,0,2,0,1,0.49999999999999994,-0.8660254037844387,0.0,1.0,0,0,0,8887935.6,7274840.31,3987573.28,3177252.48,4684806.7,3826508.17,6555221.49,5276005.92,7068160.11,5722407.19
2021-06-01,7479521.04,6141761.22,Train,2021,6,1,1,0,2,1,0,1.2246467991473532e-16,-1.0,0.7818314824680298,0.6234898018587336,0,0,0,7996369.9,6466327.4,3822459.48,3142554.15,3549112.31,2889339.05,5301495.07,4383106.98,7434640.87,6007912.51
2021-06-02,6960798.21,5572082.02,Train,2021,6,2,2,0,2,0,0,1.2246467991473532e-16,-1.0,0.9749279121818236,-0.22252093395631434,0,0,0,7479521.04,6141761.22,4915453.17,4056932.97,4795038.58,3840346.57,3778243.02,3051862.47,3295138.19,2630884.15
2021-06-03,6367799.03,5139667.32,Train,2021,6,3,3,0,2,0,0,1.2246467991473532e-16,-1.0,0.43388373911755823,-0.900968867902419,0,0,0,6960798.21,5572082.02,7320510.07,6048379.93,5057797.75,4088691.43,1930133.97,1605646.92,3497127.32,2854677.4
2021-06-04,2524112.16,2097669.41,Train,2021,6,4,4,0,2,0,0,1.2246467991473532e-16,-1.0,-0.433883739117558,-0.9009688679024191,0,0,0,6367799.03,5139667.32,6925957.27,5561587.62,5434543.62,4271132.76,2491751.76,1992920.65,2962471.81,2212520.77
2021-06-05,2884765.01,2262050.61,Train,2021,6,5,5,1,2,0,0,1.2246467991473532e-16,-1.0,-0.9749279121818236,-0.2225209339563146,0,0,0,2524112.16,2097669.41,4630943.52,3787091.31,4310539.38,3526722.84,3090364.98,2462408.5,2452274.28,2042840.96
2021-06-06,3795966.84,3084551.9,Train,2021,6,6,6,1,2,0,0,1.2246467991473532e-16,-1.0,-0.7818314824680299,0.6234898018587334,0,0,0,2884765.01,2262050.61,8887935.6,7274840.31,3846392.54,3086892.89,3099539.75,2583097.98,2258600.23,1840555.75
2021-06-07,3757477.99,3136794.28,Train,2021,6,7,0,0,2,0,0,1.2246467991473532e-16,-1.0,0.0,1.0,0,0,0,3795966.84,3084551.9,7996369.9,6466327.4,3987573.28,3177252.48,2448108.31,2024581.03,2693731.83,2065838.19
2021-06-08,3948452.32,3177527.58,Train,2021,6,8,1,0,2,0,0,1.2246467991473532e-16,-1.0,0.7818314824680298,0.6234898018587336,0,0,0,3757477.99,3136794.28,7479521.04,6141761.22,3822459.48,3142554.15,3801718.87,3192875.3,3084455.23,2459766.38
2021-06-09,3733884.76,3009506.21,Train,2021,6,9,2,0,2,0,0,1.2246467991473532e-16,-1.0,0.9749279121818236,-0.22252093395631434,0,0,0,3948452.32,3177527.58,6960798.21,5572082.02,4915453.17,4056932.97,3546216.71,2807669.46,3331413.85,2608681.96
2021-06-10,3994102.54,3220973.51,Train,2021,6,10,3,0,2,0,0,1.2246467991473532e-16,-1.0,0.43388373911755823,-0.900968867902419,0,0,0,3733884.76,3009506.21,6367799.03,5139667.32,7320510.07,6048379.93,3323078.36,2752138.51,3810023.86,3037801.06
2021-06-11,3221511.31,2622379.46,Train,2021,6,11,4,0,2,0,0,1.2246467991473532e-16,-1.0,-0.433883739117558,-0.9009688679024191,0,0,0,3994102.54,3220973.51,2524112.16,2097669.41,6925957.27,5561587.62,4782841.68,3847828.01,4027121.39,3106482.9
2021-06-12,3618435.07,2920008.48,Train,2021,6,12,5,1,2,0,0,1.2246467991473532e-16,-1.0,-0.9749279121818236,-0.2225209339563146,0,0,0,3221511.31,2622379.46,2884765.01,2262050.61,4630943.52,3787091.31,5666923.8,4709813.19,2833219.35,2245340.12
2021-06-13,3349171.43,2778202.9,Train,2021,6,13,6,1,2,0,0,1.2246467991473532e-16,-1.0,-0.7818314824680299,0.6234898018587334,0,0,0,3618435.07,2920008.48,3795966.84,3084551.9,8887935.6,7274840.31,5250104.11,4258778.21,2840132.87,2324352.25
2021-06-14,4007931.92,3159812.63,Train,2021,6,14,0,0,2,0,0,1.2246467991473532e-16,-1.0,0.0,1.0,0,0,0,3349171.43,2778202.9,3757477.99,3136794.28,7996369.9,6466327.4,3858160.76,3146686.62,3797554.63,3078986.36
2021-06-15,4162142.95,3326425.2,Train,2021,6,15,1,0,2,0,0,1.2246467991473532e-16,-1.0,0.7818314824680298,0.6234898018587336,0,0,0,4007931.92,3159812.63,3948452.32,3177527.58,7479521.04,6141761.22,3981359.06,3199505.04,3921468.12,3112876.56
2021-06-16,4740156.23,3752544.13,Train,2021,6,16,2,0,2,0,0,1.2246467991473532e-16,-1.0,0.9749279121818236,-0.22252093395631434,0,0,0,4162142.95,3326425.2,3733884.76,3009506.21,6960798.21,5572082.02,4684806.7,3826508.17,3620819.64,2950472.85
2021-06-17,5807751.43,4698668.17,Train,2021,6,17,3,0,2,0,0,1.2246467991473532e-16,-1.0,0.43388373911755823,-0.900968867902419,0,0,0,4740156.23,3752544.13,3994102.54,3220973.51,6367799.03,5139667.32,3549112.31,2889339.05,4864660.1,3741174.91
2021-06-18,4316861.14,3463681.18,Train,2021,6,18,4,0,2,0,0,1.2246467991473532e-16,-1.0,-0.433883739117558,-0.9009688679024191,0,0,0,5807751.43,4698668.17,3221511.31,2622379.46,2524112.16,2097669.41,4795038.58,3840346.57,4188150.34,3329563.04
2021-06-19,3596996.21,3016398.92,Train,2021,6,19,5,1,2,0,0,1.2246467991473532e-16,-1.0,-0.9749279121818236,-0.2225209339563146,0,0,0,4316861.14,3463681.18,3618435.07,2920008.48,2884765.01,2262050.61,5057797.75,4088691.43,2960897.79,2329260.25
2021-06-20,3113780.62,2502341.31,Train,2021,6,20,6,1,2,0,0,1.2246467991473532e-16,-1.0,-0.7818314824680299,0.6234898018587334,0,0,0,3596996.21,3016398.92,3349171.43,2778202.9,3795966.84,3084551.9,5434543.62,4271132.76,2189006.74,1795056.75
2021-06-21,3454322.45,2831163.45,Train,2021,6,21,0,0,2,0,0,1.2246467991473532e-16,-1.0,0.0,1.0,0,0,0,3113780.62,2502341.31,4007931.92,3159812.63,3757477.99,3136794.28,4310539.38,3526722.84,3477329.48,2740967.86
2021-06-22,3814525.81,3072656.32,Train,2021,6,22,1,0,2,0,0,1.2246467991473532e-16,-1.0,0.7818314824680298,0.6234898018587336,0,0,0,3454322.45,2831163.45,4162142.95,3326425.2,3948452.32,3177527.58,3846392.54,3086892.89,3068801.79,2472668.81
2021-06-23,5129834.24,4258385.56,Train,2021,6,23,2,0,2,0,0,1.2246467991473532e-16,-1.0,0.9749279121818236,-0.22252093395631434,0,0,1,3814525.81,3072656.32,4740156.23,3752544.13,3733884.76,3009506.21,3987573.28,3177252.48,3277142.11,2715748.0
2021-06-24,5015283.26,4491924.42,Train,2021,6,24,3,0,2,0,0,1.2246467991473532e-16,-1.0,0.43388373911755823,-0.900968867902419,0,0,1,5129834.24,4258385.56,5807751.43,4698668.17,3994102.54,3220973.51,3822459.48,3142554.15,4983800.13,4272479.54
2021-06-25,3255836.16,2807033.14,Train,2021,6,25,4,0,2,0,0,1.2246467991473532e-16,-1.0,-0.433883739117558,-0.9009688679024191,0,0,1,5015283.26,4491924.42,4316861.14,3463681.18,3221511.31,2622379.46,4915453.17,4056932.97,4480875.32,3949301.47
2021-06-26,3202321.56,2946230.91,Train,2021,6,26,5,1,2,0,0,1.2246467991473532e-16,-1.0,-0.9749279121818236,-0.2225209339563146,0,0,1,3255836.16,2807033.14,3596996.21,3016398.92,3618435.07,2920008.48,7320510.07,6048379.93,3538964.96,3128909.95
2021-06-27,3938214.81,3832008.26,Train,2021,6,27,6,1,2,0,0,1.2246467991473532e-16,-1.0,-0.7818314824680299,0.6234898018587334,0,0,1,3202321.56,2946230.91,3113780.62,2502341.31,3349171.43,2778202.9,6925957.27,5561587.62,2952009.99,2893474.01
2021-06-28,4255543.96,4082242.05,Train,2021,6,28,0,0,2,0,0,1.2246467991473532e-16,-1.0,0.0,1.0,0,0,1,3938214.81,3832008.26,3454322.45,2831163.45,4007931.92,3159812.63,4630943.52,3787091.31,4033143.22,4037949.63
2021-06-29,5907160.01,5911751.11,Train,2021,6,29,1,0,2,0,0,1.2246467991473532e-16,-1.0,0.7818314824680298,0.6234898018587336,0,0,1,4255543.96,4082242.05,3814525.81,3072656.32,4162142.95,3326425.2,8887935.6,7274840.31,5223388.62,5021085.51
2021-06-30,5094915.79,4949985.1,Train,2021,6,30,2,0,2,0,1,1.2246467991473532e-16,-1.0,0.9749279121818236,-0.22252093395631434,0,0,1,5907160.01,5911751.11,5129834.24,4258385.56,4740156.23,3752544.13,7996369.9,6466327.4,5506677.04,5509880.9
2021-07-01,4975867.15,5024857.74,Train,2021,7,1,3,0,3,1,0,-0.4999999999999997,-0.8660254037844388,0.43388373911755823,-0.900968867902419,0,0,1,5094915.79,4949985.1,5015283.26,4491924.42,5807751.43,4698668.17,7479521.04,6141761.22,4785799.65,4637675.06
2021-07-02,4397949.68,4326458.07,Train,2021,7,2,4,0,3,0,0,-0.4999999999999997,-0.8660254037844388,-0.433883739117558,-0.9009688679024191,0,0,1,4975867.15,5024857.74,3255836.16,2807033.14,4316861.14,3463681.18,6960798.21,5572082.02,4866951.38,4707883.99
2021-07-03,3132513.38,3101143.37,Train,2021,7,3,5,1,3,0,0,-0.4999999999999997,-0.8660254037844388,-0.9749279121818236,-0.2225209339563146,0,0,1,4397949.68,4326458.07,3202321.56,2946230.91,3596996.21,3016398.92,6367799.03,5139667.32,3696972.88,3771036.88
2021-07-04,730601.15,647312.84,Train,2021,7,4,6,1,3,0,0,-0.4999999999999997,-0.8660254037844388,-0.7818314824680299,0.6234898018587334,0,0,1,3132513.38,3101143.37,3938214.81,3832008.26,3113780.62,2502341.31,2524112.16,2097669.41,706367.78,665027.87
2021-07-05,1878817.85,1927429.12,Train,2021,7,5,0,0,3,0,0,-0.4999999999999997,-0.8660254037844388,0.0,1.0,0,0,1,730601.15,647312.84,4255543.96,4082242.05,3454322.45,2831163.45,2884765.01,2262050.61,1406074.5,1343687.36
2021-07-06,1616214.16,1626948.22,Train,2021,7,6,1,0,3,0,0,-0.4999999999999997,-0.8660254037844388,0.7818314824680298,0.6234898018587336,0,0,1,1878817.85,1927429.12,5907160.01,5911751.11,3814525.81,3072656.32,3795966.84,3084551.9,2077312.99,1986626.45
2021-07-07,1741509.6,1715092.93,Train,2021,7,7,2,0,3,0,0,-0.4999999999999997,-0.8660254037844388,0.9749279121818236,-0.22252093395631434,0,0,1,1616214.16,1626948.22,5094915.79,4949985.1,5129834.24,4258385.56,3757477.99,3136794.28,2024009.16,2068227.77
2021-07-08,2563149.38,2518109.42,Train,2021,7,8,3,0,3,0,0,-0.4999999999999997,-0.8660254037844388,0.43388373911755823,-0.900968867902419,0,0,1,1741509.6,1715092.93,4975867.15,5024857.74,5015283.26,4491924.42,3948452.32,3177527.58,1848400.71,1796794.0
2021-07-09,2685812.87,2706650.91,Train,2021,7,9,4,0,3,0,0,-0.4999999999999997,-0.8660254037844388,-0.433883739117558,-0.9009688679024191,0,0,1,2563149.38,2518109.42,4397949.68,4326458.07,3255836.16,2807033.14,3733884.76,3009506.21,2881762.16,2884926.26
2021-07-10,2524108.8,2448068.41,Train,2021,7,10,5,1,3,0,0,-0.4999999999999997,-0.8660254037844388,-0.9749279121818236,-0.2225209339563146,0,0,1,2685812.87,2706650.91,3132513.38,3101143.37,3202321.56,2946230.91,3994102.54,3220973.51,2456330.77,2270775.74
2021-07-11,2592712.85,2553763.2,Train,2021,7,11,6,1,3,0,0,-0.4999999999999997,-0.8660254037844388,-0.7818314824680299,0.6234898018587334,0,0,1,2524108.8,2448068.41,730601.15,647312.84,3938214.81,3832008.26,3221511.31,2622379.46,2777782.43,2617463.18
2021-07-12,3123873.5,3108780.0,Train,2021,7,12,0,0,3,0,0,-0.4999999999999997,-0.8660254037844388,0.0,1.0,0,0,1,2592712.85,2553763.2,1878817.85,1927429.12,4255543.96,4082242.05,3618435.07,2920008.48,2353469.99,2352864.85
2021-07-13,2650746.43,2549076.58,Train,2021,7,13,1,0,3,0,0,-0.4999999999999997,-0.8660254037844388,0.7818314824680298,0.6234898018587336,0,0,1,3123873.5,3108780.0,1616214.16,1626948.22,5907160.01,5911751.11,3349171.43,2778202.9,2674159.75,2528820.54
2021-07-14,2970833.54,2785803.91,Train,2021,7,14,2,0,3,0,0,-0.4999999999999997,-0.8660254037844388,0.9749279121818236,-0.22252093395631434,0,0,1,2650746.43,2549076.58,1741509.6,1715092.93,5094915.79,4949985.1,4007931.92,3159812.63,2241406.69,2199143.63
2021-07-15,3628282.86,3639556.87,Train,2021,7,15,3,0,3,0,0,-0.4999999999999997,-0.8660254037844388,0.43388373911755823,-0.900968867902419,0,0,1,2970833.54,2785803.91,2563149.38,2518109.42,4975867.15,5024857.74,4162142.95,3326425.2,2628917.79,2573366.47
2021-07-16,2768513.94,2780496.25,Train,2021,7,16,4,0,3,0,0,-0.4999999999999997,-0.8660254037844388,-0.433883739117558,-0.9009688679024191,0,0,1,3628282.86,3639556.87,2685812.87,2706650.91,4397949.68,4326458.07,4740156.23,3752544.13,3496916.1,3417273.9
2021-07-17,2453122.24,2399937.97,Train,2021,7,17,5,1,3,0,0,-0.4999999999999997,-0.8660254037844388,-0.9749279121818236,-0.2225209339563146,0,0,1,2768513.94,2780496.25,2524108.8,2448068.41,3132513.38,3101143.37,5807751.43,4698668.17,2963494.21,2910103.21
2021-07-18,2827723.47,2930478.35,Train,2021,7,18,6,1,3,0,0,-0.4999999999999997,-0.8660254037844388,-0.7818314824680299,0.6234898018587334,0,0,1,2453122.24,2399937.97,2592712.85,2553763.2,730601.15,647312.84,4316861.14,3463681.18,2167217.41,2102740.45
2021-07-19,2859598.56,2696150.18,Train,2021,7,19,0,0,3,0,0,-0.4999999999999997,-0.8660254037844388,0.0,1.0,0,0,1,2827723.47,2930478.35,3123873.5,3108780.0,1878817.85,1927429.12,3596996.21,3016398.92,2598183.41,2439859.2
2021-07-20,3389960.06,3045138.98,Train,2021,7,20,1,0,3,0,0,-0.4999999999999997,-0.8660254037844388,0.7818314824680298,0.6234898018587336,0,0,1,2859598.56,2696150.18,2650746.43,2549076.58,1616214.16,1626948.22,3113780.62,2502341.31,2378509.49,2153084.64
2021-07-21,3336465.66,2928248.05,Train,2021,7,21,2,0,3,0,0,-0.4999999999999997,-0.8660254037844388,0.9749279121818236,-0.22252093395631434,0,0,1,3389960.06,3045138.98,2970833.54,2785803.91,1741509.6,1715092.93,3454322.45,2831163.45,3060145.15,2555988.41
2021-07-22,4388007.92,3796262.13,Train,2021,7,22,3,0,3,0,0,-0.4999999999999997,-0.8660254037844388,0.43388373911755823,-0.900968867902419,0,0,1,3336465.66,2928248.05,3628282.86,3639556.87,2563149.38,2518109.42,3814525.81,3072656.32,3102912.51,2421357.03
2021-07-23,4385215.41,3753800.99,Train,2021,7,23,4,0,3,0,0,-0.4999999999999997,-0.8660254037844388,-0.433883739117558,-0.9009688679024191,0,0,0,4388007.92,3796262.13,2768513.94,2780496.25,2685812.87,2706650.91,5129834.24,4258385.56,3882974.91,3066175.92
2021-07-24,2294305.45,1930929.33,Train,2021,7,24,5,1,3,0,0,-0.4999999999999997,-0.8660254037844388,-0.9749279121818236,-0.2225209339563146,0,0,0,4385215.41,3753800.99,2453122.24,2399937.97,2524108.8,2448068.41,5015283.26,4491924.42,3897982.79,3118044.81
2021-07-25,2549303.61,2173412.06,Train,2021,7,25,6,1,3,0,0,-0.4999999999999997,-0.8660254037844388,-0.7818314824680299,0.6234898018587334,0,0,0,2294305.45,1930929.33,2827723.47,2930478.35,2592712.85,2553763.2,3255836.16,2807033.14,2726776.18,2185291.86
2021-07-26,3676952.36,2918564.14,Train,2021,7,26,0,0,3,0,0,-0.4999999999999997,-0.8660254037844388,0.0,1.0,0,0,0,2549303.61,2173412.06,2859598.56,2696150.18,3123873.5,3108780.0,3202321.56,2946230.91,2852671.37,2228931.73
2021-07-27,3460197.23,2857159.07,Train,2021,7,27,1,0,3,0,0,-0.4999999999999997,-0.8660254037844388,0.7818314824680298,0.6234898018587336,0,0,0,3676952.36,2918564.14,3389960.06,3045138.98,2650746.43,2549076.58,3938214.81,3832008.26,2831486.13,2289596.5
2021-07-28,4046860.27,3235448.81,Train,2021,7,28,2,0,3,0,0,-0.4999999999999997,-0.8660254037844388,0.9749279121818236,-0.22252093395631434,0,0,0,3460197.23,2857159.07,3336465.66,2928248.05,2970833.54,2785803.91,4255543.96,4082242.05,2395619.59,1857411.18
2021-07-29,5547857.68,4566302.38,Train,2021,7,29,3,0,3,0,0,-0.4999999999999997,-0.8660254037844388,0.43388373911755823,-0.900968867902419,0,0,0,4046860.27,3235448.81,4388007.92,3796262.13,3628282.86,3639556.87,5907160.01,5911751.11,3158908.2,2317187.54
2021-07-30,6548042.77,6322433.77,Train,2021,7,30,4,0,3,0,0,-0.4999999999999997,-0.8660254037844388,-0.433883739117558,-0.9009688679024191,0,0,1,5547857.68,4566302.38,4385215.41,3753800.99,2768513.94,2780496.25,5094915.79,4949985.1,4151632.35,3350026.58
2021-07-31,5256382.47,5446793.9,Train,2021,7,31,5,1,3,0,1,-0.4999999999999997,-0.8660254037844388,-0.9749279121818236,-0.2225209339563146,0,0,1,6548042.77,6322433.77,2294305.45,1930929.33,2453122.24,2399937.97,4975867.15,5024857.74,5610491.95,4496247.74
2021-08-01,3652376.75,4109973.08,Train,2021,8,1,6,1,3,1,0,-0.8660254037844385,-0.5000000000000004,-0.7818314824680299,0.6234898018587334,0,0,1,5256382.47,5446793.9,2549303.61,2173412.06,2827723.47,2930478.35,4397949.68,4326458.07,6132541.37,4909626.33
2021-08-02,4399616.65,4886236.3,Train,2021,8,2,0,0,3,0,0,-0.8660254037844385,-0.5000000000000004,0.0,1.0,0,0,1,3652376.75,4109973.08,3676952.36,2918564.14,2859598.56,2696150.18,3132513.38,3101143.37,5345584.67,4186394.94
2021-08-03,2422462.49,3359505.36,Train,2021,8,3,1,0,3,0,0,-0.8660254037844385,-0.5000000000000004,0.7818314824680298,0.6234898018587336,0,0,1,4399616.65,4886236.3,3460197.23,2857159.07,3389960.06,3045138.98,730601.15,647312.84,4397713.48,3443554.44
2021-08-04,1157658.1,1697391.73,Train,2021,8,4,2,0,3,0,0,-0.8660254037844385,-0.5000000000000004,0.9749279121818236,-0.22252093395631434,0,0,1,2422462.49,3359505.36,4046860.27,3235448.81,3336465.66,2928248.05,1878817.85,1927429.12,3298352.62,2591360.98
2021-08-05,1482037.52,2026425.65,Train,2021,8,5,3,0,3,0,0,-0.8660254037844385,-0.5000000000000004,0.43388373911755823,-0.900968867902419,0,0,1,1157658.1,1697391.73,5547857.68,4566302.38,4388007.92,3796262.13,1616214.16,1626948.22,2223462.81,1734678.05
2021-08-06,1591502.8,2374360.64,Train,2021,8,6,4,0,3,0,0,-0.8660254037844385,-0.5000000000000004,-0.433883739117558,-0.9009688679024191,0,0,1,1482037.52,2026425.65,6548042.77,6322433.77,4385215.41,3753800.99,1741509.6,1715092.93,2991469.99,2308279.85
2021-08-07,1632328.25,2336736.46,Train,2021,8,7,5,1,3,0,0,-0.8660254037844385,-0.5000000000000004,-0.9749279121818236,-0.2225209339563146,0,0,1,1591502.8,2374360.64,5256382.47,5446793.9,2294305.45,1930929.33,2563149.38,2518109.42,3277756.91,2547914.06
2021-08-08,1411882.22,1918090.72,Train,2021,8,8,6,1,3,0,0,-0.8660254037844385,-0.5000000000000004,-0.7818314824680299,0.6234898018587334,0,0,1,1632328.25,2336736.46,3652376.75,4109973.08,2549303.61,2173412.06,2685812.87,2706650.91,2449651.51,2088845.7
2021-08-09,1376421.76,2167285.81,Train,2021,8,9,0,0,3,0,0,-0.8660254037844385,-0.5000000000000004,0.0,1.0,0,0,1,1411882.22,1918090.72,4399616.65,4886236.3,3676952.36,2918564.14,2524108.8,2448068.41,2935305.67,2352528.07
2021-08-10,1581357.61,2246981.07,Train,2021,8,10,1,0,3,0,0,-0.8660254037844385,-0.5000000000000004,0.7818314824680298,0.6234898018587336,0,0,1,1376421.76,2167285.81,2422462.49,3359505.36,3460197.23,2857159.07,2592712.85,2553763.2,2914723.92,2318822.04
2021-08-11,1740229.21,2604985.61,Train,2021,8,11,2,0,3,0,0,-0.8660254037844385,-0.5000000000000004,0.9749279121818236,-0.22252093395631434,0,0,1,1581357.61,2246981.07,1157658.1,1697391.73,4046860.27,3235448.81,3123873.5,3108780.0,2533038.45,2110648.66
2021-08-12,2480973.68,3548924.53,Train,2021,8,12,3,0,3,0,0,-0.8660254037844385,-0.5000000000000004,0.43388373911755823,-0.900968867902419,0,0,1,1740229.21,2604985.61,1482037.52,2026425.65,5547857.68,4566302.38,2650746.43,2549076.58,4245177.97,3574622.62
2021-08-13,2199306.57,3444159.74,Train,2021,8,13,4,0,3,0,0,-0.8660254037844385,-0.5000000000000004,-0.433883739117558,-0.9009688679024191,0,0,1,2480973.68,3548924.53,1591502.8,2374360.64,6548042.77,6322433.77,2970833.54,2785803.91,3438121.83,2662240.38
2021-08-14,1494099.71,1993428.41,Train,2021,8,14,5,1,3,0,0,-0.8660254037844385,-0.5000000000000004,-0.9749279121818236,-0.2225209339563146,0,0,1,2199306.57,3444159.74,1632328.25,2336736.46,5256382.47,5446793.9,3628282.86,3639556.87,3685522.51,2879232.79
2021-08-15,1862118.62,2645589.05,Train,2021,8,15,6,1,3,0,0,-0.8660254037844385,-0.5000000000000004,-0.7818314824680299,0.6234898018587334,0,0,1,1494099.71,1993428.41,1411882.22,1918090.72,3652376.75,4109973.08,2768513.94,2780496.25,2556409.43,2072000.19
2021-08-16,2220064.67,3319453.91,Train,2021,8,16,0,0,3,0,0,-0.8660254037844385,-0.5000000000000004,0.0,1.0,0,0,1,1862118.62,2645589.05,1376421.76,2167285.81,4399616.65,4886236.3,2453122.24,2399937.97,2596444.46,2077063.06
2021-08-17,2263302.37,3320429.89,Train,2021,8,17,1,0,3,0,0,-0.8660254037844385,-0.5000000000000004,0.7818314824680298,0.6234898018587336,0,0,1,2220064.67,3319453.91,1581357.61,2246981.07,2422462.49,3359505.36,2827723.47,2930478.35,3646382.12,2892437.08
2021-08-18,1875383.97,2630473.94,Train,2021,8,18,2,0,3,0,0,-0.8660254037844385,-0.5000000000000004,0.9749279121818236,-0.22252093395631434,0,0,1,2263302.37,3320429.89,1740229.21,2604985.61,1157658.1,1697391.73,2859598.56,2696150.18,3240488.83,2493505.46
2021-08-19,2535597.13,3644326.12,Train,2021,8,19,3,0,3,0,0,-0.8660254037844385,-0.5000000000000004,0.43388373911755823,-0.900968867902419,0,0,1,1875383.97,2630473.94,2480973.68,3548924.53,1482037.52,2026425.65,3389960.06,3045138.98,3279887.27,2543910.75
2021-08-20,2553183.49,3860236.79,Train,2021,8,20,4,0,3,0,0,-0.8660254037844385,-0.5000000000000004,-0.433883739117558,-0.9009688679024191,0,0,1,2535597.13,3644326.12,2199306.57,3444159.74,1591502.8,2374360.64,3336465.66,2928248.05,3569013.59,2909846.44
2021-08-21,1453356.23,2098001.94,Train,2021,8,21,5,1,3,0,0,-0.8660254037844385,-0.5000000000000004,-0.9749279121818236,-0.2225209339563146,0,0,1,2553183.49,3860236.79,1494099.71,1993428.41,1632328.25,2336736.46,4388007.92,3796262.13,3939388.46,3133654.06
2021-08-22,1640268.07,2295711.5,Train,2021,8,22,6,1,3,0,0,-0.8660254037844385,-0.5000000000000004,-0.7818314824680299,0.6234898018587334,0,0,1,1453356.23,2098001.94,1862118.62,2645589.05,1411882.22,1918090.72,4385215.41,3753800.99,2465099.71,2000862.66
2021-08-23,1883869.71,2626041.33,Train,2021,8,23,0,0,3,0,0,-0.8660254037844385,-0.5000000000000004,0.0,1.0,0,0,1,1640268.07,2295711.5,2220064.67,3319453.91,1376421.76,2167285.81,2294305.45,1930929.33,2832425.22,2280579.88
2021-08-24,1836322.27,2808012.6,Train,2021,8,24,1,0,3,0,0,-0.8660254037844385,-0.5000000000000004,0.7818314824680298,0.6234898018587336,0,0,1,1883869.71,2626041.33,2263302.37,3320429.89,1581357.61,2246981.07,2549303.61,2173412.06,3217603.07,2631929.43
2021-08-25,1939866.54,2821994.79,Train,2021,8,25,2,0,3,0,0,-0.8660254037844385,-0.5000000000000004,0.9749279121818236,-0.22252093395631434,0,0,1,1836322.27,2808012.6,1875383.97,2630473.94,1740229.21,2604985.61,3676952.36,2918564.14,2428315.18,1917538.84
2021-08-26,1886569.08,2959216.09,Train,2021,8,26,3,0,3,0,0,-0.8660254037844385,-0.5000000000000004,0.43388373911755823,-0.900968867902419,0,0,1,1939866.54,2821994.79,2535597.13,3644326.12,2480973.68,3548924.53,3460197.23,2857159.07,3194953.82,2616197.98
2021-08-27,1662732.77,2371412.62,Train,2021,8,27,4,0,3,0,0,-0.8660254037844385,-0.5000000000000004,-0.433883739117558,-0.9009688679024191,0,0,1,1886569.08,2959216.09,2553183.49,3860236.79,2199306.57,3444159.74,4046860.27,3235448.81,4445347.68,3675387.97
2021-08-28,1664938.51,2453257.65,Train,2021,8,28,5,1,3,0,0,-0.8660254037844385,-0.5000000000000004,-0.9749279121818236,-0.2225209339563146,0,0,1,1662732.77,2371412.62,1453356.23,2098001.94,1494099.71,1993428.41,5547857.68,4566302.38,7296538.72,5928088.7
2021-08-29,4443078.33,6342118.62,Train,2021,8,29,6,1,3,0,0,-0.8660254037844385,-0.5000000000000004,-0.7818314824680299,0.6234898018587334,0,0,1,1664938.51,2453257.65,1640268.07,2295711.5,1862118.62,2645589.05,6548042.77,6322433.77,7517051.79,6089417.86
2021-08-30,3996164.3,5499176.03,Train,2021,8,30,0,0,3,0,0,-0.8660254037844385,-0.5000000000000004,0.0,1.0,0,0,2,4443078.33,6342118.62,1883869.71,2626041.33,2220064.67,3319453.91,5256382.47,5446793.9,8480394.59,6775599.46
2021-08-31,3940957.44,5240978.22,Train,2021,8,31,1,0,3,0,1,-0.8660254037844385,-0.5000000000000004,0.7818314824680298,0.6234898018587336,0,0,2,3996164.3,5499176.03,1836322.27,2808012.6,2263302.37,3320429.89,3652376.75,4109973.08,7490849.71,6294569.34
2021-09-01,3579634.39,4583108.31,Train,2021,9,1,2,0,3,1,0,-1.0,-1.8369701987210297e-16,0.9749279121818236,-0.22252093395631434,0,0,2,3940957.44,5240978.22,1939866.54,2821994.79,1875383.97,2630473.94,4399616.65,4886236.3,6047477.92,5072223.86
2021-09-02,3917618.96,4722341.9,Train,2021,9,2,3,0,3,0,0,-1.0,-1.8369701987210297e-16,0.43388373911755823,-0.900968867902419,1,0,2,3579634.39,4583108.31,1886569.08,2959216.09,2535597.13,3644326.12,2422462.49,3359505.36,1434923.77,1282633.72
2021-09-03,1070973.42,1003268.02,Train,2021,9,3,4,0,3,0,0,-1.0,-1.8369701987210297e-16,-0.433883739117558,-0.9009688679024191,0,0,1,3917618.96,4722341.9,1662732.77,2371412.62,2553183.49,3860236.79,1157658.1,1697391.73,1557705.54,1435356.63
2021-09-04,1839742.83,1710231.68,Train,2021,9,4,5,1,3,0,0,-1.0,-1.8369701987210297e-16,-0.9749279121818236,-0.2225209339563146,0,0,1,1070973.42,1003268.02,1664938.51,2453257.65,1453356.23,2098001.94,1482037.52,2026425.65,1425115.38,1249060.77
2021-09-05,1682890.37,1626164.36,Train,2021,9,5,6,1,3,0,0,-1.0,-1.8369701987210297e-16,-0.7818314824680299,0.6234898018587334,0,0,1,1839742.83,1710231.68,4443078.33,6342118.62,1640268.07,2295711.5,1591502.8,2374360.64,1581867.47,1449235.72
2021-09-06,2097434.58,1931198.13,Train,2021,9,6,0,0,3,0,0,-1.0,-1.8369701987210297e-16,0.0,1.0,0,0,1,1682890.37,1626164.36,3996164.3,5499176.03,1883869.71,2626041.33,1632328.25,2336736.46,2654105.11,2377874.42
2021-09-07,2244132.38,1986738.71,Train,2021,9,7,1,0,3,0,0,-1.0,-1.8369701987210297e-16,0.7818314824680298,0.6234898018587336,0,0,1,2097434.58,1931198.13,3940957.44,5240978.22,1836322.27,2808012.6,1411882.22,1918090.72,2479133.84,2159138.36
2021-09-08,3716975.63,3437593.72,Train,2021,9,8,2,0,3,0,0,-1.0,-1.8369701987210297e-16,0.9749279121818236,-0.22252093395631434,0,0,1,2244132.38,1986738.71,3579634.39,4583108.31,1939866.54,2821994.79,1376421.76,2167285.81,2542645.13,2183405.0
2021-09-09,2187074.96,2082447.03,Train,2021,9,9,3,0,3,0,0,-1.0,-1.8369701987210297e-16,0.43388373911755823,-0.900968867902419,0,0,1,3716975.63,3437593.72,3917618.96,4722341.9,1886569.08,2959216.09,1581357.61,2246981.07,1979410.07,1799215.01
2021-09-10,1980857.12,1821707.08,Train,2021,9,10,4,0,3,0,0,-1.0,-1.8369701987210297e-16,-0.433883739117558,-0.9009688679024191,0,0,1,2187074.96,2082447.03,1070973.42,1003268.02,1662732.77,2371412.62,1740229.21,2604985.61,3146008.14,2761931.92
2021-09-11,1547495.48,1455524.4,Train,2021,9,11,5,1,3,0,0,-1.0,-1.8369701987210297e-16,-0.9749279121818236,-0.2225209339563146,0,0,1,1980857.12,1821707.08,1839742.83,1710231.68,1664938.51,2453257.65,2480973.68,3548924.53,1990335.39,1821328.74
2021-09-12,2102573.99,1909199.54,Train,2021,9,12,6,1,3,0,0,-1.0,-1.8369701987210297e-16,-0.7818314824680299,0.6234898018587334,0,0,1,1547495.48,1455524.4,1682890.37,1626164.36,4443078.33,6342118.62,2199306.57,3444159.74,2806228.3,2605429.08
2021-09-13,2488502.06,2265837.09,Train,2021,9,13,0,0,3,0,0,-1.0,-1.8369701987210297e-16,0.0,1.0,0,0,1,2102573.99,1909199.54,2097434.58,1931198.13,3996164.3,5499176.03,1494099.71,1993428.41,2240095.92,1957201.32
2021-09-14,2715006.68,2532491.32,Train,2021,9,14,1,0,3,0,0,-1.0,-1.8369701987210297e-16,0.7818314824680298,0.6234898018587336,0,0,1,2488502.06,2265837.09,2244132.38,1986738.71,3940957.44,5240978.22,1862118.62,2645589.05,2832905.03,2603630.98
2021-09-15,3275643.47,3007258.03,Train,2021,9,15,2,0,3,0,0,-1.0,-1.8369701987210297e-16,0.9749279121818236,-0.22252093395631434,0,0,1,2715006.68,2532491.32,3716975.63,3437593.72,3579634.39,4583108.31,2220064.67,3319453.91,2914536.51,2476205.19
2021-09-16,1853200.26,1657780.29,Train,2021,9,16,3,0,3,0,0,-1.0,-1.8369701987210297e-16,0.43388373911755823,-0.900968867902419,0,0,1,3275643.47,3007258.03,2187074.96,2082447.03,3917618.96,4722341.9,2263302.37,3320429.89,1994638.41,1821831.75
2021-09-17,2031900.2,1889074.28,Train,2021,9,17,4,0,3,0,0,-1.0,-1.8369701987210297e-16,-0.433883739117558,-0.9009688679024191,0,0,1,1853200.26,1657780.29,1980857.12,1821707.08,1070973.42,1003268.02,1875383.97,2630473.94,1827659.24,1626961.14
2021-09-18,1910747.73,1785651.61,Train,2021,9,18,5,1,3,0,0,-1.0,-1.8369701987210297e-16,-0.9749279121818236,-0.2225209339563146,0,0,1,2031900.2,1889074.28,1547495.48,1455524.4,1839742.83,1710231.68,2535597.13,3644326.12,2600220.08,2233677.06
2021-09-19,1952437.84,1794752.16,Train,2021,9,19,6,1,3,0,0,-1.0,-1.8369701987210297e-16,-0.7818314824680299,0.6234898018587334,0,0,1,1910747.73,1785651.61,2102573.99,1909199.54,1682890.37,1626164.36,2553183.49,3860236.79,1806587.98,1582702.76
2021-09-20,2307149.39,2140377.91,Train,2021,9,20,0,0,3,0,0,-1.0,-1.8369701987210297e-16,0.0,1.0,0,0,1,1952437.84,1794752.16,2488502.06,2265837.09,2097434.58,1931198.13,1453356.23,2098001.94,2334885.81,2132834.58
2021-09-21,3210995.34,2839955.92,Train,2021,9,21,1,0,3,0,0,-1.0,-1.8369701987210297e-16,0.7818314824680298,0.6234898018587336,0,0,1,2307149.39,2140377.91,2715006.68,2532491.32,2244132.38,1986738.71,1640268.07,2295711.5,3082015.84,2723671.97
2021-09-22,2518917.94,2299264.05,Train,2021,9,22,2,0,3,0,0,-1.0,-1.8369701987210297e-16,0.9749279121818236,-0.22252093395631434,0,0,1,3210995.34,2839955.92,3275643.47,3007258.03,3716975.63,3437593.72,1883869.71,2626041.33,2827707.7,2426080.5
2021-09-23,2220736.52,2001371.7,Train,2021,9,23,3,0,3,0,0,-1.0,-1.8369701987210297e-16,0.43388373911755823,-0.900968867902419,0,0,1,2518917.94,2299264.05,1853200.26,1657780.29,2187074.96,2082447.03,1836322.27,2808012.6,2254030.17,2095482.45
2021-09-24,2008968.22,1790130.16,Train,2021,9,24,4,0,3,0,0,-1.0,-1.8369701987210297e-16,-0.433883739117558,-0.9009688679024191,0,0,1,2220736.52,2001371.7,2031900.2,1889074.28,1980857.12,1821707.08,1939866.54,2821994.79,2021614.99,1879290.21
2021-09-25,2281967.32,2112780.84,Train,2021,9,25,5,1,3,0,0,-1.0,-1.8369701987210297e-16,-0.9749279121818236,-0.2225209339563146,0,0,1,2008968.22,1790130.16,1910747.73,1785651.61,1547495.48,1455524.4,1886569.08,2959216.09,2587034.31,2341681.4
2021-09-26,1602075.57,1461503.99,Train,2021,9,26,6,1,3,0,0,-1.0,-1.8369701987210297e-16,-0.7818314824680299,0.6234898018587334,0,0,1,2281967.32,2112780.84,1952437.84,1794752.16,2102573.99,1909199.54,1662732.77,2371412.62,2219447.23,2025784.18
2021-09-27,3058684.14,2864098.57,Train,2021,9,27,0,0,3,0,0,-1.0,-1.8369701987210297e-16,0.0,1.0,0,0,1,1602075.57,1461503.99,2307149.39,2140377.91,2488502.06,2265837.09,1664938.51,2453257.65,3907778.93,3495826.9
2021-09-28,4749132.81,4287087.43,Train,2021,9,28,1,0,3,0,0,-1.0,-1.8369701987210297e-16,0.7818314824680298,0.6234898018587336,0,0,1,3058684.14,2864098.57,3210995.34,2839955.92,2715006.68,2532491.32,4443078.33,6342118.62,4681424.38,4163962.01
2021-09-29,3184253.74,2793067.38,Train,2021,9,29,2,0,3,0,0,-1.0,-1.8369701987210297e-16,0.9749279121818236,-0.22252093395631434,0,0,1,4749132.81,4287087.43,2518917.94,2299264.05,3275643.47,3007258.03,3996164.3,5499176.03,3862957.51,3418321.41
2021-09-30,3504126.92,3102295.47,Train,2021,9,30,3,0,3,0,1,-1.0,-1.8369701987210297e-16,0.43388373911755823,-0.900968867902419,0,0,1,3184253.74,2793067.38,2220736.52,2001371.7,1853200.26,1657780.29,3940957.44,5240978.22,3185317.6,2835582.57
2021-10-01,2465559.4,2269641.63,Train,2021,10,1,4,0,4,1,0,-0.8660254037844386,0.5000000000000001,-0.433883739117558,-0.9009688679024191,0,0,1,3504126.92,3102295.47,2008968.22,1790130.16,2031900.2,1889074.28,3579634.39,4583108.31,2053948.94,1801442.13
2021-10-02,2584886.96,2309451.71,Train,2021,10,2,5,1,4,0,0,-0.8660254037844386,0.5000000000000001,-0.9749279121818236,-0.2225209339563146,0,0,1,2465559.4,2269641.63,2281967.32,2112780.84,1910747.73,1785651.61,3917618.96,4722341.9,844947.12,672777.16
2021-10-03,920334.15,789349.71,Train,2021,10,3,6,1,4,0,0,-0.8660254037844386,0.5000000000000001,-0.7818314824680299,0.6234898018587334,0,0,0,2584886.96,2309451.71,1602075.57,1461503.99,1952437.84,1794752.16,1070973.42,1003268.02,1819620.17,1400911.62
2021-10-04,1043382.83,864297.5,Train,2021,10,4,0,0,4,0,0,-0.8660254037844386,0.5000000000000001,0.0,1.0,0,0,0,920334.15,789349.71,3058684.14,2864098.57,2307149.39,2140377.91,1839742.83,1710231.68,1305849.84,1031248.84
2021-10-05,1440909.2,1238586.01,Train,2021,10,5,1,0,4,0,0,-0.8660254037844386,0.5000000000000001,0.7818314824680298,0.6234898018587336,0,0,0,1043382.83,864297.5,4749132.81,4287087.43,3210995.34,2839955.92,1682890.37,1626164.36,1476045.28,1106750.78
2021-10-06,1793088.31,1465294.6,Train,2021,10,6,2,0,4,0,0,-0.8660254037844386,0.5000000000000001,0.9749279121818236,-0.22252093395631434,0,0,0,1440909.2,1238586.01,3184253.74,2793067.38,2518917.94,2299264.05,2097434.58,1931198.13,2225510.95,1785750.97
2021-10-07,1826196.69,1497790.82,Train,2021,10,7,3,0,4,0,0,-0.8660254037844386,0.5000000000000001,0.43388373911755823,-0.900968867902419,0,0,0,1793088.31,1465294.6,3504126.92,3102295.47,2220736.52,2001371.7,2244132.38,1986738.71,2084609.48,1633404.7
2021-10-08,1613264.94,1325310.58,Train,2021,10,8,4,0,4,0,0,-0.8660254037844386,0.5000000000000001,-0.433883739117558,-0.9009688679024191,0,0,0,1826196.69,1497790.82,2465559.4,2269641.63,2008968.22,1790130.16,3716975.63,3437593.72,1798621.9,1415449.28
2021-10-09,1794510.68,1447840.15,Train,2021,10,9,5,1,4,0,0,-0.8660254037844386,0.5000000000000001,-0.9749279121818236,-0.2225209339563146,0,0,0,1613264.94,1325310.58,2584886.96,2309451.71,2281967.32,2112780.84,2187074.96,2082447.03,1682037.65,1404182.57
2021-10-10,1883117.98,1559914.53,Train,2021,10,10,6,1,4,0,0,-0.8660254037844386,0.5000000000000001,-0.7818314824680299,0.6234898018587334,0,0,0,1794510.68,1447840.15,920334.15,789349.71,1602075.57,1461503.99,1980857.12,1821707.08,2023437.43,1582185.76
2021-10-11,2300450.29,1848634.77,Train,2021,10,11,0,0,4,0,0,-0.8660254037844386,0.5000000000000001,0.0,1.0,0,0,0,1883117.98,1559914.53,1043382.83,864297.5,3058684.14,2864098.57,1547495.48,1455524.4,1446988.51,1177371.98
2021-10-12,1567144.44,1334199.42,Train,2021,10,12,1,0,4,0,0,-0.8660254037844386,0.5000000000000001,0.7818314824680298,0.6234898018587336,0,0,0,2300450.29,1848634.77,1440909.2,1238586.01,4749132.81,4287087.43,2102573.99,1909199.54,1856496.7,1470316.91
2021-10-13,1918678.27,1624278.45,Train,2021,10,13,2,0,4,0,0,-0.8660254037844386,0.5000000000000001,0.9749279121818236,-0.22252093395631434,0,0,0,1567144.44,1334199.42,1793088.31,1465294.6,3184253.74,2793067.38,2488502.06,2265837.09,3071390.97,2435896.58
2021-10-14,2148334.67,1733671.89,Train,2021,10,14,3,0,4,0,0,-0.8660254037844386,0.5000000000000001,0.43388373911755823,-0.900968867902419,0,0,0,1918678.27,1624278.45,1826196.69,1497790.82,3504126.92,3102295.47,2715006.68,2532491.32,2627129.58,2030216.9
2021-10-15,1900056.41,1665667.16,Train,2021,10,15,4,0,4,0,0,-0.8660254037844386,0.5000000000000001,-0.433883739117558,-0.9009688679024191,0,0,0,2148334.67,1733671.89,1613264.94,1325310.58,2465559.4,2269641.63,3275643.47,3007258.03,1826480.99,1499468.55
2021-10-16,2106301.79,1750771.11,Train,2021,10,16,5,1,4,0,0,-0.8660254037844386,0.5000000000000001,-0.9749279121818236,-0.2225209339563146,0,0,0,1900056.41,1665667.16,1794510.68,1447840.15,2584886.96,2309451.71,1853200.26,1657780.29,2213689.11,1814772.4
2021-10-17,2495144.25,2124471.09,Train,2021,10,17,6,1,4,0,0,-0.8660254037844386,0.5000000000000001,-0.7818314824680299,0.6234898018587334,0,0,0,2106301.79,1750771.11,1883117.98,1559914.53,920334.15,789349.71,2031900.2,1889074.28,2024181.52,1623856.95
2021-10-18,2029589.44,1714394.15,Train,2021,10,18,0,0,4,0,0,-0.8660254037844386,0.5000000000000001,0.0,1.0,0,0,0,2495144.25,2124471.09,2300450.29,1848634.77,1043382.83,864297.5,1910747.73,1785651.61,2416150.55,2000897.4
2021-10-19,1794195.22,1443278.64,Train,2021,10,19,1,0,4,0,0,-0.8660254037844386,0.5000000000000001,0.7818314824680298,0.6234898018587336,0,0,0,2029589.44,1714394.15,1567144.44,1334199.42,1440909.2,1238586.01,1952437.84,1794752.16,1798941.77,1455468.16
2021-10-20,2748359.42,2249708.28,Train,2021,10,20,2,0,4,0,0,-0.8660254037844386,0.5000000000000001,0.9749279121818236,-0.22252093395631434,0,0,0,1794195.22,1443278.64,1918678.27,1624278.45,1793088.31,1465294.6,2307149.39,2140377.91,2361849.87,1800189.76
2021-10-21,1715238.6,1425166.31,Train,2021,10,21,3,0,4,0,0,-0.8660254037844386,0.5000000000000001,0.43388373911755823,-0.900968867902419,0,0,0,2748359.42,2249708.28,2148334.67,1733671.89,1826196.69,1497790.82,3210995.34,2839955.92,2168284.88,1762213.02
2021-10-22,2513749.87,2045877.61,Train,2021,10,22,4,0,4,0,0,-0.8660254037844386,0.5000000000000001,-0.433883739117558,-0.9009688679024191,0,0,0,1715238.6,1425166.31,1900056.41,1665667.16,1613264.94,1325310.58,2518917.94,2299264.05,2384359.77,1939167.59
2021-10-23,1853822.02,1521941.02,Train,2021,10,23,5,1,4,0,0,-0.8660254037844386,0.5000000000000001,-0.9749279121818236,-0.2225209339563146,0,0,0,2513749.87,2045877.61,2106301.79,1750771.11,1794510.68,1447840.15,2220736.52,2001371.7,1313373.58,984874.54
2021-10-24,2201542.06,1879343.83,Train,2021,10,24,6,1,4,0,0,-0.8660254037844386,0.5000000000000001,-0.7818314824680299,0.6234898018587334,0,0,0,1853822.02,1521941.02,2495144.25,2124471.09,1883117.98,1559914.53,2008968.22,1790130.16,2435210.66,1935814.16
2021-10-25,2021989.32,1646748.37,Train,2021,10,25,0,0,4,0,0,-0.8660254037844386,0.5000000000000001,0.0,1.0,0,0,0,2201542.06,1879343.83,2029589.44,1714394.15,2300450.29,1848634.77,2281967.32,2112780.84,2045855.5,1595051.09
2021-10-26,2162674.08,1776598.49,Train,2021,10,26,1,0,4,0,0,-0.8660254037844386,0.5000000000000001,0.7818314824680298,0.6234898018587336,0,0,0,2021989.32,1646748.37,1794195.22,1443278.64,1567144.44,1334199.42,1602075.57,1461503.99,2383306.02,1881515.76
2021-10-27,2151921.73,1803290.61,Train,2021,10,27,2,0,4,0,0,-0.8660254037844386,0.5000000000000001,0.9749279121818236,-0.22252093395631434,0,0,0,2162674.08,1776598.49,2748359.42,2249708.28,1918678.27,1624278.45,3058684.14,2864098.57,3242319.66,2668015.76
2021-10-28,2489853.45,2036708.17,Train,2021,10,28,3,0,4,0,0,-0.8660254037844386,0.5000000000000001,0.43388373911755823,-0.900968867902419,0,0,0,2151921.73,1803290.61,1715238.6,1425166.31,2148334.67,1733671.89,4749132.81,4287087.43,4138715.4,3246854.44
2021-10-29,3746325.95,3090953.59,Train,2021,10,29,4,0,4,0,0,-0.8660254037844386,0.5000000000000001,-0.433883739117558,-0.9009688679024191,0,0,0,2489853.45,2036708.17,2513749.87,2045877.61,1900056.41,1665667.16,3184253.74,2793067.38,3361148.04,2777298.73
2021-10-30,3434826.63,2965454.49,Train,2021,10,30,5,1,4,0,0,-0.8660254037844386,0.5000000000000001,-0.9749279121818236,-0.2225209339563146,0,0,0,3746325.95,3090953.59,1853822.02,1521941.02,2106301.79,1750771.11,3504126.92,3102295.47,2606337.42,2045887.36
2021-10-31,3026687.11,2545466.76,Train,2021,10,31,6,1,4,0,1,-0.8660254037844386,0.5000000000000001,-0.7818314824680299,0.6234898018587334,0,0,0,3434826.63,2965454.49,2201542.06,1879343.83,2495144.25,2124471.09,2465559.4,2269641.63,3099623.67,2419274.6
2021-11-01,2926691.09,2398381.34,Train,2021,11,1,0,0,4,1,0,-0.5000000000000004,0.8660254037844384,0.0,1.0,0,0,0,3026687.11,2545466.76,2021989.32,1646748.37,2029589.44,1714394.15,2584886.96,2309451.71,2000351.9,1651707.88
2021-11-02,3072730.67,2536221.43,Train,2021,11,2,1,0,4,0,0,-0.5000000000000004,0.8660254037844384,0.7818314824680298,0.6234898018587336,0,0,0,2926691.09,2398381.34,2162674.08,1776598.49,1794195.22,1443278.64,920334.15,789349.71,1609265.54,1276568.22
2021-11-03,1262904.96,1055921.75,Train,2021,11,3,2,0,4,0,0,-0.5000000000000004,0.8660254037844384,0.9749279121818236,-0.22252093395631434,0,0,0,3072730.67,2536221.43,2151921.73,1803290.61,2748359.42,2249708.28,1043382.83,864297.5,1148970.3,951051.1
2021-11-04,1344901.28,1136391.76,Train,2021,11,4,3,0,4,0,0,-0.5000000000000004,0.8660254037844384,0.43388373911755823,-0.900968867902419,0,0,0,1262904.96,1055921.75,2489853.45,2036708.17,1715238.6,1425166.31,1440909.2,1238586.01,1475675.48,1140886.92
2021-11-05,1257605.18,1084704.98,Train,2021,11,5,4,0,4,0,0,-0.5000000000000004,0.8660254037844384,-0.433883739117558,-0.9009688679024191,0,0,0,1344901.28,1136391.76,3746325.95,3090953.59,2513749.87,2045877.61,1793088.31,1465294.6,1340308.97,1063954.02
2021-11-06,2093872.9,1714441.6,Train,2021,11,6,5,1,4,0,0,-0.5000000000000004,0.8660254037844384,-0.9749279121818236,-0.2225209339563146,0,0,0,1257605.18,1084704.98,3434826.63,2965454.49,1853822.02,1521941.02,1826196.69,1497790.82,717152.89,537123.9
2021-11-07,942802.49,782264.44,Train,2021,11,7,6,1,4,0,0,-0.5000000000000004,0.8660254037844384,-0.7818314824680299,0.6234898018587334,0,0,0,2093872.9,1714441.6,3026687.11,2545466.76,2201542.06,1879343.83,1613264.94,1325310.58,1261006.58,1012158.51
2021-11-08,2064680.43,1687466.21,Train,2021,11,8,0,0,4,0,0,-0.5000000000000004,0.8660254037844384,0.0,1.0,0,0,0,942802.49,782264.44,2926691.09,2398381.34,2021989.32,1646748.37,1794510.68,1447840.15,1462906.75,1152752.12
2021-11-09,2462296.67,2100076.52,Train,2021,11,9,1,0,4,0,0,-0.5000000000000004,0.8660254037844384,0.7818314824680298,0.6234898018587336,0,0,0,2064680.43,1687466.21,3072730.67,2536221.43,2162674.08,1776598.49,1883117.98,1559914.53,1841341.67,1500031.86
2021-11-10,1774844.23,1518855.62,Train,2021,11,10,2,0,4,0,0,-0.5000000000000004,0.8660254037844384,0.9749279121818236,-0.22252093395631434,0,0,0,2462296.67,2100076.52,1262904.96,1055921.75,2151921.73,1803290.61,2300450.29,1848634.77,1423817.05,1131446.53
2021-11-11,1412638.65,1123822.69,Train,2021,11,11,3,0,4,0,0,-0.5000000000000004,0.8660254037844384,0.43388373911755823,-0.900968867902419,0,0,0,1774844.23,1518855.62,1344901.28,1136391.76,2489853.45,2036708.17,1567144.44,1334199.42,1850484.56,1510899.02
2021-11-12,1777590.33,1460783.5,Train,2021,11,12,4,0,4,0,0,-0.5000000000000004,0.8660254037844384,-0.433883739117558,-0.9009688679024191,0,0,0,1412638.65,1123822.69,1257605.18,1084704.98,3746325.95,3090953.59,1918678.27,1624278.45,1742209.81,1490266.12
2021-11-13,1291079.97,1073274.92,Train,2021,11,13,5,1,4,0,0,-0.5000000000000004,0.8660254037844384,-0.9749279121818236,-0.2225209339563146,0,0,0,1777590.33,1460783.5,2093872.9,1714441.6,3434826.63,2965454.49,2148334.67,1733671.89,1874908.56,1475799.13
2021-11-14,1228705.01,1065683.97,Train,2021,11,14,6,1,4,0,0,-0.5000000000000004,0.8660254037844384,-0.7818314824680299,0.6234898018587334,0,0,0,1291079.97,1073274.92,942802.49,782264.44,3026687.11,2545466.76,1900056.41,1665667.16,1505407.33,1170919.18
2021-11-15,1206377.91,983743.19,Train,2021,11,15,0,0,4,0,0,-0.5000000000000004,0.8660254037844384,0.0,1.0,0,0,0,1228705.01,1065683.97,2064680.43,1687466.21,2926691.09,2398381.34,2106301.79,1750771.11,1822943.34,1452200.16
2021-11-16,2106714.51,1725304.97,Train,2021,11,16,1,0,4,0,0,-0.5000000000000004,0.8660254037844384,0.7818314824680298,0.6234898018587336,0,0,0,1206377.91,983743.19,2462296.67,2100076.52,3072730.67,2536221.43,2495144.25,2124471.09,1677772.33,1289405.39
2021-11-17,1531889.09,1349321.43,Train,2021,11,17,2,0,4,0,0,-0.5000000000000004,0.8660254037844384,0.9749279121818236,-0.22252093395631434,0,0,0,2106714.51,1725304.97,1774844.23,1518855.62,1262904.96,1055921.75,2029589.44,1714394.15,1698265.63,1375791.27
2021-11-18,1661241.07,1433114.76,Train,2021,11,18,3,0,4,0,0,-0.5000000000000004,0.8660254037844384,0.43388373911755823,-0.900968867902419,0,0,1,1531889.09,1349321.43,1412638.65,1123822.69,1344901.28,1136391.76,1794195.22,1443278.64,1708292.62,1460231.18
2021-11-19,1253389.32,1095039.04,Train,2021,11,19,4,0,4,0,0,-0.5000000000000004,0.8660254037844384,-0.433883739117558,-0.9009688679024191,0,0,1,1661241.07,1433114.76,1777590.33,1460783.5,1257605.18,1084704.98,2748359.42,2249708.28,1389140.38,1147069.41
2021-11-20,1071404.44,1040227.2,Train,2021,11,20,5,1,4,0,0,-0.5000000000000004,0.8660254037844384,-0.9749279121818236,-0.2225209339563146,0,0,1,1253389.32,1095039.04,1291079.97,1073274.92,2093872.9,1714441.6,1715238.6,1425166.31,1761075.99,1653768.63
2021-11-21,1222908.7,1238315.19,Train,2021,11,21,6,1,4,0,0,-0.5000000000000004,0.8660254037844384,-0.7818314824680299,0.6234898018587334,0,0,1,1071404.44,1040227.2,1228705.01,1065683.97,942802.49,782264.44,2513749.87,2045877.61,1277317.49,1191035.2
2021-11-22,1558297.56,1613383.51,Train,2021,11,22,0,0,4,0,0,-0.5000000000000004,0.8660254037844384,0.0,1.0,0,0,1,1222908.7,1238315.19,1206377.91,983743.19,2064680.43,1687466.21,1853822.02,1521941.02,1402812.95,1422457.39
2021-11-23,1613168.79,1629011.23,Train,2021,11,23,1,0,4,0,0,-0.5000000000000004,0.8660254037844384,0.7818314824680298,0.6234898018587336,0,0,1,1558297.56,1613383.51,2106714.51,1725304.97,2462296.67,2100076.52,2201542.06,1879343.83,1254495.47,1331674.56
2021-11-24,1665269.85,1709718.17,Train,2021,11,24,2,0,4,0,0,-0.5000000000000004,0.8660254037844384,0.9749279121818236,-0.22252093395631434,0,0,1,1613168.79,1629011.23,1531889.09,1349321.43,1774844.23,1518855.62,2021989.32,1646748.37,1234768.03,1251831.61
2021-11-25,1278003.36,1305823.05,Train,2021,11,25,3,0,4,0,0,-0.5000000000000004,0.8660254037844384,0.43388373911755823,-0.900968867902419,0,0,1,1665269.85,1709718.17,1661241.07,1433114.76,1412638.65,1123822.69,2162674.08,1776598.49,1016787.85,1011073.66
2021-11-26,970756.2,1019443.98,Train,2021,11,26,4,0,4,0,0,-0.5000000000000004,0.8660254037844384,-0.433883739117558,-0.9009688679024191,0,0,1,1278003.36,1305823.05,1253389.32,1095039.04,1777590.33,1460783.5,2151921.73,1803290.61,1003033.14,1066907.31
2021-11-27,1407280.07,1519826.79,Train,2021,11,27,5,1,4,0,0,-0.5000000000000004,0.8660254037844384,-0.9749279121818236,-0.2225209339563146,0,0,1,970756.2,1019443.98,1071404.44,1040227.2,1291079.97,1073274.92,2489853.45,2036708.17,2064673.72,2076697.24
2021-11-28,2359645.42,2324536.28,Train,2021,11,28,6,1,4,0,0,-0.5000000000000004,0.8660254037844384,-0.7818314824680299,0.6234898018587334,0,0,1,1407280.07,1519826.79,1222908.7,1238315.19,1228705.01,1065683.97,3746325.95,3090953.59,2102733.52,2118368.35
2021-11-29,1830856.99,1894919.03,Train,2021,11,29,0,0,4,0,0,-0.5000000000000004,0.8660254037844384,0.0,1.0,0,0,1,2359645.42,2324536.28,1558297.56,1613383.51,1206377.91,983743.19,3434826.63,2965454.49,1696662.48,1642786.66
2021-11-30,2987950.32,3045686.15,Train,2021,11,30,1,0,4,0,1,-0.5000000000000004,0.8660254037844384,0.7818314824680298,0.6234898018587336,0,0,1,1830856.99,1894919.03,1613168.79,1629011.23,2106714.51,1725304.97,3026687.11,2545466.76,1376299.12,1423882.94
2021-12-01,1881588.13,1920538.46,Train,2021,12,1,2,0,4,1,0,-2.4492935982947064e-16,1.0,0.9749279121818236,-0.22252093395631434,0,0,1,2987950.32,3045686.15,1665269.85,1709718.17,1531889.09,1349321.43,2926691.09,2398381.34,1160032.88,1083886.83
2021-12-02,1911470.99,1996362.17,Train,2021,12,2,3,0,4,0,0,-2.4492935982947064e-16,1.0,0.43388373911755823,-0.900968867902419,0,0,1,1881588.13,1920538.46,1278003.36,1305823.05,1661241.07,1433114.76,3072730.67,2536221.43,370653.23,366277.85
2021-12-03,586748.17,626899.33,Train,2021,12,3,4,0,4,0,0,-2.4492935982947064e-16,1.0,-0.433883739117558,-0.9009688679024191,0,0,1,1911470.99,1996362.17,970756.2,1019443.98,1253389.32,1095039.04,1262904.96,1055921.75,528608.48,509665.44
2021-12-04,819389.63,787101.35,Train,2021,12,4,5,1,4,0,0,-2.4492935982947064e-16,1.0,-0.9749279121818236,-0.2225209339563146,0,0,1,586748.17,626899.33,1407280.07,1519826.79,1071404.44,1040227.2,1344901.28,1136391.76,645703.05,632473.93
2021-12-05,1101768.07,1082761.55,Train,2021,12,5,6,1,4,0,0,-2.4492935982947064e-16,1.0,-0.7818314824680299,0.6234898018587334,0,0,1,819389.63,787101.35,2359645.42,2324536.28,1222908.7,1238315.19,1257605.18,1084704.98,653591.96,700683.81
2021-12-06,1167887.5,1132700.46,Train,2021,12,6,0,0,4,0,0,-2.4492935982947064e-16,1.0,0.0,1.0,0,0,1,1101768.07,1082761.55,1830856.99,1894919.03,1558297.56,1613383.51,2093872.9,1714441.6,755648.75,731905.7
2021-12-07,708706.53,724333.47,Train,2021,12,7,1,0,4,0,0,-2.4492935982947064e-16,1.0,0.7818314824680298,0.6234898018587336,0,0,1,1167887.5,1132700.46,2987950.32,3045686.15,1613168.79,1629011.23,942802.49,782264.44,832522.38,856716.78
2021-12-08,919265.14,968146.91,Train,2021,12,8,2,0,4,0,0,-2.4492935982947064e-16,1.0,0.9749279121818236,-0.22252093395631434,0,0,1,708706.53,724333.47,1881588.13,1920538.46,1665269.85,1709718.17,2064680.43,1687466.21,1297656.34,1226584.15
2021-12-09,999032.78,1047782.72,Train,2021,12,9,3,0,4,0,0,-2.4492935982947064e-16,1.0,0.43388373911755823,-0.900968867902419,0,0,1,919265.14,968146.91,1911470.99,1996362.17,1278003.36,1305823.05,2462296.67,2100076.52,1154833.63,1135523.17
2021-12-10,1214991.34,1243394.6,Train,2021,12,10,4,0,4,0,0,-2.4492935982947064e-16,1.0,-0.433883739117558,-0.9009688679024191,0,0,1,999032.78,1047782.72,586748.17,626899.33,970756.2,1019443.98,1774844.23,1518855.62,696601.42,694712.49
2021-12-11,948995.31,997983.77,Train,2021,12,11,5,1,4,0,0,-2.4492935982947064e-16,1.0,-0.9749279121818236,-0.2225209339563146,0,0,1,1214991.34,1243394.6,819389.63,787101.35,1407280.07,1519826.79,1412638.65,1123822.69,708701.4,714731.83
2021-12-12,1285064.15,1307106.22,Train,2021,12,12,6,1,4,0,0,-2.4492935982947064e-16,1.0,-0.7818314824680299,0.6234898018587334,0,0,1,948995.31,997983.77,1101768.07,1082761.55,2359645.42,2324536.28,1777590.33,1460783.5,1122552.93,1114505.97
2021-12-13,1112918.62,1168775.11,Train,2021,12,13,0,0,4,0,0,-2.4492935982947064e-16,1.0,0.0,1.0,0,0,1,1285064.15,1307106.22,1167887.5,1132700.46,1830856.99,1894919.03,1291079.97,1073274.92,937152.62,894184.44
2021-12-14,1821860.68,1884666.84,Train,2021,12,14,1,0,4,0,0,-2.4492935982947064e-16,1.0,0.7818314824680298,0.6234898018587336,0,0,1,1112918.62,1168775.11,708706.53,724333.47,2987950.32,3045686.15,1228705.01,1065683.97,1601200.69,1536265.51
2021-12-15,1773908.51,1816537.46,Train,2021,12,15,2,0,4,0,0,-2.4492935982947064e-16,1.0,0.9749279121818236,-0.22252093395631434,0,0,1,1821860.68,1884666.84,919265.14,968146.91,1881588.13,1920538.46,1206377.91,983743.19,1355809.66,1345601.61
2021-12-16,1771984.63,1846296.05,Train,2021,12,16,3,0,4,0,0,-2.4492935982947064e-16,1.0,0.43388373911755823,-0.900968867902419,0,0,1,1773908.51,1816537.46,999032.78,1047782.72,1911470.99,1996362.17,2106714.51,1725304.97,1368150.26,1378715.06
2021-12-17,1463605.82,1523555.95,Train,2021,12,17,4,0,4,0,0,-2.4492935982947064e-16,1.0,-0.433883739117558,-0.9009688679024191,0,0,1,1771984.63,1846296.05,1214991.34,1243394.6,586748.17,626899.33,1531889.09,1349321.43,1104685.57,1105268.19
2021-12-18,1214550.47,1217310.4,Train,2021,12,18,5,1,4,0,0,-2.4492935982947064e-16,1.0,-0.9749279121818236,-0.2225209339563146,0,0,1,1463605.82,1523555.95,948995.31,997983.77,819389.63,787101.35,1661241.07,1433114.76,1251306.12,1173503.24
2021-12-19,1546435.59,1510053.63,Train,2021,12,19,6,1,4,0,0,-2.4492935982947064e-16,1.0,-0.7818314824680299,0.6234898018587334,0,0,1,1214550.47,1217310.4,1285064.15,1307106.22,1101768.07,1082761.55,1253389.32,1095039.04,1648432.09,1604918.15
2021-12-20,1676753.39,1642291.41,Train,2021,12,20,0,0,4,0,0,-2.4492935982947064e-16,1.0,0.0,1.0,0,0,1,1546435.59,1510053.63,1112918.62,1168775.11,1167887.5,1132700.46,1071404.44,1040227.2,1777867.4,1748875.07
2021-12-21,2017237.85,2127476.27,Train,2021,12,21,1,0,4,0,0,-2.4492935982947064e-16,1.0,0.7818314824680298,0.6234898018587336,0,0,1,1676753.39,1642291.41,1821860.68,1884666.84,708706.53,724333.47,1222908.7,1238315.19,2040125.86,2025685.77
2021-12-22,2327738.57,2283587.28,Train,2021,12,22,2,0,4,0,0,-2.4492935982947064e-16,1.0,0.9749279121818236,-0.22252093395631434,0,0,1,2017237.85,2127476.27,1773908.51,1816537.46,919265.14,968146.91,1558297.56,1613383.51,2050706.5,1957791.36
2021-12-23,2415914.18,2480623.5,Train,2021,12,23,3,0,4,0,0,-2.4492935982947064e-16,1.0,0.43388373911755823,-0.900968867902419,0,0,1,2327738.57,2283587.28,1771984.63,1846296.05,999032.78,1047782.72,1613168.79,1629011.23,1964805.24,2036033.68
2021-12-24,1448810.25,1505101.29,Train,2021,12,24,4,0,4,0,0,-2.4492935982947064e-16,1.0,-0.433883739117558,-0.9009688679024191,0,0,1,2415914.18,2480623.5,1463605.82,1523555.95,1214991.34,1243394.6,1665269.85,1709718.17,1223063.47,1196024.1
2021-12-25,1120986.7,1156338.1,Train,2021,12,25,5,1,4,0,0,-2.4492935982947064e-16,1.0,-0.9749279121818236,-0.2225209339563146,0,0,1,1448810.25,1505101.29,1214550.47,1217310.4,948995.31,997983.77,1278003.36,1305823.05,1200258.49,1181002.97
2021-12-26,1317218.46,1338753.3,Train,2021,12,26,6,1,4,0,0,-2.4492935982947064e-16,1.0,-0.7818314824680299,0.6234898018587334,0,0,1,1120986.7,1156338.1,1546435.59,1510053.63,1285064.15,1307106.22,970756.2,1019443.98,1099988.0,1121806.33
2021-12-27,1025037.51,986082.95,Train,2021,12,27,0,0,4,0,0,-2.4492935982947064e-16,1.0,0.0,1.0,0,0,1,1317218.46,1338753.3,1676753.39,1642291.41,1112918.62,1168775.11,1407280.07,1519826.79,1517374.4,1548752.98
2021-12-28,1855064.19,1847193.9,Train,2021,12,28,1,0,4,0,0,-2.4492935982947064e-16,1.0,0.7818314824680298,0.6234898018587336,0,0,1,1025037.51,986082.95,2017237.85,2127476.27,1821860.68,1884666.84,2359645.42,2324536.28,3627797.75,3660309.96
2021-12-29,4065184.9,4208667.7,Train,2021,12,29,2,0,4,0,0,-2.4492935982947064e-16,1.0,0.9749279121818236,-0.22252093395631434,0,0,1,1855064.19,1847193.9,2327738.57,2283587.28,1773908.51,1816537.46,1830856.99,1894919.03,2940732.69,2915164.04
2021-12-30,3842586.5,3948015.94,Train,2021,12,30,3,0,4,0,0,-2.4492935982947064e-16,1.0,0.43388373911755823,-0.900968867902419,0,0,1,4065184.9,4208667.7,2415914.18,2480623.5,1771984.63,1846296.05,2987950.32,3045686.15,2881135.64,2881761.18
2021-12-31,3041203.79,3121467.33,Train,2021,12,31,4,0,4,0,1,-2.4492935982947064e-16,1.0,-0.433883739117558,-0.9009688679024191,0,0,1,3842586.5,3948015.94,1448810.25,1505101.29,1463605.82,1523555.95,1881588.13,1920538.46,2153864.87,2157011.11
2022-01-01,2932155.47,3019583.5,Train,2022,1,1,5,1,1,1,0,0.49999999999999994,0.8660254037844387,-0.9749279121818236,-0.2225209339563146,1,0,1,3041203.79,3121467.33,1120986.7,1156338.1,1214550.47,1217310.4,1911470.99,1996362.17,1553431.51,1547553.58
2022-01-02,2361965.0,2368851.11,Train,2022,1,2,6,1,1,0,0,0.49999999999999994,0.8660254037844387,-0.7818314824680299,0.6234898018587334,0,0,1,2932155.47,3019583.5,1317218.46,1338753.3,1546435.59,1510053.63,586748.17,626899.33,378420.41,311258.46
2022-01-03,545563.72,476501.31,Train,2022,1,3,0,0,1,0,0,0.49999999999999994,0.8660254037844387,0.0,1.0,0,0,0,2361965.0,2368851.11,1025037.51,986082.95,1676753.39,1642291.41,819389.63,787101.35,677894.56,516308.19
2022-01-04,1242319.38,1057834.07,Train,2022,1,4,1,0,1,0,0,0.49999999999999994,0.8660254037844387,0.7818314824680298,0.6234898018587336,0,0,0,545563.72,476501.31,1855064.19,1847193.9,2017237.85,2127476.27,1101768.07,1082761.55,819877.04,631242.67
2022-01-05,809977.6,684605.3,Train,2022,1,5,2,0,1,0,0,0.49999999999999994,0.8660254037844387,0.9749279121818236,-0.22252093395631434,0,0,0,1242319.38,1057834.07,4065184.9,4208667.7,2327738.57,2283587.28,1167887.5,1132700.46,1174326.91,961163.6
2022-01-06,993048.62,827696.4,Train,2022,1,6,3,0,1,0,0,0.49999999999999994,0.8660254037844387,0.43388373911755823,-0.900968867902419,0,0,0,809977.6,684605.3,3842586.5,3948015.94,2415914.18,2480623.5,708706.53,724333.47,1114251.05,906466.26
2022-01-07,1294963.64,1109631.82,Train,2022,1,7,4,0,1,0,0,0.49999999999999994,0.8660254037844387,-0.433883739117558,-0.9009688679024191,0,0,0,993048.62,827696.4,3041203.79,3121467.33,1448810.25,1505101.29,919265.14,968146.91,837846.02,690390.14
2022-01-08,1641747.05,1369252.03,Train,2022,1,8,5,1,1,0,0,0.49999999999999994,0.8660254037844387,-0.9749279121818236,-0.2225209339563146,0,0,0,1294963.64,1109631.82,2932155.47,3019583.5,1120986.7,1156338.1,999032.78,1047782.72,1023293.14,849565.94
2022-01-09,1706485.37,1491356.56,Train,2022,1,9,6,1,1,0,0,0.49999999999999994,0.8660254037844387,-0.7818314824680299,0.6234898018587334,0,0,0,1641747.05,1369252.03,2361965.0,2368851.11,1317218.46,1338753.3,1214991.34,1243394.6,853729.27,699954.28
2022-01-10,2569113.21,2158709.88,Train,2022,1,10,0,0,1,0,0,0.49999999999999994,0.8660254037844387,0.0,1.0,0,0,0,1706485.37,1491356.56,545563.72,476501.31,1025037.51,986082.95,948995.31,997983.77,1180728.66,984866.85
2022-01-11,1640806.35,1336967.26,Train,2022,1,11,1,0,1,0,0,0.49999999999999994,0.8660254037844387,0.7818314824680298,0.6234898018587336,0,0,0,2569113.21,2158709.88,1242319.38,1057834.07,1855064.19,1847193.9,1285064.15,1307106.22,1515387.6,1201417.37
2022-01-12,1775526.5,1506945.6,Train,2022,1,12,2,0,1,0,0,0.49999999999999994,0.8660254037844387,0.9749279121818236,-0.22252093395631434,0,0,0,1640806.35,1336967.26,809977.6,684605.3,4065184.9,4208667.7,1112918.62,1168775.11,1062807.64,869052.09
2022-01-13,1173172.99,946254.56,Train,2022,1,13,3,0,1,0,0,0.49999999999999994,0.8660254037844387,0.43388373911755823,-0.900968867902419,0,0,0,1775526.5,1506945.6,993048.62,827696.4,3842586.5,3948015.94,1821860.68,1884666.84,1070756.5,856031.34
2022-01-14,1548726.82,1300219.1,Train,2022,1,14,4,0,1,0,0,0.49999999999999994,0.8660254037844387,-0.433883739117558,-0.9009688679024191,0,0,0,1173172.99,946254.56,1294963.64,1109631.82,3041203.79,3121467.33,1773908.51,1816537.46,764427.24,629061.31
2022-01-15,1461990.71,1263054.33,Train,2022,1,15,5,1,1,0,0,0.49999999999999994,0.8660254037844387,-0.9749279121818236,-0.2225209339563146,0,0,0,1548726.82,1300219.1,1641747.05,1369252.03,2932155.47,3019583.5,1771984.63,1846296.05,977003.78,779003.57
2022-01-16,2064339.13,1781850.02,Train,2022,1,16,6,1,1,0,0,0.49999999999999994,0.8660254037844387,-0.7818314824680299,0.6234898018587334,0,0,0,1461990.71,1263054.33,1706485.37,1491356.56,2361965.0,2368851.11,1463605.82,1523555.95,1185774.61,916210.38
2022-01-17,1621773.2,1340632.16,Train,2022,1,17,0,0,1,0,0,0.49999999999999994,0.8660254037844387,0.0,1.0,0,0,0,2064339.13,1781850.02,2569113.21,2158709.88,545563.72,476501.31,1214550.47,1217310.4,1224098.2,966990.57
2022-01-18,1861205.18,1606509.55,Train,2022,1,18,1,0,1,0,0,0.49999999999999994,0.8660254037844387,0.7818314824680298,0.6234898018587336,0,0,0,1621773.2,1340632.16,1640806.35,1336967.26,1242319.38,1057834.07,1546435.59,1510053.63,2502006.18,1916159.06
2022-01-19,2020862.53,1738187.82,Train,2022,1,19,2,0,1,0,0,0.49999999999999994,0.8660254037844387,0.9749279121818236,-0.22252093395631434,0,0,0,1861205.18,1606509.55,1775526.5,1506945.6,809977.6,684605.3,1676753.39,1642291.41,2011018.39,1652010.17
2022-01-20,1249233.56,1043117.49,Train,2022,1,20,3,0,1,0,0,0.49999999999999994,0.8660254037844387,0.43388373911755823,-0.900968867902419,0,0,0,2020862.53,1738187.82,1173172.99,946254.56,993048.62,827696.4,2017237.85,2127476.27,1595354.2,1216527.62
2022-01-21,1580948.85,1245282.02,Train,2022,1,21,4,0,1,0,0,0.49999999999999994,0.8660254037844387,-0.433883739117558,-0.9009688679024191,0,0,0,1249233.56,1043117.49,1548726.82,1300219.1,1294963.64,1109631.82,2327738.57,2283587.28,1698207.91,1250048.47
2022-01-22,1758593.8,1468639.94,Train,2022,1,22,5,1,1,0,0,0.49999999999999994,0.8660254037844387,-0.9749279121818236,-0.2225209339563146,0,0,0,1580948.85,1245282.02,1461990.71,1263054.33,1641747.05,1369252.03,2415914.18,2480623.5,1620041.5,1267935.48
2022-01-23,1785338.17,1512426.38,Train,2022,1,23,6,1,1,0,0,0.49999999999999994,0.8660254037844387,-0.7818314824680299,0.6234898018587334,0,0,0,1758593.8,1468639.94,2064339.13,1781850.02,1706485.37,1491356.56,1448810.25,1505101.29,1744298.27,1412867.08
2022-01-24,1915906.28,1601822.71,Train,2022,1,24,0,0,1,0,0,0.49999999999999994,0.8660254037844387,0.0,1.0,0,0,0,1785338.17,1512426.38,1621773.2,1340632.16,2569113.21,2158709.88,1120986.7,1156338.1,1862707.42,1491339.57
2022-01-25,2471179.3,1957064.07,Train,2022,1,25,1,0,1,0,0,0.49999999999999994,0.8660254037844387,0.7818314824680298,0.6234898018587336,0,0,0,1915906.28,1601822.71,1861205.18,1606509.55,1640806.35,1336967.26,1317218.46,1338753.3,2346216.5,1913189.53
2022-01-26,2278973.82,1903209.07,Train,2022,1,26,2,0,1,0,0,0.49999999999999994,0.8660254037844387,0.9749279121818236,-0.22252093395631434,0,0,0,2471179.3,1957064.07,2020862.53,1738187.82,1775526.5,1506945.6,1025037.51,986082.95,2993616.58,2282478.29
2022-01-27,1604489.99,1290075.13,Train,2022,1,27,3,0,1,0,0,0.49999999999999994,0.8660254037844387,0.43388373911755823,-0.900968867902419,0,0,0,2278973.82,1903209.07,1249233.56,1043117.49,1173172.99,946254.56,1855064.19,1847193.9,2258351.94,1690062.59
2022-01-28,2792317.48,2306948.5,Train,2022,1,28,4,0,1,0,0,0.49999999999999994,0.8660254037844387,-0.433883739117558,-0.9009688679024191,0,0,0,1604489.99,1290075.13,1580948.85,1245282.02,1548726.82,1300219.1,4065184.9,4208667.7,2405871.45,1845885.39
2022-01-29,3897632.5,3247780.03,Train,2022,1,29,5,1,1,0,0,0.49999999999999994,0.8660254037844387,-0.9749279121818236,-0.2225209339563146,0,0,0,2792317.48,2306948.5,1758593.8,1468639.94,1461990.71,1263054.33,3842586.5,3948015.94,2246568.53,1778946.6
2022-01-30,3903300.55,3262713.48,Train,2022,1,30,6,1,1,0,0,0.49999999999999994,0.8660254037844387,-0.7818314824680299,0.6234898018587334,0,0,0,3897632.5,3247780.03,1785338.17,1512426.38,2064339.13,1781850.02,3041203.79,3121467.33,2167603.39,1754979.72
2022-01-31,3159829.55,2627738.4,Train,2022,1,31,0,0,1,0,1,0.49999999999999994,0.8660254037844387,0.0,1.0,0,1,0,3903300.55,3262713.48,1915906.28,1601822.71,1621773.2,1340632.16,2932155.47,3019583.5,1607178.02,1317474.79
2022-02-01,3672475.88,3092119.13,Train,2022,2,1,1,0,1,1,0,0.8660254037844386,0.5000000000000001,0.7818314824680298,0.6234898018587336,0,1,0,3159829.55,2627738.4,2471179.3,1957064.07,1861205.18,1606509.55,2361965.0,2368851.11,1551374.11,1281321.59
2022-02-02,3072419.17,2457270.01,Train,2022,2,2,2,0,1,0,0,0.8660254037844386,0.5000000000000001,0.9749279121818236,-0.22252093395631434,0,1,0,3672475.88,3092119.13,2278973.82,1903209.07,2020862.53,1738187.82,545563.72,476501.31,958876.9,764858.08
2022-02-03,1056919.3,915391.24,Train,2022,2,3,3,0,1,0,0,0.8660254037844386,0.5000000000000001,0.43388373911755823,-0.900968867902419,0,0,0,3072419.17,2457270.01,1604489.99,1290075.13,1249233.56,1043117.49,1242319.38,1057834.07,1095535.11,933310.92
2022-02-04,1135262.35,959597.02,Train,2022,2,4,4,0,1,0,0,0.8660254037844386,0.5000000000000001,-0.433883739117558,-0.9009688679024191,0,0,0,1056919.3,915391.24,2792317.48,2306948.5,1580948.85,1245282.02,809977.6,684605.3,1345207.17,1009834.12
2022-02-05,1325806.77,1094262.79,Train,2022,2,5,5,1,1,0,0,0.8660254037844386,0.5000000000000001,-0.9749279121818236,-0.2225209339563146,0,0,0,1135262.35,959597.02,3897632.5,3247780.03,1758593.8,1468639.94,993048.62,827696.4,1749418.05,1399602.15
2022-02-06,1360544.32,1086414.25,Train,2022,2,6,6,1,1,0,0,0.8660254037844386,0.5000000000000001,-0.7818314824680299,0.6234898018587334,0,0,0,1325806.77,1094262.79,3903300.55,3262713.48,1785338.17,1512426.38,1294963.64,1109631.82,1240787.91,940727.48
2022-02-07,1777072.87,1505671.69,Train,2022,2,7,0,0,1,0,0,0.8660254037844386,0.5000000000000001,0.0,1.0,0,0,0,1360544.32,1086414.25,3159829.55,2627738.4,1915906.28,1601822.71,1641747.05,1369252.03,1814367.53,1394396.68
2022-02-08,2324022.32,1858719.97,Train,2022,2,8,1,0,1,0,0,0.8660254037844386,0.5000000000000001,0.7818314824680298,0.6234898018587336,0,0,0,1777072.87,1505671.69,3672475.88,3092119.13,2471179.3,1957064.07,1706485.37,1491356.56,1325809.68,1131072.08
2022-02-09,2087968.13,1716217.3,Train,2022,2,9,2,0,1,0,0,0.8660254037844386,0.5000000000000001,0.9749279121818236,-0.22252093395631434,0,0,0,2324022.32,1858719.97,3072419.17,2457270.01,2278973.82,1903209.07,2569113.21,2158709.88,1448124.96,1194857.77
2022-02-10,1681958.09,1377183.24,Train,2022,2,10,3,0,1,0,0,0.8660254037844386,0.5000000000000001,0.43388373911755823,-0.900968867902419,0,0,0,2087968.13,1716217.3,1056919.3,915391.24,1604489.99,1290075.13,1640806.35,1336967.26,1851743.73,1575581.32
2022-02-11,1868277.55,1450465.3,Train,2022,2,11,4,0,1,0,0,0.8660254037844386,0.5000000000000001,-0.433883739117558,-0.9009688679024191,0,0,0,1681958.09,1377183.24,1135262.35,959597.02,2792317.48,2306948.5,1775526.5,1506945.6,1689417.95,1396084.38
2022-02-12,2483675.48,2002526.57,Train,2022,2,12,5,1,1,0,0,0.8660254037844386,0.5000000000000001,-0.9749279121818236,-0.2225209339563146,0,0,0,1868277.55,1450465.3,1325806.77,1094262.79,3897632.5,3247780.03,1173172.99,946254.56,1983824.96,1679342.84
2022-02-13,2471088.82,2037847.39,Train,2022,2,13,6,1,1,0,0,0.8660254037844386,0.5000000000000001,-0.7818314824680299,0.6234898018587334,0,0,0,2483675.48,2002526.57,1360544.32,1086414.25,3903300.55,3262713.48,1548726.82,1300219.1,1986462.63,1556559.62
2022-02-14,2477651.08,2066561.36,Train,2022,2,14,0,0,1,0,0,0.8660254037844386,0.5000000000000001,0.0,1.0,0,0,0,2471088.82,2037847.39,1777072.87,1505671.69,3159829.55,2627738.4,1461990.71,1263054.33,2942830.48,2472928.79
2022-02-15,2911470.49,2304155.38,Train,2022,2,15,1,0,1,0,0,0.8660254037844386,0.5000000000000001,0.7818314824680298,0.6234898018587336,0,0,0,2477651.08,2066561.36,2324022.32,1858719.97,3672475.88,3092119.13,2064339.13,1781850.02,3142099.08,2531323.24
2022-02-16,3189077.73,2624063.44,Train,2022,2,16,2,0,1,0,0,0.8660254037844386,0.5000000000000001,0.9749279121818236,-0.22252093395631434,0,0,0,2911470.49,2304155.38,2087968.13,1716217.3,3072419.17,2457270.01,1621773.2,1340632.16,1874868.49,1645455.89
2022-02-17,2365001.98,1930644.21,Train,2022,2,17,3,0,1,0,0,0.8660254037844386,0.5000000000000001,0.43388373911755823,-0.900968867902419,0,0,0,3189077.73,2624063.44,1681958.09,1377183.24,1056919.3,915391.24,1861205.18,1606509.55,2468895.03,1948858.13
2022-02-18,2218074.92,1902787.38,Train,2022,2,18,4,0,1,0,0,0.8660254037844386,0.5000000000000001,-0.433883739117558,-0.9009688679024191,0,0,0,2365001.98,1930644.21,1868277.55,1450465.3,1135262.35,959597.02,2020862.53,1738187.82,1729200.62,1374282.0
2022-02-19,2497284.24,2073056.25,Train,2022,2,19,5,1,1,0,0,0.8660254037844386,0.5000000000000001,-0.9749279121818236,-0.2225209339563146,0,0,0,2218074.92,1902787.38,2483675.48,2002526.57,1325806.77,1094262.79,1249233.56,1043117.49,2485137.46,1894234.27
2022-02-20,3274514.0,2808978.4,Train,2022,2,20,6,1,1,0,0,0.8660254037844386,0.5000000000000001,-0.7818314824680299,0.6234898018587334,0,0,0,2497284.24,2073056.25,2471088.82,2037847.39,1360544.32,1086414.25,1580948.85,1245282.02,2510521.11,1978226.96
2022-02-21,3231879.49,2662096.96,Train,2022,2,21,0,0,1,0,0,0.8660254037844386,0.5000000000000001,0.0,1.0,0,0,0,3274514.0,2808978.4,2477651.08,2066561.36,1777072.87,1505671.69,1758593.8,1468639.94,2673937.37,2158355.9
2022-02-22,3646117.64,3080342.28,Train,2022,2,22,1,0,1,0,0,0.8660254037844386,0.5000000000000001,0.7818314824680298,0.6234898018587336,0,0,0,3231879.49,2662096.96,2911470.49,2304155.38,2324022.32,1858719.97,1785338.17,1512426.38,3295922.4,2680528.93
2022-02-23,3297595.34,2768284.27,Train,2022,2,23,2,0,1,0,0,0.8660254037844386,0.5000000000000001,0.9749279121818236,-0.22252093395631434,0,0,0,3646117.64,3080342.28,3189077.73,2624063.44,2087968.13,1716217.3,1915906.28,1601822.71,4952064.84,3886168.63
2022-02-24,2768850.97,2337359.85,Train,2022,2,24,3,0,1,0,0,0.8660254037844386,0.5000000000000001,0.43388373911755823,-0.900968867902419,0,0,0,3297595.34,2768284.27,2365001.98,1930644.21,1681958.09,1377183.24,2471179.3,1957064.07,2880648.13,2377495.5
2022-02-25,2943786.98,2445090.2,Train,2022,2,25,4,0,1,0,0,0.8660254037844386,0.5000000000000001,-0.433883739117558,-0.9009688679024191,0,0,0,2768850.97,2337359.85,2218074.92,1902787.38,1868277.55,1450465.3,2278973.82,1903209.07,5675843.97,4598510.35
2022-02-26,6304749.98,4896174.07,Train,2022,2,26,5,1,1,0,0,0.8660254037844386,0.5000000000000001,-0.9749279121818236,-0.2225209339563146,0,0,0,2943786.98,2445090.2,2497284.24,2073056.25,2483675.48,2002526.57,1604489.99,1290075.13,3813868.44,3118356.14
2022-02-27,5652340.75,4889448.26,Train,2022,2,27,6,1,1,0,0,0.8660254037844386,0.5000000000000001,-0.7818314824680299,0.6234898018587334,0,0,0,6304749.98,4896174.07,3274514.0,2808978.4,2471088.82,2037847.39,2792317.48,2306948.5,3241854.71,2733660.27
2022-02-28,6007208.86,4942844.92,Train,2022,2,28,0,0,1,0,1,0.8660254037844386,0.5000000000000001,0.0,1.0,0,0,0,5652340.75,4889448.26,3231879.49,2662096.96,2477651.08,2066561.36,3897632.5,3247780.03,2348995.75,1901704.24
2022-03-01,4532724.33,3774772.1,Train,2022,3,1,1,0,1,1,0,1.0,6.123233995736766e-17,0.7818314824680298,0.6234898018587336,0,0,0,6007208.86,4942844.92,3646117.64,3080342.28,2911470.49,2304155.38,3903300.55,3262713.48,1942260.67,1595206.21
2022-03-02,5221766.09,4446394.75,Train,2022,3,2,2,0,1,0,0,1.0,6.123233995736766e-17,0.9749279121818236,-0.22252093395631434,0,0,0,4532724.33,3774772.1,3297595.34,2768284.27,3189077.73,2624063.44,3159829.55,2627738.4,679248.37,536287.19
2022-03-03,1113577.08,936517.95,Train,2022,3,3,3,0,1,0,0,1.0,6.123233995736766e-17,0.43388373911755823,-0.900968867902419,0,0,0,5221766.09,4446394.75,2768850.97,2337359.85,2365001.98,1930644.21,3672475.88,3092119.13,1202803.22,982110.07
2022-03-04,1265611.41,1001621.35,Train,2022,3,4,4,0,1,0,0,1.0,6.123233995736766e-17,-0.433883739117558,-0.9009688679024191,0,0,0,1113577.08,936517.95,2943786.98,2445090.2,2218074.92,1902787.38,3072419.17,2457270.01,2188811.67,1718125.54
2022-03-05,1917604.21,1671253.56,Train,2022,3,5,5,1,1,0,0,1.0,6.123233995736766e-17,-0.9749279121818236,-0.2225209339563146,0,0,0,1265611.41,1001621.35,6304749.98,4896174.07,2497284.24,2073056.25,1056919.3,915391.24,1350969.16,1101818.84
2022-03-06,2406752.08,1881208.83,Train,2022,3,6,6,1,1,0,0,1.0,6.123233995736766e-17,-0.7818314824680299,0.6234898018587334,0,0,0,1917604.21,1671253.56,5652340.75,4889448.26,3274514.0,2808978.4,1135262.35,959597.02,1702498.76,1385168.73
2022-03-07,3077438.94,2603663.56,Train,2022,3,7,0,0,1,0,0,1.0,6.123233995736766e-17,0.0,1.0,0,0,0,2406752.08,1881208.83,6007208.86,4942844.92,3231879.49,2662096.96,1325806.77,1094262.79,2475099.15,2022240.35
2022-03-08,3777839.97,3199498.52,Train,2022,3,8,1,0,1,0,0,1.0,6.123233995736766e-17,0.7818314824680298,0.6234898018587336,0,0,0,3077438.94,2603663.56,4532724.33,3774772.1,3646117.64,3080342.28,1360544.32,1086414.25,2765984.78,2054703.58
2022-03-09,4138590.91,3354044.48,Train,2022,3,9,2,0,1,0,0,1.0,6.123233995736766e-17,0.9749279121818236,-0.22252093395631434,0,0,0,3777839.97,3199498.52,5221766.09,4446394.75,3297595.34,2768284.27,1777072.87,1505671.69,2910840.37,2318282.64
2022-03-10,3544992.79,2897669.69,Train,2022,3,10,3,0,1,0,0,1.0,6.123233995736766e-17,0.43388373911755823,-0.900968867902419,0,0,0,4138590.91,3354044.48,1113577.08,936517.95,2768850.97,2337359.85,2324022.32,1858719.97,2793536.43,2183321.72
2022-03-11,3499825.21,2868355.02,Train,2022,3,11,4,0,1,0,0,1.0,6.123233995736766e-17,-0.433883739117558,-0.9009688679024191,0,0,0,3544992.79,2897669.69,1265611.41,1001621.35,2943786.98,2445090.2,2087968.13,1716217.3,4291688.17,3434300.04
2022-03-12,3731020.06,3230097.43,Train,2022,3,12,5,1,1,0,0,1.0,6.123233995736766e-17,-0.9749279121818236,-0.2225209339563146,0,0,0,3499825.21,2868355.02,1917604.21,1671253.56,6304749.98,4896174.07,1681958.09,1377183.24,4134860.06,3361961.81
2022-03-13,4026635.22,3346220.86,Train,2022,3,13,6,1,1,0,0,1.0,6.123233995736766e-17,-0.7818314824680299,0.6234898018587334,0,0,0,3731020.06,3230097.43,2406752.08,1881208.83,5652340.75,4889448.26,1868277.55,1450465.3,2417371.88,1968099.73
2022-03-14,4709281.9,3928279.43,Train,2022,3,14,0,0,1,0,0,1.0,6.123233995736766e-17,0.0,1.0,0,0,0,4026635.22,3346220.86,3077438.94,2603663.56,6007208.86,4942844.92,2483675.48,2002526.57,2889680.59,2334076.0
2022-03-15,4619237.89,3907599.13,Train,2022,3,15,1,0,1,0,0,1.0,6.123233995736766e-17,0.7818314824680298,0.6234898018587336,0,0,0,4709281.9,3928279.43,3777839.97,3199498.52,4532724.33,3774772.1,2471088.82,2037847.39,3654509.31,2866925.36
2022-03-16,4519934.96,3787149.37,Train,2022,3,16,2,0,1,0,0,1.0,6.123233995736766e-17,0.9749279121818236,-0.22252093395631434,0,0,0,4619237.89,3907599.13,4138590.91,3354044.48,5221766.09,4446394.75,2477651.08,2066561.36,4008350.11,3320217.27
2022-03-17,5222281.22,4421275.88,Train,2022,3,17,3,0,1,0,0,1.0,6.123233995736766e-17,0.43388373911755823,-0.900968867902419,0,0,0,4519934.96,3787149.37,3544992.79,2897669.69,1113577.08,936517.95,2911470.49,2304155.38,4400411.89,3480694.63
2022-03-18,4426435.98,3648313.01,Train,2022,3,18,4,0,1,0,0,1.0,6.123233995736766e-17,-0.433883739117558,-0.9009688679024191,0,0,1,5222281.22,4421275.88,3499825.21,2868355.02,1265611.41,1001621.35,3189077.73,2624063.44,5516765.31,4537155.51
2022-03-19,4313906.61,3587200.12,Train,2022,3,19,5,1,1,0,0,1.0,6.123233995736766e-17,-0.9749279121818236,-0.2225209339563146,0,0,1,4426435.98,3648313.01,3731020.06,3230097.43,1917604.21,1671253.56,2365001.98,1930644.21,3614457.51,2975958.79
2022-03-20,4198964.15,3744253.09,Train,2022,3,20,6,1,1,0,0,1.0,6.123233995736766e-17,-0.7818314824680299,0.6234898018587334,0,0,1,4313906.61,3587200.12,4026635.22,3346220.86,2406752.08,1881208.83,2218074.92,1902787.38,3232018.55,2766387.35
2022-03-21,4036051.82,3737447.21,Train,2022,3,21,0,0,1,0,0,1.0,6.123233995736766e-17,0.0,1.0,0,0,1,4198964.15,3744253.09,4709281.9,3928279.43,3077438.94,2603663.56,2497284.24,2073056.25,2822145.24,2475231.8
2022-03-22,4626820.15,4342565.79,Train,2022,3,22,1,0,1,0,0,1.0,6.123233995736766e-17,0.7818314824680298,0.6234898018587336,0,0,1,4036051.82,3737447.21,4619237.89,3907599.13,3777839.97,3199498.52,3274514.0,2808978.4,3923103.49,3698730.81
2022-03-23,5301842.45,4915987.31,Train,2022,3,23,2,0,1,0,0,1.0,6.123233995736766e-17,0.9749279121818236,-0.22252093395631434,0,0,1,4626820.15,4342565.79,4519934.96,3787149.37,4138590.91,3354044.48,3231879.49,2662096.96,4222620.69,3768846.71
2022-03-24,5052034.89,4744310.26,Train,2022,3,24,3,0,1,0,0,1.0,6.123233995736766e-17,0.43388373911755823,-0.900968867902419,0,0,1,5301842.45,4915987.31,5222281.22,4421275.88,3544992.79,2897669.69,3646117.64,3080342.28,4003647.57,3639438.17
2022-03-25,4122489.22,4014534.97,Train,2022,3,25,4,0,1,0,0,1.0,6.123233995736766e-17,-0.433883739117558,-0.9009688679024191,0,0,1,5052034.89,4744310.26,4426435.98,3648313.01,3499825.21,2868355.02,3297595.34,2768284.27,4847687.37,4322456.49
2022-03-26,4325007.4,4010228.32,Train,2022,3,26,5,1,1,0,0,1.0,6.123233995736766e-17,-0.9749279121818236,-0.2225209339563146,0,0,1,4122489.22,4014534.97,4313906.61,3587200.12,3731020.06,3230097.43,2768850.97,2337359.85,4034615.27,3623284.41
2022-03-27,5169170.11,4775502.11,Train,2022,3,27,6,1,1,0,0,1.0,6.123233995736766e-17,-0.7818314824680299,0.6234898018587334,0,0,1,4325007.4,4010228.32,4198964.15,3744253.09,4026635.22,3346220.86,2943786.98,2445090.2,3612774.77,3405524.2
2022-03-28,4855258.01,4607293.73,Train,2022,3,28,0,0,1,0,0,1.0,6.123233995736766e-17,0.0,1.0,0,0,1,5169170.11,4775502.11,4036051.82,3737447.21,4709281.9,3928279.43,6304749.98,4896174.07,3528929.89,3193051.24
2022-03-29,4908504.49,4613958.54,Train,2022,3,29,1,0,1,0,0,1.0,6.123233995736766e-17,0.7818314824680298,0.6234898018587336,0,0,1,4855258.01,4607293.73,4626820.15,4342565.79,4619237.89,3907599.13,5652340.75,4889448.26,4090090.6,3735223.94
2022-03-30,11643208.73,10896036.48,Train,2022,3,30,2,0,1,0,0,1.0,6.123233995736766e-17,0.9749279121818236,-0.22252093395631434,0,0,1,4908504.49,4613958.54,5301842.45,4915987.31,4519934.96,3787149.37,6007208.86,4942844.92,10795905.35,9875208.04
2022-03-31,9233141.0,8773718.15,Train,2022,3,31,3,0,1,0,1,1.0,6.123233995736766e-17,0.43388373911755823,-0.900968867902419,0,0,1,11643208.73,10896036.48,5052034.89,4744310.26,5222281.22,4421275.88,4532724.33,3774772.1,9220320.43,8547874.84
2022-04-01,8299060.74,8041756.19,Train,2022,4,1,4,0,2,1,0,0.8660254037844387,-0.4999999999999998,-0.433883739117558,-0.9009688679024191,0,0,1,9233141.0,8773718.15,4122489.22,4014534.97,4426435.98,3648313.01,5221766.09,4446394.75,9027075.84,8225391.38
2022-04-02,8289456.22,7808017.19,Train,2022,4,2,5,1,2,0,0,0.8660254037844387,-0.4999999999999998,-0.9749279121818236,-0.2225209339563146,0,0,1,8299060.74,8041756.19,4325007.4,4010228.32,4313906.61,3587200.12,1113577.08,936517.95,7866035.23,7228630.89
2022-04-03,6547965.12,6148445.74,Train,2022,4,3,6,1,2,0,0,0.8660254037844387,-0.4999999999999998,-0.7818314824680299,0.6234898018587334,0,0,1,8289456.22,7808017.19,5169170.11,4775502.11,4198964.15,3744253.09,1265611.41,1001621.35,7594752.42,7064149.71
2022-04-04,1974536.55,1802524.97,Train,2022,4,4,0,0,2,0,0,0.8660254037844387,-0.4999999999999998,0.0,1.0,0,0,1,6547965.12,6148445.74,4855258.01,4607293.73,4036051.82,3737447.21,1917604.21,1671253.56,1720555.46,1597615.49
2022-04-05,3017582.3,2782222.29,Train,2022,4,5,1,0,2,0,0,0.8660254037844387,-0.4999999999999998,0.7818314824680298,0.6234898018587336,0,0,1,1974536.55,1802524.97,4908504.49,4613958.54,4626820.15,4342565.79,2406752.08,1881208.83,2665962.66,2489752.36
2022-04-06,2934004.6,2645021.55,Train,2022,4,6,2,0,2,0,0,0.8660254037844387,-0.4999999999999998,0.9749279121818236,-0.22252093395631434,0,0,1,3017582.3,2782222.29,11643208.73,10896036.48,5301842.45,4915987.31,3077438.94,2603663.56,2627509.32,2395678.58
2022-04-07,1947894.58,1833343.52,Train,2022,4,7,3,0,2,0,0,0.8660254037844387,-0.4999999999999998,0.43388373911755823,-0.900968867902419,0,0,1,2934004.6,2645021.55,9233141.0,8773718.15,5052034.89,4744310.26,3777839.97,3199498.52,3504391.02,3200078.0
2022-04-08,2516364.3,2311523.71,Train,2022,4,8,4,0,2,0,0,0.8660254037844387,-0.4999999999999998,-0.433883739117558,-0.9009688679024191,0,0,1,1947894.58,1833343.52,8299060.74,8041756.19,4122489.22,4014534.97,4138590.91,3354044.48,3026850.22,2768519.33
2022-04-09,3523261.24,3380510.41,Train,2022,4,9,5,1,2,0,0,0.8660254037844387,-0.4999999999999998,-0.9749279121818236,-0.2225209339563146,0,0,1,2516364.3,2311523.71,8289456.22,7808017.19,4325007.4,4010228.32,3544992.79,2897669.69,3110153.27,2714930.73
2022-04-10,3747690.93,3511278.1,Train,2022,4,10,6,1,2,0,0,0.8660254037844387,-0.4999999999999998,-0.7818314824680299,0.6234898018587334,0,0,1,3523261.24,3380510.41,6547965.12,6148445.74,5169170.11,4775502.11,3499825.21,2868355.02,2505766.01,2142941.81
2022-04-11,4187283.4,3982564.11,Train,2022,4,11,0,0,2,0,0,0.8660254037844387,-0.4999999999999998,0.0,1.0,0,0,1,3747690.93,3511278.1,1974536.55,1802524.97,4855258.01,4607293.73,3731020.06,3230097.43,2755337.37,2528446.54
2022-04-12,4300020.35,4061975.74,Train,2022,4,12,1,0,2,0,0,0.8660254037844387,-0.4999999999999998,0.7818314824680298,0.6234898018587336,0,0,1,4187283.4,3982564.11,3017582.3,2782222.29,4908504.49,4613958.54,4026635.22,3346220.86,3206411.87,3006280.88
2022-04-13,4888627.31,4546028.85,Train,2022,4,13,2,0,2,0,0,0.8660254037844387,-0.4999999999999998,0.9749279121818236,-0.22252093395631434,0,0,1,4300020.35,4061975.74,2934004.6,2645021.55,11643208.73,10896036.48,4709281.9,3928279.43,3231903.43,2897501.76
2022-04-14,4670014.27,4407778.78,Train,2022,4,14,3,0,2,0,0,0.8660254037844387,-0.4999999999999998,0.43388373911755823,-0.900968867902419,0,0,1,4888627.31,4546028.85,1947894.58,1833343.52,9233141.0,8773718.15,4619237.89,3907599.13,5218947.03,4826353.96
2022-04-15,4908291.49,4288050.23,Train,2022,4,15,4,0,2,0,0,0.8660254037844387,-0.4999999999999998,-0.433883739117558,-0.9009688679024191,0,0,1,4670014.27,4407778.78,2516364.3,2311523.71,8299060.74,8041756.19,4519934.96,3787149.37,4270735.63,3783812.65
2022-04-16,5147946.06,4540748.11,Train,2022,4,16,5,1,2,0,0,0.8660254037844387,-0.4999999999999998,-0.9749279121818236,-0.2225209339563146,0,0,1,4908291.49,4288050.23,3523261.24,3380510.41,8289456.22,7808017.19,5222281.22,4421275.88,3735241.12,3308841.35
2022-04-17,4470361.38,3877207.22,Train,2022,4,17,6,1,2,0,0,0.8660254037844387,-0.4999999999999998,-0.7818314824680299,0.6234898018587334,0,0,1,5147946.06,4540748.11,3747690.93,3511278.1,6547965.12,6148445.74,4426435.98,3648313.01,3800876.52,3259298.49
2022-04-18,3680888.01,2995894.73,Train,2022,4,18,0,0,2,0,0,0.8660254037844387,-0.4999999999999998,0.0,1.0,0,0,0,4470361.38,3877207.22,4187283.4,3982564.11,1974536.55,1802524.97,4313906.61,3587200.12,4448113.81,3495208.68
2022-04-19,4426735.65,3630694.51,Train,2022,4,19,1,0,2,0,0,0.8660254037844387,-0.4999999999999998,0.7818314824680298,0.6234898018587336,0,0,0,3680888.01,2995894.73,4300020.35,4061975.74,3017582.3,2782222.29,4198964.15,3744253.09,3468512.12,2925337.15
2022-04-20,4874458.71,4017615.85,Train,2022,4,20,2,0,2,0,0,0.8660254037844387,-0.4999999999999998,0.9749279121818236,-0.22252093395631434,0,0,0,4426735.65,3630694.51,4888627.31,4546028.85,2934004.6,2645021.55,4036051.82,3737447.21,4030055.78,3186833.6
2022-04-21,2926459.0,2418771.53,Train,2022,4,21,3,0,2,0,0,0.8660254037844387,-0.4999999999999998,0.43388373911755823,-0.900968867902419,0,0,0,4874458.71,4017615.85,4670014.27,4407778.78,1947894.58,1833343.52,4626820.15,4342565.79,5244905.44,4141247.89
2022-04-22,4609506.19,3890393.56,Train,2022,4,22,4,0,2,0,0,0.8660254037844387,-0.4999999999999998,-0.433883739117558,-0.9009688679024191,0,0,0,2926459.0,2418771.53,4908291.49,4288050.23,2516364.3,2311523.71,5301842.45,4915987.31,4635126.49,3691630.05
2022-04-23,4709847.04,3925675.06,Train,2022,4,23,5,1,2,0,0,0.8660254037844387,-0.4999999999999998,-0.9749279121818236,-0.2225209339563146,0,0,0,4609506.19,3890393.56,5147946.06,4540748.11,3523261.24,3380510.41,5052034.89,4744310.26,2503702.41,1966755.8
2022-04-24,5020542.99,4173556.86,Train,2022,4,24,6,1,2,0,0,0.8660254037844387,-0.4999999999999998,-0.7818314824680299,0.6234898018587334,0,0,0,4709847.04,3925675.06,4470361.38,3877207.22,3747690.93,3511278.1,4122489.22,4014534.97,3966260.92,3199689.13
2022-04-25,4873788.42,3954819.04,Train,2022,4,25,0,0,2,0,0,0.8660254037844387,-0.4999999999999998,0.0,1.0,0,0,0,5020542.99,4173556.86,3680888.01,2995894.73,4187283.4,3982564.11,4325007.4,4010228.32,4545990.29,3630097.75
2022-04-26,5688161.6,4770812.83,Train,2022,4,26,1,0,2,0,0,0.8660254037844387,-0.4999999999999998,0.7818314824680298,0.6234898018587336,0,0,0,4873788.42,3954819.04,4426735.65,3630694.51,4300020.35,4061975.74,5169170.11,4775502.11,4718077.11,3814996.18
2022-04-27,5361513.76,4376745.35,Train,2022,4,27,2,0,2,0,0,0.8660254037844387,-0.4999999999999998,0.9749279121818236,-0.22252093395631434,0,0,0,5688161.6,4770812.83,4874458.71,4017615.85,4888627.31,4546028.85,4855258.01,4607293.73,5303542.87,4355535.28
2022-04-28,5590934.3,4645081.23,Train,2022,4,28,3,0,2,0,0,0.8660254037844387,-0.4999999999999998,0.43388373911755823,-0.900968867902419,0,0,0,5361513.76,4376745.35,2926459.0,2418771.53,4670014.27,4407778.78,4908504.49,4613958.54,5606431.49,4335482.99
2022-04-29,7579535.07,6187238.79,Train,2022,4,29,4,0,2,0,0,0.8660254037844387,-0.4999999999999998,-0.433883739117558,-0.9009688679024191,0,0,0,5590934.3,4645081.23,4609506.19,3890393.56,4908291.49,4288050.23,11643208.73,10896036.48,9535515.05,7714922.63
2022-04-30,6592777.23,5405333.92,Train,2022,4,30,5,1,2,0,1,0.8660254037844387,-0.4999999999999998,-0.9749279121818236,-0.2225209339563146,1,0,0,7579535.07,6187238.79,4709847.04,3925675.06,5147946.06,4540748.11,9233141.0,8773718.15,6962149.33,5622679.65
2022-05-01,5680859.44,4706859.17,Train,2022,5,1,6,1,2,1,0,0.49999999999999994,-0.8660254037844387,-0.7818314824680299,0.6234898018587334,1,0,0,6592777.23,5405333.92,5020542.99,4173556.86,4470361.38,3877207.22,8299060.74,8041756.19,6555221.49,5276005.92
2022-05-02,4291036.44,3434252.59,Train,2022,5,2,0,0,2,0,0,0.49999999999999994,-0.8660254037844387,0.0,1.0,0,0,0,5680859.44,4706859.17,4873788.42,3954819.04,3680888.01,2995894.73,8289456.22,7808017.19,5301495.07,4383106.98
2022-05-03,5504853.65,4531490.74,Train,2022,5,3,1,0,2,0,0,0.49999999999999994,-0.8660254037844387,0.7818314824680298,0.6234898018587336,0,0,0,4291036.44,3434252.59,5688161.6,4770812.83,4426735.65,3630694.51,6547965.12,6148445.74,3778243.02,3051862.47
2022-05-04,1792730.62,1492900.17,Train,2022,5,4,2,0,2,0,0,0.49999999999999994,-0.8660254037844387,0.9749279121818236,-0.22252093395631434,0,0,0,5504853.65,4531490.74,5361513.76,4376745.35,4874458.71,4017615.85,1974536.55,1802524.97,1930133.97,1605646.92
2022-05-05,3556300.98,2916616.09,Train,2022,5,5,3,0,2,0,0,0.49999999999999994,-0.8660254037844387,0.43388373911755823,-0.900968867902419,0,0,0,1792730.62,1492900.17,5590934.3,4645081.23,2926459.0,2418771.53,3017582.3,2782222.29,2491751.76,1992920.65
2022-05-06,2532060.94,2027456.78,Train,2022,5,6,4,0,2,0,0,0.49999999999999994,-0.8660254037844387,-0.433883739117558,-0.9009688679024191,0,0,0,3556300.98,2916616.09,7579535.07,6187238.79,4609506.19,3890393.56,2934004.6,2645021.55,3090364.98,2462408.5
2022-05-07,3620303.23,3000039.1,Train,2022,5,7,5,1,2,0,0,0.49999999999999994,-0.8660254037844387,-0.9749279121818236,-0.2225209339563146,0,0,0,2532060.94,2027456.78,6592777.23,5405333.92,4709847.04,3925675.06,1947894.58,1833343.52,3099539.75,2583097.98
2022-05-08,2468343.71,1923320.47,Train,2022,5,8,6,1,2,0,0,0.49999999999999994,-0.8660254037844387,-0.7818314824680299,0.6234898018587334,0,0,0,3620303.23,3000039.1,5680859.44,4706859.17,5020542.99,4173556.86,2516364.3,2311523.71,2448108.31,2024581.03
2022-05-09,2985986.67,2430054.67,Train,2022,5,9,0,0,2,0,0,0.49999999999999994,-0.8660254037844387,0.0,1.0,0,0,0,2468343.71,1923320.47,4291036.44,3434252.59,4873788.42,3954819.04,3523261.24,3380510.41,3801718.87,3192875.3
2022-05-10,3668495.19,2955983.75,Train,2022,5,10,1,0,2,0,0,0.49999999999999994,-0.8660254037844387,0.7818314824680298,0.6234898018587336,0,0,0,2985986.67,2430054.67,5504853.65,4531490.74,5688161.6,4770812.83,3747690.93,3511278.1,3546216.71,2807669.46
2022-05-11,4347378.73,3521156.43,Train,2022,5,11,2,0,2,0,0,0.49999999999999994,-0.8660254037844387,0.9749279121818236,-0.22252093395631434,0,0,0,3668495.19,2955983.75,1792730.62,1492900.17,5361513.76,4376745.35,4187283.4,3982564.11,3323078.36,2752138.51
2022-05-12,4753134.02,3878195.49,Train,2022,5,12,3,0,2,0,0,0.49999999999999994,-0.8660254037844387,0.43388373911755823,-0.900968867902419,0,0,0,4347378.73,3521156.43,3556300.98,2916616.09,5590934.3,4645081.23,4300020.35,4061975.74,4782841.68,3847828.01
2022-05-13,3479131.38,2953956.65,Train,2022,5,13,4,0,2,0,0,0.49999999999999994,-0.8660254037844387,-0.433883739117558,-0.9009688679024191,0,0,0,4753134.02,3878195.49,2532060.94,2027456.78,7579535.07,6187238.79,4888627.31,4546028.85,5666923.8,4709813.19
2022-05-14,4406804.98,3730445.32,Train,2022,5,14,5,1,2,0,0,0.49999999999999994,-0.8660254037844387,-0.9749279121818236,-0.2225209339563146,0,0,0,3479131.38,2953956.65,3620303.23,3000039.1,6592777.23,5405333.92,4670014.27,4407778.78,5250104.11,4258778.21
2022-05-15,4455089.7,3604418.84,Train,2022,5,15,6,1,2,0,0,0.49999999999999994,-0.8660254037844387,-0.7818314824680299,0.6234898018587334,0,0,0,4406804.98,3730445.32,2468343.71,1923320.47,5680859.44,4706859.17,4908291.49,4288050.23,3858160.76,3146686.62
2022-05-16,4323621.35,3469983.75,Train,2022,5,16,0,0,2,0,0,0.49999999999999994,-0.8660254037844387,0.0,1.0,0,0,0,4455089.7,3604418.84,2985986.67,2430054.67,4291036.44,3434252.59,5147946.06,4540748.11,3981359.06,3199505.04
2022-05-17,4158982.96,3363524.3,Train,2022,5,17,1,0,2,0,0,0.49999999999999994,-0.8660254037844387,0.7818314824680298,0.6234898018587336,0,0,0,4323621.35,3469983.75,3668495.19,2955983.75,5504853.65,4531490.74,4470361.38,3877207.22,4684806.7,3826508.17
2022-05-18,6094171.87,4997123.61,Train,2022,5,18,2,0,2,0,0,0.49999999999999994,-0.8660254037844387,0.9749279121818236,-0.22252093395631434,0,0,0,4158982.96,3363524.3,4347378.73,3521156.43,1792730.62,1492900.17,3680888.01,2995894.73,3549112.31,2889339.05
2022-05-19,5824908.18,4737898.72,Train,2022,5,19,3,0,2,0,0,0.49999999999999994,-0.8660254037844387,0.43388373911755823,-0.900968867902419,0,0,0,6094171.87,4997123.61,4753134.02,3878195.49,3556300.98,2916616.09,4426735.65,3630694.51,4795038.58,3840346.57
2022-05-20,2226534.2,1797128.71,Train,2022,5,20,4,0,2,0,0,0.49999999999999994,-0.8660254037844387,-0.433883739117558,-0.9009688679024191,0,0,0,5824908.18,4737898.72,3479131.38,2953956.65,2532060.94,2027456.78,4874458.71,4017615.85,5057797.75,4088691.43
2022-05-21,4033154.28,3341369.82,Train,2022,5,21,5,1,2,0,0,0.49999999999999994,-0.8660254037844387,-0.9749279121818236,-0.2225209339563146,0,0,0,2226534.2,1797128.71,4406804.98,3730445.32,3620303.23,3000039.1,2926459.0,2418771.53,5434543.62,4271132.76
2022-05-22,5000275.74,4124194.76,Train,2022,5,22,6,1,2,0,0,0.49999999999999994,-0.8660254037844387,-0.7818314824680299,0.6234898018587334,0,0,0,4033154.28,3341369.82,4455089.7,3604418.84,2468343.71,1923320.47,4609506.19,3890393.56,4310539.38,3526722.84
2022-05-23,3647180.26,3055864.88,Train,2022,5,23,0,0,2,0,0,0.49999999999999994,-0.8660254037844387,0.0,1.0,0,0,0,5000275.74,4124194.76,4323621.35,3469983.75,2985986.67,2430054.67,4709847.04,3925675.06,3846392.54,3086892.89
2022-05-24,4442598.36,3584450.45,Train,2022,5,24,1,0,2,0,0,0.49999999999999994,-0.8660254037844387,0.7818314824680298,0.6234898018587336,0,0,0,3647180.26,3055864.88,4158982.96,3363524.3,3668495.19,2955983.75,5020542.99,4173556.86,3987573.28,3177252.48
2022-05-25,6573956.43,5501922.55,Train,2022,5,25,2,0,2,0,0,0.49999999999999994,-0.8660254037844387,0.9749279121818236,-0.22252093395631434,0,0,0,4442598.36,3584450.45,6094171.87,4997123.61,4347378.73,3521156.43,4873788.42,3954819.04,3822459.48,3142554.15
2022-05-26,6284218.49,5141408.99,Train,2022,5,26,3,0,2,0,0,0.49999999999999994,-0.8660254037844387,0.43388373911755823,-0.900968867902419,0,0,0,6573956.43,5501922.55,5824908.18,4737898.72,4753134.02,3878195.49,5688161.6,4770812.83,4915453.17,4056932.97
2022-05-27,3652675.9,2933129.2,Train,2022,5,27,4,0,2,0,0,0.49999999999999994,-0.8660254037844387,-0.433883739117558,-0.9009688679024191,0,0,0,6284218.49,5141408.99,2226534.2,1797128.71,3479131.38,2953956.65,5361513.76,4376745.35,7320510.07,6048379.93
2022-05-28,3223975.84,2664148.14,Train,2022,5,28,5,1,2,0,0,0.49999999999999994,-0.8660254037844387,-0.9749279121818236,-0.2225209339563146,0,0,0,3652675.9,2933129.2,4033154.28,3341369.82,4406804.98,3730445.32,5590934.3,4645081.23,6925957.27,5561587.62
2022-05-29,5327455.25,4413502.81,Train,2022,5,29,6,1,2,0,0,0.49999999999999994,-0.8660254037844387,-0.7818314824680299,0.6234898018587334,0,0,0,3223975.84,2664148.14,5000275.74,4124194.76,4455089.7,3604418.84,7579535.07,6187238.79,4630943.52,3787091.31
2022-05-30,8158502.0,6931185.72,Train,2022,5,30,0,0,2,0,0,0.49999999999999994,-0.8660254037844387,0.0,1.0,0,0,0,5327455.25,4413502.81,3647180.26,3055864.88,4323621.35,3469983.75,6592777.23,5405333.92,8887935.6,7274840.31
2022-05-31,8513166.37,6787523.6,Train,2022,5,31,1,0,2,0,1,0.49999999999999994,-0.8660254037844387,0.7818314824680298,0.6234898018587336,0,0,0,8158502.0,6931185.72,4442598.36,3584450.45,4158982.96,3363524.3,5680859.44,4706859.17,7996369.9,6466327.4
2022-06-01,8373363.4,7038218.52,Train,2022,6,1,2,0,2,1,0,1.2246467991473532e-16,-1.0,0.9749279121818236,-0.22252093395631434,0,0,0,8513166.37,6787523.6,6573956.43,5501922.55,6094171.87,4997123.61,4291036.44,3434252.59,7479521.04,6141761.22
2022-06-02,8325437.52,6796380.79,Train,2022,6,2,3,0,2,0,0,1.2246467991473532e-16,-1.0,0.43388373911755823,-0.900968867902419,0,0,0,8373363.4,7038218.52,6284218.49,5141408.99,5824908.18,4737898.72,5504853.65,4531490.74,6960798.21,5572082.02
2022-06-03,6585522.44,5345747.87,Train,2022,6,3,4,0,2,0,0,1.2246467991473532e-16,-1.0,-0.433883739117558,-0.9009688679024191,0,0,0,8325437.52,6796380.79,3652675.9,2933129.2,2226534.2,1797128.71,1792730.62,1492900.17,6367799.03,5139667.32
2022-06-04,2998952.42,2492875.15,Train,2022,6,4,5,1,2,0,0,1.2246467991473532e-16,-1.0,-0.9749279121818236,-0.2225209339563146,0,0,0,6585522.44,5345747.87,3223975.84,2664148.14,4033154.28,3341369.82,3556300.98,2916616.09,2524112.16,2097669.41
2022-06-05,2945501.79,2481566.23,Train,2022,6,5,6,1,2,0,0,1.2246467991473532e-16,-1.0,-0.7818314824680299,0.6234898018587334,0,0,0,2998952.42,2492875.15,5327455.25,4413502.81,5000275.74,4124194.76,2532060.94,2027456.78,2884765.01,2262050.61
2022-06-06,3100859.0,2519872.17,Train,2022,6,6,0,0,2,0,0,1.2246467991473532e-16,-1.0,0.0,1.0,0,0,0,2945501.79,2481566.23,8158502.0,6931185.72,3647180.26,3055864.88,3620303.23,3000039.1,3795966.84,3084551.9
2022-06-07,3673238.8,3096187.02,Train,2022,6,7,1,0,2,0,0,1.2246467991473532e-16,-1.0,0.7818314824680298,0.6234898018587336,0,0,0,3100859.0,2519872.17,8513166.37,6787523.6,4442598.36,3584450.45,2468343.71,1923320.47,3757477.99,3136794.28
2022-06-08,3686799.9,3086016.13,Train,2022,6,8,2,0,2,0,0,1.2246467991473532e-16,-1.0,0.9749279121818236,-0.22252093395631434,0,0,0,3673238.8,3096187.02,8373363.4,7038218.52,6573956.43,5501922.55,2985986.67,2430054.67,3948452.32,3177527.58
2022-06-09,2619038.14,2169844.13,Train,2022,6,9,3,0,2,0,0,1.2246467991473532e-16,-1.0,0.43388373911755823,-0.900968867902419,0,0,0,3686799.9,3086016.13,8325437.52,6796380.79,6284218.49,5141408.99,3668495.19,2955983.75,3733884.76,3009506.21
2022-06-10,3369544.01,2830537.04,Train,2022,6,10,4,0,2,0,0,1.2246467991473532e-16,-1.0,-0.433883739117558,-0.9009688679024191,0,0,0,2619038.14,2169844.13,6585522.44,5345747.87,3652675.9,2933129.2,4347378.73,3521156.43,3994102.54,3220973.51
2022-06-11,4463584.56,3478666.52,Train,2022,6,11,5,1,2,0,0,1.2246467991473532e-16,-1.0,-0.9749279121818236,-0.2225209339563146,0,0,0,3369544.01,2830537.04,2998952.42,2492875.15,3223975.84,2664148.14,4753134.02,3878195.49,3221511.31,2622379.46
2022-06-12,4561669.81,3820200.11,Train,2022,6,12,6,1,2,0,0,1.2246467991473532e-16,-1.0,-0.7818314824680299,0.6234898018587334,0,0,0,4463584.56,3478666.52,2945501.79,2481566.23,5327455.25,4413502.81,3479131.38,2953956.65,3618435.07,2920008.48
2022-06-13,4221162.05,3579316.15,Train,2022,6,13,0,0,2,0,0,1.2246467991473532e-16,-1.0,0.0,1.0,0,0,0,4561669.81,3820200.11,3100859.0,2519872.17,8158502.0,6931185.72,4406804.98,3730445.32,3349171.43,2778202.9
2022-06-14,4843640.76,3943051.0,Train,2022,6,14,1,0,2,0,0,1.2246467991473532e-16,-1.0,0.7818314824680298,0.6234898018587336,0,0,0,4221162.05,3579316.15,3673238.8,3096187.02,8513166.37,6787523.6,4455089.7,3604418.84,4007931.92,3159812.63
2022-06-15,4969823.53,4197066.37,Train,2022,6,15,2,0,2,0,0,1.2246467991473532e-16,-1.0,0.9749279121818236,-0.22252093395631434,0,0,0,4843640.76,3943051.0,3686799.9,3086016.13,8373363.4,7038218.52,4323621.35,3469983.75,4162142.95,3326425.2
2022-06-16,4143877.35,3546880.86,Train,2022,6,16,3,0,2,0,0,1.2246467991473532e-16,-1.0,0.43388373911755823,-0.900968867902419,0,0,0,4969823.53,4197066.37,2619038.14,2169844.13,8325437.52,6796380.79,4158982.96,3363524.3,4740156.23,3752544.13
2022-06-17,4914374.7,4127718.74,Train,2022,6,17,4,0,2,0,0,1.2246467991473532e-16,-1.0,-0.433883739117558,-0.9009688679024191,0,0,0,4143877.35,3546880.86,3369544.01,2830537.04,6585522.44,5345747.87,6094171.87,4997123.61,5807751.43,4698668.17
2022-06-18,4817780.87,3824360.06,Train,2022,6,18,5,1,2,0,0,1.2246467991473532e-16,-1.0,-0.9749279121818236,-0.2225209339563146,0,0,0,4914374.7,4127718.74,4463584.56,3478666.52,2998952.42,2492875.15,5824908.18,4737898.72,4316861.14,3463681.18
2022-06-19,3795086.21,3161112.99,Train,2022,6,19,6,1,2,0,0,1.2246467991473532e-16,-1.0,-0.7818314824680299,0.6234898018587334,0,0,0,4817780.87,3824360.06,4561669.81,3820200.11,2945501.79,2481566.23,2226534.2,1797128.71,3596996.21,3016398.92
2022-06-20,3323030.57,2753309.16,Train,2022,6,20,0,0,2,0,0,1.2246467991473532e-16,-1.0,0.0,1.0,0,0,0,3795086.21,3161112.99,4221162.05,3579316.15,3100859.0,2519872.17,4033154.28,3341369.82,3113780.62,2502341.31
2022-06-21,4271838.09,3517936.59,Train,2022,6,21,1,0,2,0,0,1.2246467991473532e-16,-1.0,0.7818314824680298,0.6234898018587336,0,0,0,3323030.57,2753309.16,4843640.76,3943051.0,3673238.8,3096187.02,5000275.74,4124194.76,3454322.45,2831163.45
2022-06-22,5182306.11,4283552.22,Train,2022,6,22,2,0,2,0,0,1.2246467991473532e-16,-1.0,0.9749279121818236,-0.22252093395631434,0,0,0,4271838.09,3517936.59,4969823.53,4197066.37,3686799.9,3086016.13,3647180.26,3055864.88,3814525.81,3072656.32
2022-06-23,3276933.23,2698817.37,Train,2022,6,23,3,0,2,0,0,1.2246467991473532e-16,-1.0,0.43388373911755823,-0.900968867902419,0,0,1,5182306.11,4283552.22,4143877.35,3546880.86,2619038.14,2169844.13,4442598.36,3584450.45,5129834.24,4258385.56
2022-06-24,4334289.08,3840132.24,Train,2022,6,24,4,0,2,0,0,1.2246467991473532e-16,-1.0,-0.433883739117558,-0.9009688679024191,0,0,1,3276933.23,2698817.37,4914374.7,4127718.74,3369544.01,2830537.04,6573956.43,5501922.55,5015283.26,4491924.42
2022-06-25,3650772.37,3465656.03,Train,2022,6,25,5,1,2,0,0,1.2246467991473532e-16,-1.0,-0.9749279121818236,-0.2225209339563146,0,0,1,4334289.08,3840132.24,4817780.87,3824360.06,4463584.56,3478666.52,6284218.49,5141408.99,3255836.16,2807033.14
2022-06-26,3313898.55,3251613.07,Train,2022,6,26,6,1,2,0,0,1.2246467991473532e-16,-1.0,-0.7818314824680299,0.6234898018587334,0,0,1,3650772.37,3465656.03,3795086.21,3161112.99,4561669.81,3820200.11,3652675.9,2933129.2,3202321.56,2946230.91
2022-06-27,3481464.68,3545701.77,Train,2022,6,27,0,0,2,0,0,1.2246467991473532e-16,-1.0,0.0,1.0,0,0,1,3313898.55,3251613.07,3323030.57,2753309.16,4221162.05,3579316.15,3223975.84,2664148.14,3938214.81,3832008.26
2022-06-28,5799352.35,5797836.84,Train,2022,6,28,1,0,2,0,0,1.2246467991473532e-16,-1.0,0.7818314824680298,0.6234898018587336,0,0,1,3481464.68,3545701.77,4271838.09,3517936.59,4843640.76,3943051.0,5327455.25,4413502.81,4255543.96,4082242.05
2022-06-29,7265484.49,7471904.08,Train,2022,6,29,2,0,2,0,0,1.2246467991473532e-16,-1.0,0.9749279121818236,-0.22252093395631434,0,0,1,5799352.35,5797836.84,5182306.11,4283552.22,4969823.53,4197066.37,8158502.0,6931185.72,5907160.01,5911751.11
2022-06-30,5503799.91,5548808.71,Train,2022,6,30,3,0,2,0,1,1.2246467991473532e-16,-1.0,0.43388373911755823,-0.900968867902419,0,0,1,7265484.49,7471904.08,3276933.23,2698817.37,4143877.35,3546880.86,8513166.37,6787523.6,5094915.79,4949985.1
2022-07-01,5150082.22,5158929.6,Train,2022,7,1,4,0,3,1,0,-0.4999999999999997,-0.8660254037844388,-0.433883739117558,-0.9009688679024191,0,0,1,5503799.91,5548808.71,4334289.08,3840132.24,4914374.7,4127718.74,8373363.4,7038218.52,4975867.15,5024857.74
2022-07-02,4591824.74,4681370.69,Train,2022,7,2,5,1,3,0,0,-0.4999999999999997,-0.8660254037844388,-0.9749279121818236,-0.2225209339563146,0,0,1,5150082.22,5158929.6,3650772.37,3465656.03,4817780.87,3824360.06,8325437.52,6796380.79,4397949.68,4326458.07
2022-07-03,3487232.0,3467227.39,Train,2022,7,3,6,1,3,0,0,-0.4999999999999997,-0.8660254037844388,-0.7818314824680299,0.6234898018587334,0,0,1,4591824.74,4681370.69,3313898.55,3251613.07,3795086.21,3161112.99,6585522.44,5345747.87,3132513.38,3101143.37
2022-07-04,1208545.64,1210803.29,Train,2022,7,4,0,0,3,0,0,-0.4999999999999997,-0.8660254037844388,0.0,1.0,0,0,1,3487232.0,3467227.39,3481464.68,3545701.77,3323030.57,2753309.16,2998952.42,2492875.15,730601.15,647312.84
2022-07-05,1079245.09,1067117.75,Train,2022,7,5,1,0,3,0,0,-0.4999999999999997,-0.8660254037844388,0.7818314824680298,0.6234898018587336,0,0,1,1208545.64,1210803.29,5799352.35,5797836.84,4271838.09,3517936.59,2945501.79,2481566.23,1878817.85,1927429.12
2022-07-06,2003115.26,1958001.67,Train,2022,7,6,2,0,3,0,0,-0.4999999999999997,-0.8660254037844388,0.9749279121818236,-0.22252093395631434,0,0,1,1079245.09,1067117.75,7265484.49,7471904.08,5182306.11,4283552.22,3100859.0,2519872.17,1616214.16,1626948.22
2022-07-07,2178171.4,2191625.58,Train,2022,7,7,3,0,3,0,0,-0.4999999999999997,-0.8660254037844388,0.43388373911755823,-0.900968867902419,0,0,1,2003115.26,1958001.67,5503799.91,5548808.71,3276933.23,2698817.37,3673238.8,3096187.02,1741509.6,1715092.93
2022-07-08,1881078.1,1982500.01,Train,2022,7,8,4,0,3,0,0,-0.4999999999999997,-0.8660254037844388,-0.433883739117558,-0.9009688679024191,0,0,1,2178171.4,2191625.58,5150082.22,5158929.6,4334289.08,3840132.24,3686799.9,3086016.13,2563149.38,2518109.42
2022-07-09,1988747.3,2091746.39,Train,2022,7,9,5,1,3,0,0,-0.4999999999999997,-0.8660254037844388,-0.9749279121818236,-0.2225209339563146,0,0,1,1881078.1,1982500.01,4591824.74,4681370.69,3650772.37,3465656.03,2619038.14,2169844.13,2685812.87,2706650.91
2022-07-10,2250020.87,2249417.16,Train,2022,7,10,6,1,3,0,0,-0.4999999999999997,-0.8660254037844388,-0.7818314824680299,0.6234898018587334,0,0,1,1988747.3,2091746.39,3487232.0,3467227.39,3313898.55,3251613.07,3369544.01,2830537.04,2524108.8,2448068.41
2022-07-11,3085208.06,3120714.69,Train,2022,7,11,0,0,3,0,0,-0.4999999999999997,-0.8660254037844388,0.0,1.0,0,0,1,2250020.87,2249417.16,1208545.64,1210803.29,3481464.68,3545701.77,4463584.56,3478666.52,2592712.85,2553763.2
2022-07-12,3275001.85,3465716.5,Train,2022,7,12,1,0,3,0,0,-0.4999999999999997,-0.8660254037844388,0.7818314824680298,0.6234898018587336,0,0,1,3085208.06,3120714.69,1079245.09,1067117.75,5799352.35,5797836.84,4561669.81,3820200.11,3123873.5,3108780.0
2022-07-13,3331997.68,3265956.0,Train,2022,7,13,2,0,3,0,0,-0.4999999999999997,-0.8660254037844388,0.9749279121818236,-0.22252093395631434,0,0,1,3275001.85,3465716.5,2003115.26,1958001.67,7265484.49,7471904.08,4221162.05,3579316.15,2650746.43,2549076.58
2022-07-14,3428606.64,3482102.84,Train,2022,7,14,3,0,3,0,0,-0.4999999999999997,-0.8660254037844388,0.43388373911755823,-0.900968867902419,0,0,1,3331997.68,3265956.0,2178171.4,2191625.58,5503799.91,5548808.71,4843640.76,3943051.0,2970833.54,2785803.91
2022-07-15,3272104.3,3382105.17,Train,2022,7,15,4,0,3,0,0,-0.4999999999999997,-0.8660254037844388,-0.433883739117558,-0.9009688679024191,0,0,1,3428606.64,3482102.84,1881078.1,1982500.01,5150082.22,5158929.6,4969823.53,4197066.37,3628282.86,3639556.87
2022-07-16,3060600.17,3054594.29,Train,2022,7,16,5,1,3,0,0,-0.4999999999999997,-0.8660254037844388,-0.9749279121818236,-0.2225209339563146,0,0,1,3272104.3,3382105.17,1988747.3,2091746.39,4591824.74,4681370.69,4143877.35,3546880.86,2768513.94,2780496.25
2022-07-17,3238870.01,3239433.47,Train,2022,7,17,6,1,3,0,0,-0.4999999999999997,-0.8660254037844388,-0.7818314824680299,0.6234898018587334,0,0,1,3060600.17,3054594.29,2250020.87,2249417.16,3487232.0,3467227.39,4914374.7,4127718.74,2453122.24,2399937.97
2022-07-18,3305333.1,3363292.96,Train,2022,7,18,0,0,3,0,0,-0.4999999999999997,-0.8660254037844388,0.0,1.0,0,0,1,3238870.01,3239433.47,3085208.06,3120714.69,1208545.64,1210803.29,4817780.87,3824360.06,2827723.47,2930478.35
2022-07-19,3101945.44,3019090.18,Train,2022,7,19,1,0,3,0,0,-0.4999999999999997,-0.8660254037844388,0.7818314824680298,0.6234898018587336,0,0,1,3305333.1,3363292.96,3275001.85,3465716.5,1079245.09,1067117.75,3795086.21,3161112.99,2859598.56,2696150.18
2022-07-20,3436240.82,3222539.9,Train,2022,7,20,2,0,3,0,0,-0.4999999999999997,-0.8660254037844388,0.9749279121818236,-0.22252093395631434,0,0,1,3101945.44,3019090.18,3331997.68,3265956.0,2003115.26,1958001.67,3323030.57,2753309.16,3389960.06,3045138.98
2022-07-21,3596036.01,3119249.05,Train,2022,7,21,3,0,3,0,0,-0.4999999999999997,-0.8660254037844388,0.43388373911755823,-0.900968867902419,0,0,1,3436240.82,3222539.9,3428606.64,3482102.84,2178171.4,2191625.58,4271838.09,3517936.59,3336465.66,2928248.05
2022-07-22,2771453.13,2364982.84,Train,2022,7,22,4,0,3,0,0,-0.4999999999999997,-0.8660254037844388,-0.433883739117558,-0.9009688679024191,0,0,1,3596036.01,3119249.05,3272104.3,3382105.17,1881078.1,1982500.01,5182306.11,4283552.22,4388007.92,3796262.13
2022-07-23,4190232.53,3612754.83,Train,2022,7,23,5,1,3,0,0,-0.4999999999999997,-0.8660254037844388,-0.9749279121818236,-0.2225209339563146,0,0,0,2771453.13,2364982.84,3060600.17,3054594.29,1988747.3,2091746.39,3276933.23,2698817.37,4385215.41,3753800.99
2022-07-24,3833852.9,3118207.38,Train,2022,7,24,6,1,3,0,0,-0.4999999999999997,-0.8660254037844388,-0.7818314824680299,0.6234898018587334,0,0,0,4190232.53,3612754.83,3238870.01,3239433.47,2250020.87,2249417.16,4334289.08,3840132.24,2294305.45,1930929.33
2022-07-25,2614143.21,2099890.98,Train,2022,7,25,0,0,3,0,0,-0.4999999999999997,-0.8660254037844388,0.0,1.0,0,0,0,3833852.9,3118207.38,3305333.1,3363292.96,3085208.06,3120714.69,3650772.37,3465656.03,2549303.61,2173412.06
2022-07-26,3176075.37,2651641.17,Train,2022,7,26,1,0,3,0,0,-0.4999999999999997,-0.8660254037844388,0.7818314824680298,0.6234898018587336,0,0,0,2614143.21,2099890.98,3101945.44,3019090.18,3275001.85,3465716.5,3313898.55,3251613.07,3676952.36,2918564.14
2022-07-27,4214912.76,3467925.47,Train,2022,7,27,2,0,3,0,0,-0.4999999999999997,-0.8660254037844388,0.9749279121818236,-0.22252093395631434,0,0,0,3176075.37,2651641.17,3436240.82,3222539.9,3331997.68,3265956.0,3481464.68,3545701.77,3460197.23,2857159.07
2022-07-28,4859620.98,3942867.94,Train,2022,7,28,3,0,3,0,0,-0.4999999999999997,-0.8660254037844388,0.43388373911755823,-0.900968867902419,0,0,0,4214912.76,3467925.47,3596036.01,3119249.05,3428606.64,3482102.84,5799352.35,5797836.84,4046860.27,3235448.81
2022-07-29,3226100.81,2681143.22,Train,2022,7,29,4,0,3,0,0,-0.4999999999999997,-0.8660254037844388,-0.433883739117558,-0.9009688679024191,0,0,0,4859620.98,3942867.94,2771453.13,2364982.84,3272104.3,3382105.17,7265484.49,7471904.08,5547857.68,4566302.38
2022-07-30,2682461.47,2137462.32,Train,2022,7,30,5,1,3,0,0,-0.4999999999999997,-0.8660254037844388,-0.9749279121818236,-0.2225209339563146,0,0,0,3226100.81,2681143.22,4190232.53,3612754.83,3060600.17,3054594.29,5503799.91,5548808.71,6548042.77,6322433.77
2022-07-31,4622917.86,3735517.99,Train,2022,7,31,6,1,3,0,1,-0.4999999999999997,-0.8660254037844388,-0.7818314824680299,0.6234898018587334,0,0,0,2682461.47,2137462.32,3833852.9,3118207.38,3238870.01,3239433.47,5150082.22,5158929.6,5256382.47,5446793.9
2022-08-01,4081818.17,3201046.8,Train,2022,8,1,0,0,3,1,0,-0.8660254037844385,-0.5000000000000004,0.0,1.0,0,0,0,4622917.86,3735517.99,2614143.21,2099890.98,3305333.1,3363292.96,4591824.74,4681370.69,3652376.75,4109973.08
2022-08-02,4490226.96,3711709.11,Train,2022,8,2,1,0,3,0,0,-0.8660254037844385,-0.5000000000000004,0.7818314824680298,0.6234898018587336,0,0,0,4081818.17,3201046.8,3176075.37,2651641.17,3101945.44,3019090.18,3487232.0,3467227.39,4399616.65,4886236.3
2022-08-03,5085558.26,4209543.55,Train,2022,8,3,2,0,3,0,0,-0.8660254037844385,-0.5000000000000004,0.9749279121818236,-0.22252093395631434,0,0,0,4490226.96,3711709.11,4214912.76,3467925.47,3436240.82,3222539.9,1208545.64,1210803.29,2422462.49,3359505.36
2022-08-04,4345026.44,3614349.89,Train,2022,8,4,3,0,3,0,0,-0.8660254037844385,-0.5000000000000004,0.43388373911755823,-0.900968867902419,0,0,0,5085558.26,4209543.55,4859620.98,3942867.94,3596036.01,3119249.05,1079245.09,1067117.75,1157658.1,1697391.73
2022-08-05,2114789.45,1780212.48,Train,2022,8,5,4,0,3,0,0,-0.8660254037844385,-0.5000000000000004,-0.433883739117558,-0.9009688679024191,0,0,0,4345026.44,3614349.89,3226100.81,2681143.22,2771453.13,2364982.84,2003115.26,1958001.67,1482037.52,2026425.65
2022-08-06,2325289.52,2017328.21,Train,2022,8,6,5,1,3,0,0,-0.8660254037844385,-0.5000000000000004,-0.9749279121818236,-0.2225209339563146,0,0,0,2114789.45,1780212.48,2682461.47,2137462.32,4190232.53,3612754.83,2178171.4,2191625.58,1591502.8,2374360.64
2022-08-07,2331541.43,1882527.46,Train,2022,8,7,6,1,3,0,0,-0.8660254037844385,-0.5000000000000004,-0.7818314824680299,0.6234898018587334,0,0,0,2325289.52,2017328.21,4622917.86,3735517.99,3833852.9,3118207.38,1881078.1,1982500.01,1632328.25,2336736.46
2022-08-08,3054473.91,2576748.48,Train,2022,8,8,0,0,3,0,0,-0.8660254037844385,-0.5000000000000004,0.0,1.0,0,0,0,2331541.43,1882527.46,4081818.17,3201046.8,2614143.21,2099890.98,1988747.3,2091746.39,1411882.22,1918090.72
2022-08-09,2488386.71,1932711.49,Train,2022,8,9,1,0,3,0,0,-0.8660254037844385,-0.5000000000000004,0.7818314824680298,0.6234898018587336,0,0,0,3054473.91,2576748.48,4490226.96,3711709.11,3176075.37,2651641.17,2250020.87,2249417.16,1376421.76,2167285.81
2022-08-10,2963483.62,2399743.47,Train,2022,8,10,2,0,3,0,0,-0.8660254037844385,-0.5000000000000004,0.9749279121818236,-0.22252093395631434,0,0,0,2488386.71,1932711.49,5085558.26,4209543.55,4214912.76,3467925.47,3085208.06,3120714.69,1581357.61,2246981.07
2022-08-11,3674343.1,3109434.98,Train,2022,8,11,3,0,3,0,0,-0.8660254037844385,-0.5000000000000004,0.43388373911755823,-0.900968867902419,0,0,0,2963483.62,2399743.47,4345026.44,3614349.89,4859620.98,3942867.94,3275001.85,3465716.5,1740229.21,2604985.61
2022-08-12,2787707.25,2241846.4,Train,2022,8,12,4,0,3,0,0,-0.8660254037844385,-0.5000000000000004,-0.433883739117558,-0.9009688679024191,0,0,0,3674343.1,3109434.98,2114789.45,1780212.48,3226100.81,2681143.22,3331997.68,3265956.0,2480973.68,3548924.53
2022-08-13,1789226.45,1446390.99,Train,2022,8,13,5,1,3,0,0,-0.8660254037844385,-0.5000000000000004,-0.9749279121818236,-0.2225209339563146,0,0,0,2787707.25,2241846.4,2325289.52,2017328.21,2682461.47,2137462.32,3428606.64,3482102.84,2199306.57,3444159.74
2022-08-14,2557373.24,2109123.95,Train,2022,8,14,6,1,3,0,0,-0.8660254037844385,-0.5000000000000004,-0.7818314824680299,0.6234898018587334,0,0,0,1789226.45,1446390.99,2331541.43,1882527.46,4622917.86,3735517.99,3272104.3,3382105.17,1494099.71,1993428.41
2022-08-15,3869248.63,3309171.5,Train,2022,8,15,0,0,3,0,0,-0.8660254037844385,-0.5000000000000004,0.0,1.0,0,0,0,2557373.24,2109123.95,3054473.91,2576748.48,4081818.17,3201046.8,3060600.17,3054594.29,1862118.62,2645589.05
2022-08-16,3139997.28,2622848.5,Train,2022,8,16,1,0,3,0,0,-0.8660254037844385,-0.5000000000000004,0.7818314824680298,0.6234898018587336,0,0,0,3869248.63,3309171.5,2488386.71,1932711.49,4490226.96,3711709.11,3238870.01,3239433.47,2220064.67,3319453.91
2022-08-17,3480892.06,2948849.64,Train,2022,8,17,2,0,3,0,0,-0.8660254037844385,-0.5000000000000004,0.9749279121818236,-0.22252093395631434,0,0,0,3139997.28,2622848.5,2963483.62,2399743.47,5085558.26,4209543.55,3305333.1,3363292.96,2263302.37,3320429.89
2022-08-18,4171974.77,3471070.42,Train,2022,8,18,3,0,3,0,0,-0.8660254037844385,-0.5000000000000004,0.43388373911755823,-0.900968867902419,0,0,0,3480892.06,2948849.64,3674343.1,3109434.98,4345026.44,3614349.89,3101945.44,3019090.18,1875383.97,2630473.94
2022-08-19,2011108.63,1643391.76,Train,2022,8,19,4,0,3,0,0,-0.8660254037844385,-0.5000000000000004,-0.433883739117558,-0.9009688679024191,0,0,0,4171974.77,3471070.42,2787707.25,2241846.4,2114789.45,1780212.48,3436240.82,3222539.9,2535597.13,3644326.12
2022-08-20,2479005.37,2092133.98,Train,2022,8,20,5,1,3,0,0,-0.8660254037844385,-0.5000000000000004,-0.9749279121818236,-0.2225209339563146,0,0,0,2011108.63,1643391.76,1789226.45,1446390.99,2325289.52,2017328.21,3596036.01,3119249.05,2553183.49,3860236.79
2022-08-21,2235990.02,1905397.24,Train,2022,8,21,6,1,3,0,0,-0.8660254037844385,-0.5000000000000004,-0.7818314824680299,0.6234898018587334,0,0,0,2479005.37,2092133.98,2557373.24,2109123.95,2331541.43,1882527.46,2771453.13,2364982.84,1453356.23,2098001.94
2022-08-22,3743695.22,3095599.8,Train,2022,8,22,0,0,3,0,0,-0.8660254037844385,-0.5000000000000004,0.0,1.0,0,0,0,2235990.02,1905397.24,3869248.63,3309171.5,3054473.91,2576748.48,4190232.53,3612754.83,1640268.07,2295711.5
2022-08-23,2422220.1,1951701.71,Train,2022,8,23,1,0,3,0,0,-0.8660254037844385,-0.5000000000000004,0.7818314824680298,0.6234898018587336,0,0,0,3743695.22,3095599.8,3139997.28,2622848.5,2488386.71,1932711.49,3833852.9,3118207.38,1883869.71,2626041.33
2022-08-24,3292983.26,2679505.93,Train,2022,8,24,2,0,3,0,0,-0.8660254037844385,-0.5000000000000004,0.9749279121818236,-0.22252093395631434,0,0,0,2422220.1,1951701.71,3480892.06,2948849.64,2963483.62,2399743.47,2614143.21,2099890.98,1836322.27,2808012.6
2022-08-25,3512475.16,2996327.54,Train,2022,8,25,3,0,3,0,0,-0.8660254037844385,-0.5000000000000004,0.43388373911755823,-0.900968867902419,0,0,0,3292983.26,2679505.93,4171974.77,3471070.42,3674343.1,3109434.98,3176075.37,2651641.17,1939866.54,2821994.79
2022-08-26,3544046.7,2980867.4,Train,2022,8,26,4,0,3,0,0,-0.8660254037844385,-0.5000000000000004,-0.433883739117558,-0.9009688679024191,0,0,0,3512475.16,2996327.54,2011108.63,1643391.76,2787707.25,2241846.4,4214912.76,3467925.47,1886569.08,2959216.09
2022-08-27,2367664.33,1897436.06,Train,2022,8,27,5,1,3,0,0,-0.8660254037844385,-0.5000000000000004,-0.9749279121818236,-0.2225209339563146,0,0,0,3544046.7,2980867.4,2479005.37,2092133.98,1789226.45,1446390.99,4859620.98,3942867.94,1662732.77,2371412.62
2022-08-28,7051722.27,5879145.36,Train,2022,8,28,6,1,3,0,0,-0.8660254037844385,-0.5000000000000004,-0.7818314824680299,0.6234898018587334,0,0,0,2367664.33,1897436.06,2235990.02,1905397.24,2557373.24,2109123.95,3226100.81,2681143.22,1664938.51,2453257.65
2022-08-29,7928796.83,6503005.43,Train,2022,8,29,0,0,3,0,0,-0.8660254037844385,-0.5000000000000004,0.0,1.0,0,0,0,7051722.27,5879145.36,3743695.22,3095599.8,3869248.63,3309171.5,2682461.47,2137462.32,4443078.33,6342118.62
2022-08-30,6574345.89,5482415.72,Train,2022,8,30,1,0,3,0,0,-0.8660254037844385,-0.5000000000000004,0.7818314824680298,0.6234898018587336,0,0,0,7928796.83,6503005.43,2422220.1,1951701.71,3139997.28,2622848.5,4622917.86,3735517.99,3996164.3,5499176.03
2022-08-31,7627532.44,6341793.09,Train,2022,8,31,2,0,3,0,1,-0.8660254037844385,-0.5000000000000004,0.9749279121818236,-0.22252093395631434,0,0,1,6574345.89,5482415.72,3292983.26,2679505.93,3480892.06,2948849.64,4081818.17,3201046.8,3940957.44,5240978.22
2022-09-01,6284732.49,5155753.38,Train,2022,9,1,3,0,3,1,0,-1.0,-1.8369701987210297e-16,0.43388373911755823,-0.900968867902419,0,0,1,7627532.44,6341793.09,3512475.16,2996327.54,4171974.77,3471070.42,4490226.96,3711709.11,3579634.39,4583108.31
2022-09-02,1902817.9,1746845.19,Train,2022,9,2,4,0,3,0,0,-1.0,-1.8369701987210297e-16,-0.433883739117558,-0.9009688679024191,1,0,1,6284732.49,5155753.38,3544046.7,2980867.4,2011108.63,1643391.76,5085558.26,4209543.55,3917618.96,4722341.9
2022-09-03,1443083.36,1319555.66,Train,2022,9,3,5,1,3,0,0,-1.0,-1.8369701987210297e-16,-0.9749279121818236,-0.2225209339563146,0,0,1,1902817.9,1746845.19,2367664.33,1897436.06,2479005.37,2092133.98,4345026.44,3614349.89,1070973.42,1003268.02
2022-09-04,1814811.35,1668265.18,Train,2022,9,4,6,1,3,0,0,-1.0,-1.8369701987210297e-16,-0.7818314824680299,0.6234898018587334,0,0,1,1443083.36,1319555.66,7051722.27,5879145.36,2235990.02,1905397.24,2114789.45,1780212.48,1839742.83,1710231.68
2022-09-05,2214621.47,2091481.45,Train,2022,9,5,0,0,3,0,0,-1.0,-1.8369701987210297e-16,0.0,1.0,0,0,1,1814811.35,1668265.18,7928796.83,6503005.43,3743695.22,3095599.8,2325289.52,2017328.21,1682890.37,1626164.36
2022-09-06,1440405.44,1324005.11,Train,2022,9,6,1,0,3,0,0,-1.0,-1.8369701987210297e-16,0.7818314824680298,0.6234898018587336,0,0,1,2214621.47,2091481.45,6574345.89,5482415.72,2422220.1,1951701.71,2331541.43,1882527.46,2097434.58,1931198.13
2022-09-07,1890879.55,1717460.94,Train,2022,9,7,2,0,3,0,0,-1.0,-1.8369701987210297e-16,0.9749279121818236,-0.22252093395631434,0,0,1,1440405.44,1324005.11,7627532.44,6341793.09,3292983.26,2679505.93,3054473.91,2576748.48,2244132.38,1986738.71
2022-09-08,3137260.99,2854328.48,Train,2022,9,8,3,0,3,0,0,-1.0,-1.8369701987210297e-16,0.43388373911755823,-0.900968867902419,0,0,1,1890879.55,1717460.94,6284732.49,5155753.38,3512475.16,2996327.54,2488386.71,1932711.49,3716975.63,3437593.72
2022-09-09,1905843.43,1773901.8,Train,2022,9,9,4,0,3,0,0,-1.0,-1.8369701987210297e-16,-0.433883739117558,-0.9009688679024191,0,0,1,3137260.99,2854328.48,1902817.9,1746845.19,3544046.7,2980867.4,2963483.62,2399743.47,2187074.96,2082447.03
2022-09-10,3003150.84,2629180.97,Train,2022,9,10,5,1,3,0,0,-1.0,-1.8369701987210297e-16,-0.9749279121818236,-0.2225209339563146,0,0,1,1905843.43,1773901.8,1443083.36,1319555.66,2367664.33,1897436.06,3674343.1,3109434.98,1980857.12,1821707.08
2022-09-11,3574194.77,3355823.68,Train,2022,9,11,6,1,3,0,0,-1.0,-1.8369701987210297e-16,-0.7818314824680299,0.6234898018587334,0,0,1,3003150.84,2629180.97,1814811.35,1668265.18,7051722.27,5879145.36,2787707.25,2241846.4,1547495.48,1455524.4
2022-09-12,3415849.51,3102681.39,Train,2022,9,12,0,0,3,0,0,-1.0,-1.8369701987210297e-16,0.0,1.0,0,0,1,3574194.77,3355823.68,2214621.47,2091481.45,7928796.83,6503005.43,1789226.45,1446390.99,2102573.99,1909199.54
2022-09-13,2521208.91,2449598.89,Train,2022,9,13,1,0,3,0,0,-1.0,-1.8369701987210297e-16,0.7818314824680298,0.6234898018587336,0,0,1,3415849.51,3102681.39,1440405.44,1324005.11,6574345.89,5482415.72,2557373.24,2109123.95,2488502.06,2265837.09
2022-09-14,2125189.04,1992207.12,Train,2022,9,14,2,0,3,0,0,-1.0,-1.8369701987210297e-16,0.9749279121818236,-0.22252093395631434,0,0,1,2521208.91,2449598.89,1890879.55,1717460.94,7627532.44,6341793.09,3869248.63,3309171.5,2715006.68,2532491.32
2022-09-15,3154006.65,2833555.37,Train,2022,9,15,3,0,3,0,0,-1.0,-1.8369701987210297e-16,0.43388373911755823,-0.900968867902419,0,0,1,2125189.04,1992207.12,3137260.99,2854328.48,6284732.49,5155753.38,3139997.28,2622848.5,3275643.47,3007258.03
2022-09-16,2557894.76,2402816.85,Train,2022,9,16,4,0,3,0,0,-1.0,-1.8369701987210297e-16,-0.433883739117558,-0.9009688679024191,0,0,1,3154006.65,2833555.37,1905843.43,1773901.8,1902817.9,1746845.19,3480892.06,2948849.64,1853200.26,1657780.29
2022-09-17,1810510.0,1735920.18,Train,2022,9,17,5,1,3,0,0,-1.0,-1.8369701987210297e-16,-0.9749279121818236,-0.2225209339563146,0,0,1,2557894.76,2402816.85,3003150.84,2629180.97,1443083.36,1319555.66,4171974.77,3471070.42,2031900.2,1889074.28
2022-09-18,2355578.71,2098692.33,Train,2022,9,18,6,1,3,0,0,-1.0,-1.8369701987210297e-16,-0.7818314824680299,0.6234898018587334,0,0,1,1810510.0,1735920.18,3574194.77,3355823.68,1814811.35,1668265.18,2011108.63,1643391.76,1910747.73,1785651.61
2022-09-19,2832515.44,2618684.64,Train,2022,9,19,0,0,3,0,0,-1.0,-1.8369701987210297e-16,0.0,1.0,0,0,1,2355578.71,2098692.33,3415849.51,3102681.39,2214621.47,2091481.45,2479005.37,2092133.98,1952437.84,1794752.16
2022-09-20,1813002.77,1685796.46,Train,2022,9,20,1,0,3,0,0,-1.0,-1.8369701987210297e-16,0.7818314824680298,0.6234898018587336,0,0,1,2832515.44,2618684.64,2521208.91,2449598.89,1440405.44,1324005.11,2235990.02,1905397.24,2307149.39,2140377.91
2022-09-21,2262085.02,2156585.58,Train,2022,9,21,2,0,3,0,0,-1.0,-1.8369701987210297e-16,0.9749279121818236,-0.22252093395631434,0,0,1,1813002.77,1685796.46,2125189.04,1992207.12,1890879.55,1717460.94,3743695.22,3095599.8,3210995.34,2839955.92
2022-09-22,3106149.95,2910964.29,Train,2022,9,22,3,0,3,0,0,-1.0,-1.8369701987210297e-16,0.43388373911755823,-0.900968867902419,0,0,1,2262085.02,2156585.58,3154006.65,2833555.37,3137260.99,2854328.48,2422220.1,1951701.71,2518917.94,2299264.05
2022-09-23,2634119.24,2453809.45,Train,2022,9,23,4,0,3,0,0,-1.0,-1.8369701987210297e-16,-0.433883739117558,-0.9009688679024191,0,0,1,3106149.95,2910964.29,2557894.76,2402816.85,1905843.43,1773901.8,3292983.26,2679505.93,2220736.52,2001371.7
2022-09-24,2896411.14,2694695.72,Train,2022,9,24,5,1,3,0,0,-1.0,-1.8369701987210297e-16,-0.9749279121818236,-0.2225209339563146,0,0,1,2634119.24,2453809.45,1810510.0,1735920.18,3003150.84,2629180.97,3512475.16,2996327.54,2008968.22,1790130.16
2022-09-25,3041369.47,2753150.12,Train,2022,9,25,6,1,3,0,0,-1.0,-1.8369701987210297e-16,-0.7818314824680299,0.6234898018587334,0,0,1,2896411.14,2694695.72,2355578.71,2098692.33,3574194.77,3355823.68,3544046.7,2980867.4,2281967.32,2112780.84
2022-09-26,5205389.57,4849044.63,Train,2022,9,26,0,0,3,0,0,-1.0,-1.8369701987210297e-16,0.0,1.0,0,0,1,3041369.47,2753150.12,2832515.44,2618684.64,3415849.51,3102681.39,2367664.33,1897436.06,1602075.57,1461503.99
2022-09-27,4259834.95,3803492.23,Train,2022,9,27,1,0,3,0,0,-1.0,-1.8369701987210297e-16,0.7818314824680298,0.6234898018587336,0,0,1,5205389.57,4849044.63,1813002.77,1685796.46,2521208.91,2449598.89,7051722.27,5879145.36,3058684.14,2864098.57
2022-09-28,4257301.76,3860995.61,Train,2022,9,28,2,0,3,0,0,-1.0,-1.8369701987210297e-16,0.9749279121818236,-0.22252093395631434,0,0,1,4259834.95,3803492.23,2262085.02,2156585.58,2125189.04,1992207.12,7928796.83,6503005.43,4749132.81,4287087.43
2022-09-29,4352754.23,4023586.93,Train,2022,9,29,3,0,3,0,0,-1.0,-1.8369701987210297e-16,0.43388373911755823,-0.900968867902419,0,0,1,4257301.76,3860995.61,3106149.95,2910964.29,3154006.65,2833555.37,6574345.89,5482415.72,3184253.74,2793067.38
2022-09-30,2551313.88,2332362.64,Train,2022,9,30,4,0,3,0,1,-1.0,-1.8369701987210297e-16,-0.433883739117558,-0.9009688679024191,0,0,1,4352754.23,4023586.93,2634119.24,2453809.45,2557894.76,2402816.85,7627532.44,6341793.09,3504126.92,3102295.47
2022-10-01,1469771.93,1293984.1,Train,2022,10,1,5,1,4,1,0,-0.8660254037844386,0.5000000000000001,-0.9749279121818236,-0.2225209339563146,0,0,1,2551313.88,2332362.64,2896411.14,2694695.72,1810510.0,1735920.18,6284732.49,5155753.38,2465559.4,2269641.63
2022-10-02,1289798.82,1015484.47,Train,2022,10,2,6,1,4,0,0,-0.8660254037844386,0.5000000000000001,-0.7818314824680299,0.6234898018587334,0,0,0,1469771.93,1293984.1,3041369.47,2753150.12,2355578.71,2098692.33,1902817.9,1746845.19,2584886.96,2309451.71
2022-10-03,2179072.88,1799910.69,Train,2022,10,3,0,0,4,0,0,-0.8660254037844386,0.5000000000000001,0.0,1.0,0,0,0,1289798.82,1015484.47,5205389.57,4849044.63,2832515.44,2618684.64,1443083.36,1319555.66,920334.15,789349.71
2022-10-04,2751920.12,2302490.12,Train,2022,10,4,1,0,4,0,0,-0.8660254037844386,0.5000000000000001,0.7818314824680298,0.6234898018587336,0,0,0,2179072.88,1799910.69,4259834.95,3803492.23,1813002.77,1685796.46,1814811.35,1668265.18,1043382.83,864297.5
2022-10-05,1527341.84,1209546.76,Train,2022,10,5,2,0,4,0,0,-0.8660254037844386,0.5000000000000001,0.9749279121818236,-0.22252093395631434,0,0,0,2751920.12,2302490.12,4257301.76,3860995.61,2262085.02,2156585.58,2214621.47,2091481.45,1440909.2,1238586.01
2022-10-06,2026518.43,1678609.18,Train,2022,10,6,3,0,4,0,0,-0.8660254037844386,0.5000000000000001,0.43388373911755823,-0.900968867902419,0,0,0,1527341.84,1209546.76,4352754.23,4023586.93,3106149.95,2910964.29,1440405.44,1324005.11,1793088.31,1465294.6
2022-10-07,1406363.3,1112130.94,Train,2022,10,7,4,0,4,0,0,-0.8660254037844386,0.5000000000000001,-0.433883739117558,-0.9009688679024191,0,0,0,2026518.43,1678609.18,2551313.88,2332362.64,2634119.24,2453809.45,1890879.55,1717460.94,1826196.69,1497790.82
2022-10-08,2137543.63,1805932.34,Train,2022,10,8,5,1,4,0,0,-0.8660254037844386,0.5000000000000001,-0.9749279121818236,-0.2225209339563146,0,0,0,1406363.3,1112130.94,1469771.93,1293984.1,2896411.14,2694695.72,3137260.99,2854328.48,1613264.94,1325310.58
2022-10-09,1805775.79,1488842.7,Train,2022,10,9,6,1,4,0,0,-0.8660254037844386,0.5000000000000001,-0.7818314824680299,0.6234898018587334,0,0,0,2137543.63,1805932.34,1289798.82,1015484.47,3041369.47,2753150.12,1905843.43,1773901.8,1794510.68,1447840.15
2022-10-10,2356440.12,1975941.69,Train,2022,10,10,0,0,4,0,0,-0.8660254037844386,0.5000000000000001,0.0,1.0,0,0,0,1805775.79,1488842.7,2179072.88,1799910.69,5205389.57,4849044.63,3003150.84,2629180.97,1883117.98,1559914.53
2022-10-11,2270162.6,1955651.17,Train,2022,10,11,1,0,4,0,0,-0.8660254037844386,0.5000000000000001,0.7818314824680298,0.6234898018587336,0,0,0,2356440.12,1975941.69,2751920.12,2302490.12,4259834.95,3803492.23,3574194.77,3355823.68,2300450.29,1848634.77
2022-10-12,1976207.14,1617749.24,Train,2022,10,12,2,0,4,0,0,-0.8660254037844386,0.5000000000000001,0.9749279121818236,-0.22252093395631434,0,0,0,2270162.6,1955651.17,1527341.84,1209546.76,4257301.76,3860995.61,3415849.51,3102681.39,1567144.44,1334199.42
2022-10-13,2430819.33,1940628.06,Train,2022,10,13,3,0,4,0,0,-0.8660254037844386,0.5000000000000001,0.43388373911755823,-0.900968867902419,0,0,0,1976207.14,1617749.24,2026518.43,1678609.18,4352754.23,4023586.93,2521208.91,2449598.89,1918678.27,1624278.45
2022-10-14,1927818.67,1586067.15,Train,2022,10,14,4,0,4,0,0,-0.8660254037844386,0.5000000000000001,-0.433883739117558,-0.9009688679024191,0,0,0,2430819.33,1940628.06,1406363.3,1112130.94,2551313.88,2332362.64,2125189.04,1992207.12,2148334.67,1733671.89
2022-10-15,1986495.19,1576156.75,Train,2022,10,15,5,1,4,0,0,-0.8660254037844386,0.5000000000000001,-0.9749279121818236,-0.2225209339563146,0,0,0,1927818.67,1586067.15,2137543.63,1805932.34,1469771.93,1293984.1,3154006.65,2833555.37,1900056.41,1665667.16
2022-10-16,1897952.11,1655869.65,Train,2022,10,16,6,1,4,0,0,-0.8660254037844386,0.5000000000000001,-0.7818314824680299,0.6234898018587334,0,0,0,1986495.19,1576156.75,1805775.79,1488842.7,1289798.82,1015484.47,2557894.76,2402816.85,2106301.79,1750771.11
2022-10-17,2507328.8,2119354.36,Train,2022,10,17,0,0,4,0,0,-0.8660254037844386,0.5000000000000001,0.0,1.0,0,0,0,1897952.11,1655869.65,2356440.12,1975941.69,2179072.88,1799910.69,1810510.0,1735920.18,2495144.25,2124471.09
2022-10-18,3170696.65,2645141.42,Train,2022,10,18,1,0,4,0,0,-0.8660254037844386,0.5000000000000001,0.7818314824680298,0.6234898018587336,0,0,0,2507328.8,2119354.36,2270162.6,1955651.17,2751920.12,2302490.12,2355578.71,2098692.33,2029589.44,1714394.15
2022-10-19,2324314.45,1931007.25,Train,2022,10,19,2,0,4,0,0,-0.8660254037844386,0.5000000000000001,0.9749279121818236,-0.22252093395631434,0,0,0,3170696.65,2645141.42,1976207.14,1617749.24,1527341.84,1209546.76,2832515.44,2618684.64,1794195.22,1443278.64
2022-10-20,2591151.06,2095872.66,Train,2022,10,20,3,0,4,0,0,-0.8660254037844386,0.5000000000000001,0.43388373911755823,-0.900968867902419,0,0,0,2324314.45,1931007.25,2430819.33,1940628.06,2026518.43,1678609.18,1813002.77,1685796.46,2748359.42,2249708.28
2022-10-21,2662328.56,2201489.2,Train,2022,10,21,4,0,4,0,0,-0.8660254037844386,0.5000000000000001,-0.433883739117558,-0.9009688679024191,0,0,0,2591151.06,2095872.66,1927818.67,1586067.15,1406363.3,1112130.94,2262085.02,2156585.58,1715238.6,1425166.31
2022-10-22,2407124.47,1949055.98,Train,2022,10,22,5,1,4,0,0,-0.8660254037844386,0.5000000000000001,-0.9749279121818236,-0.2225209339563146,0,0,0,2662328.56,2201489.2,1986495.19,1576156.75,2137543.63,1805932.34,3106149.95,2910964.29,2513749.87,2045877.61
2022-10-23,1971627.46,1628494.03,Train,2022,10,23,6,1,4,0,0,-0.8660254037844386,0.5000000000000001,-0.7818314824680299,0.6234898018587334,0,0,0,2407124.47,1949055.98,1897952.11,1655869.65,1805775.79,1488842.7,2634119.24,2453809.45,1853822.02,1521941.02
2022-10-24,2678456.17,2245907.36,Train,2022,10,24,0,0,4,0,0,-0.8660254037844386,0.5000000000000001,0.0,1.0,0,0,0,1971627.46,1628494.03,2507328.8,2119354.36,2356440.12,1975941.69,2896411.14,2694695.72,2201542.06,1879343.83
2022-10-25,3003375.87,2373976.27,Train,2022,10,25,1,0,4,0,0,-0.8660254037844386,0.5000000000000001,0.7818314824680298,0.6234898018587336,0,0,0,2678456.17,2245907.36,3170696.65,2645141.42,2270162.6,1955651.17,3041369.47,2753150.12,2021989.32,1646748.37
2022-10-26,2345490.55,1902512.75,Train,2022,10,26,2,0,4,0,0,-0.8660254037844386,0.5000000000000001,0.9749279121818236,-0.22252093395631434,0,0,0,3003375.87,2373976.27,2324314.45,1931007.25,1976207.14,1617749.24,5205389.57,4849044.63,2162674.08,1776598.49
2022-10-27,2493935.72,2087492.57,Train,2022,10,27,3,0,4,0,0,-0.8660254037844386,0.5000000000000001,0.43388373911755823,-0.900968867902419,0,0,0,2345490.55,1902512.75,2591151.06,2095872.66,2430819.33,1940628.06,4259834.95,3803492.23,2151921.73,1803290.61
2022-10-28,4210212.53,3513694.7,Train,2022,10,28,4,0,4,0,0,-0.8660254037844386,0.5000000000000001,-0.433883739117558,-0.9009688679024191,0,0,0,2493935.72,2087492.57,2662328.56,2201489.2,1927818.67,1586067.15,4257301.76,3860995.61,2489853.45,2036708.17
2022-10-29,3626939.26,2918150.87,Train,2022,10,29,5,1,4,0,0,-0.8660254037844386,0.5000000000000001,-0.9749279121818236,-0.2225209339563146,0,0,0,4210212.53,3513694.7,2407124.47,1949055.98,1986495.19,1576156.75,4352754.23,4023586.93,3746325.95,3090953.59
2022-10-30,3130677.4,2518990.77,Train,2022,10,30,6,1,4,0,0,-0.8660254037844386,0.5000000000000001,-0.7818314824680299,0.6234898018587334,0,0,0,3626939.26,2918150.87,1971627.46,1628494.03,1897952.11,1655869.65,2551313.88,2332362.64,3434826.63,2965454.49
2022-10-31,4630791.46,3823758.6,Train,2022,10,31,0,0,4,0,1,-0.8660254037844386,0.5000000000000001,0.0,1.0,0,0,0,3130677.4,2518990.77,2678456.17,2245907.36,2507328.8,2119354.36,1469771.93,1293984.1,3026687.11,2545466.76
2022-11-01,3025164.28,2504688.31,Train,2022,11,1,1,0,4,1,0,-0.5000000000000004,0.8660254037844384,0.7818314824680298,0.6234898018587336,0,0,0,4630791.46,3823758.6,3003375.87,2373976.27,3170696.65,2645141.42,1289798.82,1015484.47,2926691.09,2398381.34
2022-11-02,1338326.56,1136192.76,Train,2022,11,2,2,0,4,0,0,-0.5000000000000004,0.8660254037844384,0.9749279121818236,-0.22252093395631434,0,0,0,3025164.28,2504688.31,2345490.55,1902512.75,2324314.45,1931007.25,2179072.88,1799910.69,3072730.67,2536221.43
2022-11-03,1253721.23,994106.82,Train,2022,11,3,3,0,4,0,0,-0.5000000000000004,0.8660254037844384,0.43388373911755823,-0.900968867902419,0,0,0,1338326.56,1136192.76,2493935.72,2087492.57,2591151.06,2095872.66,2751920.12,2302490.12,1262904.96,1055921.75
2022-11-04,1065066.0,908402.36,Train,2022,11,4,4,0,4,0,0,-0.5000000000000004,0.8660254037844384,-0.433883739117558,-0.9009688679024191,0,0,0,1253721.23,994106.82,4210212.53,3513694.7,2662328.56,2201489.2,1527341.84,1209546.76,1344901.28,1136391.76
2022-11-05,1826120.07,1592683.79,Train,2022,11,5,5,1,4,0,0,-0.5000000000000004,0.8660254037844384,-0.9749279121818236,-0.2225209339563146,0,0,0,1065066.0,908402.36,3626939.26,2918150.87,2407124.47,1949055.98,2026518.43,1678609.18,1257605.18,1084704.98
2022-11-06,2207719.98,1750011.7,Train,2022,11,6,6,1,4,0,0,-0.5000000000000004,0.8660254037844384,-0.7818314824680299,0.6234898018587334,0,0,0,1826120.07,1592683.79,3130677.4,2518990.77,1971627.46,1628494.03,1406363.3,1112130.94,2093872.9,1714441.6
2022-11-07,1655852.99,1340974.43,Train,2022,11,7,0,0,4,0,0,-0.5000000000000004,0.8660254037844384,0.0,1.0,0,0,0,2207719.98,1750011.7,4630791.46,3823758.6,2678456.17,2245907.36,2137543.63,1805932.34,942802.49,782264.44
2022-11-08,1781413.12,1480654.53,Train,2022,11,8,1,0,4,0,0,-0.5000000000000004,0.8660254037844384,0.7818314824680298,0.6234898018587336,0,0,0,1655852.99,1340974.43,3025164.28,2504688.31,3003375.87,2373976.27,1805775.79,1488842.7,2064680.43,1687466.21
2022-11-09,845358.47,699535.31,Train,2022,11,9,2,0,4,0,0,-0.5000000000000004,0.8660254037844384,0.9749279121818236,-0.22252093395631434,0,0,0,1781413.12,1480654.53,1338326.56,1136192.76,2345490.55,1902512.75,2356440.12,1975941.69,2462296.67,2100076.52
2022-11-10,2079598.87,1694276.76,Train,2022,11,10,3,0,4,0,0,-0.5000000000000004,0.8660254037844384,0.43388373911755823,-0.900968867902419,0,0,0,845358.47,699535.31,1253721.23,994106.82,2493935.72,2087492.57,2270162.6,1955651.17,1774844.23,1518855.62
2022-11-11,1581745.15,1307363.48,Train,2022,11,11,4,0,4,0,0,-0.5000000000000004,0.8660254037844384,-0.433883739117558,-0.9009688679024191,0,0,0,2079598.87,1694276.76,1065066.0,908402.36,4210212.53,3513694.7,1976207.14,1617749.24,1412638.65,1123822.69
2022-11-12,1354235.95,1091940.76,Train,2022,11,12,5,1,4,0,0,-0.5000000000000004,0.8660254037844384,-0.9749279121818236,-0.2225209339563146,0,0,0,1581745.15,1307363.48,1826120.07,1592683.79,3626939.26,2918150.87,2430819.33,1940628.06,1777590.33,1460783.5
2022-11-13,2903552.41,2399414.44,Train,2022,11,13,6,1,4,0,0,-0.5000000000000004,0.8660254037844384,-0.7818314824680299,0.6234898018587334,0,0,0,1354235.95,1091940.76,2207719.98,1750011.7,3130677.4,2518990.77,1927818.67,1586067.15,1291079.97,1073274.92
2022-11-14,1656739.7,1428653.75,Train,2022,11,14,0,0,4,0,0,-0.5000000000000004,0.8660254037844384,0.0,1.0,0,0,0,2903552.41,2399414.44,1655852.99,1340974.43,4630791.46,3823758.6,1986495.19,1576156.75,1228705.01,1065683.97
2022-11-15,1547150.37,1239694.48,Train,2022,11,15,1,0,4,0,0,-0.5000000000000004,0.8660254037844384,0.7818314824680298,0.6234898018587336,0,0,0,1656739.7,1428653.75,1781413.12,1480654.53,3025164.28,2504688.31,1897952.11,1655869.65,1206377.91,983743.19
2022-11-16,1436853.58,1152791.3,Train,2022,11,16,2,0,4,0,0,-0.5000000000000004,0.8660254037844384,0.9749279121818236,-0.22252093395631434,0,0,0,1547150.37,1239694.48,845358.47,699535.31,1338326.56,1136192.76,2507328.8,2119354.36,2106714.51,1725304.97
2022-11-17,1542318.91,1326508.48,Train,2022,11,17,3,0,4,0,0,-0.5000000000000004,0.8660254037844384,0.43388373911755823,-0.900968867902419,0,0,0,1436853.58,1152791.3,2079598.87,1694276.76,1253721.23,994106.82,3170696.65,2645141.42,1531889.09,1349321.43
2022-11-18,2067584.69,1767319.2,Train,2022,11,18,4,0,4,0,0,-0.5000000000000004,0.8660254037844384,-0.433883739117558,-0.9009688679024191,0,0,1,1542318.91,1326508.48,1581745.15,1307363.48,1065066.0,908402.36,2324314.45,1931007.25,1661241.07,1433114.76
2022-11-19,1496563.56,1377725.1,Train,2022,11,19,5,1,4,0,0,-0.5000000000000004,0.8660254037844384,-0.9749279121818236,-0.2225209339563146,0,0,1,2067584.69,1767319.2,1354235.95,1091940.76,1826120.07,1592683.79,2591151.06,2095872.66,1253389.32,1095039.04
2022-11-20,1857748.24,1631718.89,Train,2022,11,20,6,1,4,0,0,-0.5000000000000004,0.8660254037844384,-0.7818314824680299,0.6234898018587334,0,0,1,1496563.56,1377725.1,2903552.41,2399414.44,2207719.98,1750011.7,2662328.56,2201489.2,1071404.44,1040227.2
2022-11-21,1349907.06,1276634.29,Train,2022,11,21,0,0,4,0,0,-0.5000000000000004,0.8660254037844384,0.0,1.0,0,0,1,1857748.24,1631718.89,1656739.7,1428653.75,1655852.99,1340974.43,2407124.47,1949055.98,1222908.7,1238315.19
2022-11-22,853188.02,904694.78,Train,2022,11,22,1,0,4,0,0,-0.5000000000000004,0.8660254037844384,0.7818314824680298,0.6234898018587336,0,0,1,1349907.06,1276634.29,1547150.37,1239694.48,1781413.12,1480654.53,1971627.46,1628494.03,1558297.56,1613383.51
2022-11-23,1060969.69,1157743.64,Train,2022,11,23,2,0,4,0,0,-0.5000000000000004,0.8660254037844384,0.9749279121818236,-0.22252093395631434,0,0,1,853188.02,904694.78,1436853.58,1152791.3,845358.47,699535.31,2678456.17,2245907.36,1613168.79,1629011.23
2022-11-24,1729664.2,1775190.25,Train,2022,11,24,3,0,4,0,0,-0.5000000000000004,0.8660254037844384,0.43388373911755823,-0.900968867902419,0,0,1,1060969.69,1157743.64,1542318.91,1326508.48,2079598.87,1694276.76,3003375.87,2373976.27,1665269.85,1709718.17
2022-11-25,1527923.9,1576795.62,Train,2022,11,25,4,0,4,0,0,-0.5000000000000004,0.8660254037844384,-0.433883739117558,-0.9009688679024191,0,0,1,1729664.2,1775190.25,2067584.69,1767319.2,1581745.15,1307363.48,2345490.55,1902512.75,1278003.36,1305823.05
2022-11-26,2035639.78,2105948.81,Train,2022,11,26,5,1,4,0,0,-0.5000000000000004,0.8660254037844384,-0.9749279121818236,-0.2225209339563146,0,0,1,1527923.9,1576795.62,1496563.56,1377725.1,1354235.95,1091940.76,2493935.72,2087492.57,970756.2,1019443.98
2022-11-27,3138619.13,3283279.48,Train,2022,11,27,6,1,4,0,0,-0.5000000000000004,0.8660254037844384,-0.7818314824680299,0.6234898018587334,0,0,1,2035639.78,2105948.81,1857748.24,1631718.89,2903552.41,2399414.44,4210212.53,3513694.7,1407280.07,1519826.79
2022-11-28,2104917.42,2152332.4,Train,2022,11,28,0,0,4,0,0,-0.5000000000000004,0.8660254037844384,0.0,1.0,0,0,1,3138619.13,3283279.48,1349907.06,1276634.29,1656739.7,1428653.75,3626939.26,2918150.87,2359645.42,2324536.28
2022-11-29,2558728.79,2694391.19,Train,2022,11,29,1,0,4,0,0,-0.5000000000000004,0.8660254037844384,0.7818314824680298,0.6234898018587336,0,0,1,2104917.42,2152332.4,853188.02,904694.78,1547150.37,1239694.48,3130677.4,2518990.77,1830856.99,1894919.03
2022-11-30,1317689.52,1346354.39,Train,2022,11,30,2,0,4,0,1,-0.5000000000000004,0.8660254037844384,0.9749279121818236,-0.22252093395631434,0,0,1,2558728.79,2694391.19,1060969.69,1157743.64,1436853.58,1152791.3,4630791.46,3823758.6,2987950.32,3045686.15
2022-12-01,1668445.9,1683082.9,Train,2022,12,1,3,0,4,1,0,-2.4492935982947064e-16,1.0,0.43388373911755823,-0.900968867902419,0,0,1,1317689.52,1346354.39,1729664.2,1775190.25,1542318.91,1326508.48,3025164.28,2504688.31,1881588.13,1920538.46
2022-12-02,720381.04,726739.78,Train,2022,12,2,4,0,4,0,0,-2.4492935982947064e-16,1.0,-0.433883739117558,-0.9009688679024191,0,0,1,1668445.9,1683082.9,1527923.9,1576795.62,2067584.69,1767319.2,1338326.56,1136192.76,1911470.99,1996362.17
2022-12-03,753704.17,751384.0,Train,2022,12,3,5,1,4,0,0,-2.4492935982947064e-16,1.0,-0.9749279121818236,-0.2225209339563146,0,0,1,720381.04,726739.78,2035639.78,2105948.81,1496563.56,1377725.1,1253721.23,994106.82,586748.17,626899.33
2022-12-04,664409.51,678890.04,Train,2022,12,4,6,1,4,0,0,-2.4492935982947064e-16,1.0,-0.7818314824680299,0.6234898018587334,0,0,1,753704.17,751384.0,3138619.13,3283279.48,1857748.24,1631718.89,1065066.0,908402.36,819389.63,787101.35
2022-12-05,1607335.1,1688255.85,Train,2022,12,5,0,0,4,0,0,-2.4492935982947064e-16,1.0,0.0,1.0,0,0,1,664409.51,678890.04,2104917.42,2152332.4,1349907.06,1276634.29,1826120.07,1592683.79,1101768.07,1082761.55
2022-12-06,1436188.44,1460346.38,Train,2022,12,6,1,0,4,0,0,-2.4492935982947064e-16,1.0,0.7818314824680298,0.6234898018587336,0,0,1,1607335.1,1688255.85,2558728.79,2694391.19,853188.02,904694.78,2207719.98,1750011.7,1167887.5,1132700.46
2022-12-07,760218.13,731672.82,Train,2022,12,7,2,0,4,0,0,-2.4492935982947064e-16,1.0,0.9749279121818236,-0.22252093395631434,0,0,1,1436188.44,1460346.38,1317689.52,1346354.39,1060969.69,1157743.64,1655852.99,1340974.43,708706.53,724333.47
2022-12-08,818209.67,832757.07,Train,2022,12,8,3,0,4,0,0,-2.4492935982947064e-16,1.0,0.43388373911755823,-0.900968867902419,0,0,1,760218.13,731672.82,1668445.9,1683082.9,1729664.2,1775190.25,1781413.12,1480654.53,919265.14,968146.91
2022-12-09,1323267.85,1366777.35,Train,2022,12,9,4,0,4,0,0,-2.4492935982947064e-16,1.0,-0.433883739117558,-0.9009688679024191,0,0,1,818209.67,832757.07,720381.04,726739.78,1527923.9,1576795.62,845358.47,699535.31,999032.78,1047782.72
2022-12-10,1598936.84,1616981.65,Train,2022,12,10,5,1,4,0,0,-2.4492935982947064e-16,1.0,-0.9749279121818236,-0.2225209339563146,0,0,1,1323267.85,1366777.35,753704.17,751384.0,2035639.78,2105948.81,2079598.87,1694276.76,1214991.34,1243394.6
2022-12-11,1420910.74,1526398.5,Train,2022,12,11,6,1,4,0,0,-2.4492935982947064e-16,1.0,-0.7818314824680299,0.6234898018587334,0,0,1,1598936.84,1616981.65,664409.51,678890.04,3138619.13,3283279.48,1581745.15,1307363.48,948995.31,997983.77
2022-12-12,1983085.06,2071778.79,Train,2022,12,12,0,0,4,0,0,-2.4492935982947064e-16,1.0,0.0,1.0,0,0,1,1420910.74,1526398.5,1607335.1,1688255.85,2104917.42,2152332.4,1354235.95,1091940.76,1285064.15,1307106.22
2022-12-13,1652309.19,1687562.98,Train,2022,12,13,1,0,4,0,0,-2.4492935982947064e-16,1.0,0.7818314824680298,0.6234898018587336,0,0,1,1983085.06,2071778.79,1436188.44,1460346.38,2558728.79,2694391.19,2903552.41,2399414.44,1112918.62,1168775.11
2022-12-14,1662243.59,1688191.22,Train,2022,12,14,2,0,4,0,0,-2.4492935982947064e-16,1.0,0.9749279121818236,-0.22252093395631434,0,0,1,1652309.19,1687562.98,760218.13,731672.82,1317689.52,1346354.39,1656739.7,1428653.75,1821860.68,1884666.84
2022-12-15,1494318.64,1554407.68,Train,2022,12,15,3,0,4,0,0,-2.4492935982947064e-16,1.0,0.43388373911755823,-0.900968867902419,0,0,1,1662243.59,1688191.22,818209.67,832757.07,1668445.9,1683082.9,1547150.37,1239694.48,1773908.51,1816537.46
2022-12-16,1482192.97,1521540.05,Train,2022,12,16,4,0,4,0,0,-2.4492935982947064e-16,1.0,-0.433883739117558,-0.9009688679024191,0,0,1,1494318.64,1554407.68,1323267.85,1366777.35,720381.04,726739.78,1436853.58,1152791.3,1771984.63,1846296.05
2022-12-17,1302193.74,1321522.92,Train,2022,12,17,5,1,4,0,0,-2.4492935982947064e-16,1.0,-0.9749279121818236,-0.2225209339563146,0,0,1,1482192.97,1521540.05,1598936.84,1616981.65,753704.17,751384.0,1542318.91,1326508.48,1463605.82,1523555.95
2022-12-18,2201374.59,2308997.06,Train,2022,12,18,6,1,4,0,0,-2.4492935982947064e-16,1.0,-0.7818314824680299,0.6234898018587334,0,0,1,1302193.74,1321522.92,1420910.74,1526398.5,664409.51,678890.04,2067584.69,1767319.2,1214550.47,1217310.4
2022-12-19,2250767.39,2245767.23,Train,2022,12,19,0,0,4,0,0,-2.4492935982947064e-16,1.0,0.0,1.0,0,0,1,2201374.59,2308997.06,1983085.06,2071778.79,1607335.1,1688255.85,1496563.56,1377725.1,1546435.59,1510053.63
2022-12-20,2026810.08,2053084.16,Train,2022,12,20,1,0,4,0,0,-2.4492935982947064e-16,1.0,0.7818314824680298,0.6234898018587336,0,0,1,2250767.39,2245767.23,1652309.19,1687562.98,1436188.44,1460346.38,1857748.24,1631718.89,1676753.39,1642291.41
2022-12-21,1795395.02,1806884.57,Train,2022,12,21,2,0,4,0,0,-2.4492935982947064e-16,1.0,0.9749279121818236,-0.22252093395631434,0,0,1,2026810.08,2053084.16,1662243.59,1688191.22,760218.13,731672.82,1349907.06,1276634.29,2017237.85,2127476.27
2022-12-22,1791622.46,1773829.08,Train,2022,12,22,3,0,4,0,0,-2.4492935982947064e-16,1.0,0.43388373911755823,-0.900968867902419,0,0,1,1795395.02,1806884.57,1494318.64,1554407.68,818209.67,832757.07,853188.02,904694.78,2327738.57,2283587.28
2022-12-23,1501209.11,1499234.75,Train,2022,12,23,4,0,4,0,0,-2.4492935982947064e-16,1.0,-0.433883739117558,-0.9009688679024191,0,0,1,1791622.46,1773829.08,1482192.97,1521540.05,1323267.85,1366777.35,1060969.69,1157743.64,2415914.18,2480623.5
2022-12-24,1390870.89,1401661.67,Train,2022,12,24,5,1,4,0,0,-2.4492935982947064e-16,1.0,-0.9749279121818236,-0.2225209339563146,0,0,1,1501209.11,1499234.75,1302193.74,1321522.92,1598936.84,1616981.65,1729664.2,1775190.25,1448810.25,1505101.29
2022-12-25,1136772.53,1160100.63,Train,2022,12,25,6,1,4,0,0,-2.4492935982947064e-16,1.0,-0.7818314824680299,0.6234898018587334,0,0,1,1390870.89,1401661.67,2201374.59,2308997.06,1420910.74,1526398.5,1527923.9,1576795.62,1120986.7,1156338.1
2022-12-26,2110830.12,2160963.69,Train,2022,12,26,0,0,4,0,0,-2.4492935982947064e-16,1.0,0.0,1.0,0,0,1,1136772.53,1160100.63,2250767.39,2245767.23,1983085.06,2071778.79,2035639.78,2105948.81,1317218.46,1338753.3
2022-12-27,2100553.66,2184872.24,Train,2022,12,27,1,0,4,0,0,-2.4492935982947064e-16,1.0,0.7818314824680298,0.6234898018587336,0,0,1,2110830.12,2160963.69,2026810.08,2053084.16,1652309.19,1687562.98,3138619.13,3283279.48,1025037.51,986082.95
2022-12-28,3448729.2,3513621.0,Train,2022,12,28,2,0,4,0,0,-2.4492935982947064e-16,1.0,0.9749279121818236,-0.22252093395631434,0,0,1,2100553.66,2184872.24,1795395.02,1806884.57,1662243.59,1688191.22,2104917.42,2152332.4,1855064.19,1847193.9
2022-12-29,3083944.33,3170787.1,Train,2022,12,29,3,0,4,0,0,-2.4492935982947064e-16,1.0,0.43388373911755823,-0.900968867902419,0,0,1,3448729.2,3513621.0,1791622.46,1773829.08,1494318.64,1554407.68,2558728.79,2694391.19,4065184.9,4208667.7
2022-12-30,2884668.76,3022292.15,Train,2022,12,30,4,0,4,0,0,-2.4492935982947064e-16,1.0,-0.433883739117558,-0.9009688679024191,0,0,1,3083944.33,3170787.1,1501209.11,1499234.75,1482192.97,1521540.05,1317689.52,1346354.39,3842586.5,3948015.94
2022-12-31,2383037.48,2279288.13,Train,2022,12,31,5,1,4,0,1,-2.4492935982947064e-16,1.0,-0.9749279121818236,-0.2225209339563146,0,0,1,2884668.76,3022292.15,1390870.89,1401661.67,1302193.74,1321522.92,1668445.9,1683082.9,3041203.79,3121467.33
2023-01-01,,,Test,2023,1,1,6,1,1,1,0,0.49999999999999994,0.8660254037844387,-0.7818314824680299,0.6234898018587334,1,0,0,2383037.48,2279288.13,1136772.53,1160100.63,2201374.59,2308997.06,720381.04,726739.78,2932155.47,3019583.5
2023-01-02,,,Test,2023,1,2,0,0,1,0,0,0.49999999999999994,0.8660254037844387,0.0,1.0,0,0,0,,,2110830.12,2160963.69,2250767.39,2245767.23,753704.17,751384.0,2361965.0,2368851.11
2023-01-03,,,Test,2023,1,3,1,0,1,0,0,0.49999999999999994,0.8660254037844387,0.7818314824680298,0.6234898018587336,0,0,0,,,2100553.66,2184872.24,2026810.08,2053084.16,664409.51,678890.04,545563.72,476501.31
2023-01-04,,,Test,2023,1,4,2,0,1,0,0,0.49999999999999994,0.8660254037844387,0.9749279121818236,-0.22252093395631434,0,0,0,,,3448729.2,3513621.0,1795395.02,1806884.57,1607335.1,1688255.85,1242319.38,1057834.07
2023-01-05,,,Test,2023,1,5,3,0,1,0,0,0.49999999999999994,0.8660254037844387,0.43388373911755823,-0.900968867902419,0,0,0,,,3083944.33,3170787.1,1791622.46,1773829.08,1436188.44,1460346.38,809977.6,684605.3
2023-01-06,,,Test,2023,1,6,4,0,1,0,0,0.49999999999999994,0.8660254037844387,-0.433883739117558,-0.9009688679024191,0,0,0,,,2884668.76,3022292.15,1501209.11,1499234.75,760218.13,731672.82,993048.62,827696.4
2023-01-07,,,Test,2023,1,7,5,1,1,0,0,0.49999999999999994,0.8660254037844387,-0.9749279121818236,-0.2225209339563146,0,0,0,,,2383037.48,2279288.13,1390870.89,1401661.67,818209.67,832757.07,1294963.64,1109631.82
2023-01-08,,,Test,2023,1,8,6,1,1,0,0,0.49999999999999994,0.8660254037844387,-0.7818314824680299,0.6234898018587334,0,0,0,,,,,1136772.53,1160100.63,1323267.85,1366777.35,1641747.05,1369252.03
2023-01-09,,,Test,2023,1,9,0,0,1,0,0,0.49999999999999994,0.8660254037844387,0.0,1.0,0,0,0,,,,,2110830.12,2160963.69,1598936.84,1616981.65,1706485.37,1491356.56
2023-01-10,,,Test,2023,1,10,1,0,1,0,0,0.49999999999999994,0.8660254037844387,0.7818314824680298,0.6234898018587336,0,0,0,,,,,2100553.66,2184872.24,1420910.74,1526398.5,2569113.21,2158709.88
2023-01-11,,,Test,2023,1,11,2,0,1,0,0,0.49999999999999994,0.8660254037844387,0.9749279121818236,-0.22252093395631434,0,0,0,,,,,3448729.2,3513621.0,1983085.06,2071778.79,1640806.35,1336967.26
2023-01-12,,,Test,2023,1,12,3,0,1,0,0,0.49999999999999994,0.8660254037844387,0.43388373911755823,-0.900968867902419,0,0,0,,,,,3083944.33,3170787.1,1652309.19,1687562.98,1775526.5,1506945.6
2023-01-13,,,Test,2023,1,13,4,0,1,0,0,0.49999999999999994,0.8660254037844387,-0.433883739117558,-0.9009688679024191,0,0,0,,,,,2884668.76,3022292.15,1662243.59,1688191.22,1173172.99,946254.56
2023-01-14,,,Test,2023,1,14,5,1,1,0,0,0.49999999999999994,0.8660254037844387,-0.9749279121818236,-0.2225209339563146,0,0,0,,,,,2383037.48,2279288.13,1494318.64,1554407.68,1548726.82,1300219.1
2023-01-15,,,Test,2023,1,15,6,1,1,0,0,0.49999999999999994,0.8660254037844387,-0.7818314824680299,0.6234898018587334,0,0,0,,,,,,,1482192.97,1521540.05,1461990.71,1263054.33
2023-01-16,,,Test,2023,1,16,0,0,1,0,0,0.49999999999999994,0.8660254037844387,0.0,1.0,0,0,0,,,,,,,1302193.74,1321522.92,2064339.13,1781850.02
2023-01-17,,,Test,2023,1,17,1,0,1,0,0,0.49999999999999994,0.8660254037844387,0.7818314824680298,0.6234898018587336,0,0,0,,,,,,,2201374.59,2308997.06,1621773.2,1340632.16
2023-01-18,,,Test,2023,1,18,2,0,1,0,0,0.49999999999999994,0.8660254037844387,0.9749279121818236,-0.22252093395631434,0,0,0,,,,,,,2250767.39,2245767.23,1861205.18,1606509.55
2023-01-19,,,Test,2023,1,19,3,0,1,0,0,0.49999999999999994,0.8660254037844387,0.43388373911755823,-0.900968867902419,0,0,0,,,,,,,2026810.08,2053084.16,2020862.53,1738187.82
2023-01-20,,,Test,2023,1,20,4,0,1,0,0,0.49999999999999994,0.8660254037844387,-0.433883739117558,-0.9009688679024191,0,0,0,,,,,,,1795395.02,1806884.57,1249233.56,1043117.49
2023-01-21,,,Test,2023,1,21,5,1,1,0,0,0.49999999999999994,0.8660254037844387,-0.9749279121818236,-0.2225209339563146,0,1,0,,,,,,,1791622.46,1773829.08,1580948.85,1245282.02
2023-01-22,,,Test,2023,1,22,6,1,1,0,0,0.49999999999999994,0.8660254037844387,-0.7818314824680299,0.6234898018587334,0,1,0,,,,,,,1501209.11,1499234.75,1758593.8,1468639.94
2023-01-23,,,Test,2023,1,23,0,0,1,0,0,0.49999999999999994,0.8660254037844387,0.0,1.0,0,1,0,,,,,,,1390870.89,1401661.67,1785338.17,1512426.38
2023-01-24,,,Test,2023,1,24,1,0,1,0,0,0.49999999999999994,0.8660254037844387,0.7818314824680298,0.6234898018587336,0,0,0,,,,,,,1136772.53,1160100.63,1915906.28,1601822.71
2023-01-25,,,Test,2023,1,25,2,0,1,0,0,0.49999999999999994,0.8660254037844387,0.9749279121818236,-0.22252093395631434,0,0,0,,,,,,,2110830.12,2160963.69,2471179.3,1957064.07
2023-01-26,,,Test,2023,1,26,3,0,1,0,0,0.49999999999999994,0.8660254037844387,0.43388373911755823,-0.900968867902419,0,0,0,,,,,,,2100553.66,2184872.24,2278973.82,1903209.07
2023-01-27,,,Test,2023,1,27,4,0,1,0,0,0.49999999999999994,0.8660254037844387,-0.433883739117558,-0.9009688679024191,0,0,0,,,,,,,3448729.2,3513621.0,1604489.99,1290075.13
2023-01-28,,,Test,2023,1,28,5,1,1,0,0,0.49999999999999994,0.8660254037844387,-0.9749279121818236,-0.2225209339563146,0,0,0,,,,,,,3083944.33,3170787.1,2792317.48,2306948.5
2023-01-29,,,Test,2023,1,29,6,1,1,0,0,0.49999999999999994,0.8660254037844387,-0.7818314824680299,0.6234898018587334,0,0,0,,,,,,,2884668.76,3022292.15,3897632.5,3247780.03
2023-01-30,,,Test,2023,1,30,0,0,1,0,0,0.49999999999999994,0.8660254037844387,0.0,1.0,0,0,0,,,,,,,2383037.48,2279288.13,3903300.55,3262713.48
2023-01-31,,,Test,2023,1,31,1,0,1,0,1,0.49999999999999994,0.8660254037844387,0.7818314824680298,0.6234898018587336,0,0,0,,,,,,,,,3159829.55,2627738.4
2023-02-01,,,Test,2023,2,1,2,0,1,1,0,0.8660254037844386,0.5000000000000001,0.9749279121818236,-0.22252093395631434,0,0,0,,,,,,,,,3672475.88,3092119.13
2023-02-02,,,Test,2023,2,2,3,0,1,0,0,0.8660254037844386,0.5000000000000001,0.43388373911755823,-0.900968867902419,0,0,0,,,,,,,,,3072419.17,2457270.01
2023-02-03,,,Test,2023,2,3,4,0,1,0,0,0.8660254037844386,0.5000000000000001,-0.433883739117558,-0.9009688679024191,0,0,0,,,,,,,,,1056919.3,915391.24
2023-02-04,,,Test,2023,2,4,5,1,1,0,0,0.8660254037844386,0.5000000000000001,-0.9749279121818236,-0.2225209339563146,0,0,0,,,,,,,,,1135262.35,959597.02
2023-02-05,,,Test,2023,2,5,6,1,1,0,0,0.8660254037844386,0.5000000000000001,-0.7818314824680299,0.6234898018587334,0,0,0,,,,,,,,,1325806.77,1094262.79
2023-02-06,,,Test,2023,2,6,0,0,1,0,0,0.8660254037844386,0.5000000000000001,0.0,1.0,0,0,0,,,,,,,,,1360544.32,1086414.25
2023-02-07,,,Test,2023,2,7,1,0,1,0,0,0.8660254037844386,0.5000000000000001,0.7818314824680298,0.6234898018587336,0,0,0,,,,,,,,,1777072.87,1505671.69
2023-02-08,,,Test,2023,2,8,2,0,1,0,0,0.8660254037844386,0.5000000000000001,0.9749279121818236,-0.22252093395631434,0,0,0,,,,,,,,,2324022.32,1858719.97
2023-02-09,,,Test,2023,2,9,3,0,1,0,0,0.8660254037844386,0.5000000000000001,0.43388373911755823,-0.900968867902419,0,0,0,,,,,,,,,2087968.13,1716217.3
2023-02-10,,,Test,2023,2,10,4,0,1,0,0,0.8660254037844386,0.5000000000000001,-0.433883739117558,-0.9009688679024191,0,0,0,,,,,,,,,1681958.09,1377183.24
2023-02-11,,,Test,2023,2,11,5,1,1,0,0,0.8660254037844386,0.5000000000000001,-0.9749279121818236,-0.2225209339563146,0,0,0,,,,,,,,,1868277.55,1450465.3
2023-02-12,,,Test,2023,2,12,6,1,1,0,0,0.8660254037844386,0.5000000000000001,-0.7818314824680299,0.6234898018587334,0,0,0,,,,,,,,,2483675.48,2002526.57
2023-02-13,,,Test,2023,2,13,0,0,1,0,0,0.8660254037844386,0.5000000000000001,0.0,1.0,0,0,0,,,,,,,,,2471088.82,2037847.39
2023-02-14,,,Test,2023,2,14,1,0,1,0,0,0.8660254037844386,0.5000000000000001,0.7818314824680298,0.6234898018587336,0,0,0,,,,,,,,,2477651.08,2066561.36
2023-02-15,,,Test,2023,2,15,2,0,1,0,0,0.8660254037844386,0.5000000000000001,0.9749279121818236,-0.22252093395631434,0,0,0,,,,,,,,,2911470.49,2304155.38
2023-02-16,,,Test,2023,2,16,3,0,1,0,0,0.8660254037844386,0.5000000000000001,0.43388373911755823,-0.900968867902419,0,0,0,,,,,,,,,3189077.73,2624063.44
2023-02-17,,,Test,2023,2,17,4,0,1,0,0,0.8660254037844386,0.5000000000000001,-0.433883739117558,-0.9009688679024191,0,0,0,,,,,,,,,2365001.98,1930644.21
2023-02-18,,,Test,2023,2,18,5,1,1,0,0,0.8660254037844386,0.5000000000000001,-0.9749279121818236,-0.2225209339563146,0,0,0,,,,,,,,,2218074.92,1902787.38
2023-02-19,,,Test,2023,2,19,6,1,1,0,0,0.8660254037844386,0.5000000000000001,-0.7818314824680299,0.6234898018587334,0,0,0,,,,,,,,,2497284.24,2073056.25
2023-02-20,,,Test,2023,2,20,0,0,1,0,0,0.8660254037844386,0.5000000000000001,0.0,1.0,0,0,0,,,,,,,,,3274514.0,2808978.4
2023-02-21,,,Test,2023,2,21,1,0,1,0,0,0.8660254037844386,0.5000000000000001,0.7818314824680298,0.6234898018587336,0,0,0,,,,,,,,,3231879.49,2662096.96
2023-02-22,,,Test,2023,2,22,2,0,1,0,0,0.8660254037844386,0.5000000000000001,0.9749279121818236,-0.22252093395631434,0,0,0,,,,,,,,,3646117.64,3080342.28
2023-02-23,,,Test,2023,2,23,3,0,1,0,0,0.8660254037844386,0.5000000000000001,0.43388373911755823,-0.900968867902419,0,0,0,,,,,,,,,3297595.34,2768284.27
2023-02-24,,,Test,2023,2,24,4,0,1,0,0,0.8660254037844386,0.5000000000000001,-0.433883739117558,-0.9009688679024191,0,0,0,,,,,,,,,2768850.97,2337359.85
2023-02-25,,,Test,2023,2,25,5,1,1,0,0,0.8660254037844386,0.5000000000000001,-0.9749279121818236,-0.2225209339563146,0,0,0,,,,,,,,,2943786.98,2445090.2
2023-02-26,,,Test,2023,2,26,6,1,1,0,0,0.8660254037844386,0.5000000000000001,-0.7818314824680299,0.6234898018587334,0,0,0,,,,,,,,,6304749.98,4896174.07
2023-02-27,,,Test,2023,2,27,0,0,1,0,0,0.8660254037844386,0.5000000000000001,0.0,1.0,0,0,0,,,,,,,,,5652340.75,4889448.26
2023-02-28,,,Test,2023,2,28,1,0,1,0,1,0.8660254037844386,0.5000000000000001,0.7818314824680298,0.6234898018587336,0,0,0,,,,,,,,,6007208.86,4942844.92
2023-03-01,,,Test,2023,3,1,2,0,1,1,0,1.0,6.123233995736766e-17,0.9749279121818236,-0.22252093395631434,0,0,0,,,,,,,,,4532724.33,3774772.1
2023-03-02,,,Test,2023,3,2,3,0,1,0,0,1.0,6.123233995736766e-17,0.43388373911755823,-0.900968867902419,0,0,0,,,,,,,,,5221766.09,4446394.75
2023-03-03,,,Test,2023,3,3,4,0,1,0,0,1.0,6.123233995736766e-17,-0.433883739117558,-0.9009688679024191,0,0,0,,,,,,,,,1113577.08,936517.95
2023-03-04,,,Test,2023,3,4,5,1,1,0,0,1.0,6.123233995736766e-17,-0.9749279121818236,-0.2225209339563146,0,0,0,,,,,,,,,1265611.41,1001621.35
2023-03-05,,,Test,2023,3,5,6,1,1,0,0,1.0,6.123233995736766e-17,-0.7818314824680299,0.6234898018587334,0,0,0,,,,,,,,,1917604.21,1671253.56
2023-03-06,,,Test,2023,3,6,0,0,1,0,0,1.0,6.123233995736766e-17,0.0,1.0,0,0,0,,,,,,,,,2406752.08,1881208.83
2023-03-07,,,Test,2023,3,7,1,0,1,0,0,1.0,6.123233995736766e-17,0.7818314824680298,0.6234898018587336,0,0,0,,,,,,,,,3077438.94,2603663.56
2023-03-08,,,Test,2023,3,8,2,0,1,0,0,1.0,6.123233995736766e-17,0.9749279121818236,-0.22252093395631434,0,0,0,,,,,,,,,3777839.97,3199498.52
2023-03-09,,,Test,2023,3,9,3,0,1,0,0,1.0,6.123233995736766e-17,0.43388373911755823,-0.900968867902419,0,0,0,,,,,,,,,4138590.91,3354044.48
2023-03-10,,,Test,2023,3,10,4,0,1,0,0,1.0,6.123233995736766e-17,-0.433883739117558,-0.9009688679024191,0,0,0,,,,,,,,,3544992.79,2897669.69
2023-03-11,,,Test,2023,3,11,5,1,1,0,0,1.0,6.123233995736766e-17,-0.9749279121818236,-0.2225209339563146,0,0,0,,,,,,,,,3499825.21,2868355.02
2023-03-12,,,Test,2023,3,12,6,1,1,0,0,1.0,6.123233995736766e-17,-0.7818314824680299,0.6234898018587334,0,0,0,,,,,,,,,3731020.06,3230097.43
2023-03-13,,,Test,2023,3,13,0,0,1,0,0,1.0,6.123233995736766e-17,0.0,1.0,0,0,0,,,,,,,,,4026635.22,3346220.86
2023-03-14,,,Test,2023,3,14,1,0,1,0,0,1.0,6.123233995736766e-17,0.7818314824680298,0.6234898018587336,0,0,0,,,,,,,,,4709281.9,3928279.43
2023-03-15,,,Test,2023,3,15,2,0,1,0,0,1.0,6.123233995736766e-17,0.9749279121818236,-0.22252093395631434,0,0,0,,,,,,,,,4619237.89,3907599.13
2023-03-16,,,Test,2023,3,16,3,0,1,0,0,1.0,6.123233995736766e-17,0.43388373911755823,-0.900968867902419,0,0,0,,,,,,,,,4519934.96,3787149.37
2023-03-17,,,Test,2023,3,17,4,0,1,0,0,1.0,6.123233995736766e-17,-0.433883739117558,-0.9009688679024191,0,0,0,,,,,,,,,5222281.22,4421275.88
2023-03-18,,,Test,2023,3,18,5,1,1,0,0,1.0,6.123233995736766e-17,-0.9749279121818236,-0.2225209339563146,0,0,0,,,,,,,,,4426435.98,3648313.01
2023-03-19,,,Test,2023,3,19,6,1,1,0,0,1.0,6.123233995736766e-17,-0.7818314824680299,0.6234898018587334,0,0,0,,,,,,,,,4313906.61,3587200.12
2023-03-20,,,Test,2023,3,20,0,0,1,0,0,1.0,6.123233995736766e-17,0.0,1.0,0,0,0,,,,,,,,,4198964.15,3744253.09
2023-03-21,,,Test,2023,3,21,1,0,1,0,0,1.0,6.123233995736766e-17,0.7818314824680298,0.6234898018587336,0,0,0,,,,,,,,,4036051.82,3737447.21
2023-03-22,,,Test,2023,3,22,2,0,1,0,0,1.0,6.123233995736766e-17,0.9749279121818236,-0.22252093395631434,0,0,0,,,,,,,,,4626820.15,4342565.79
2023-03-23,,,Test,2023,3,23,3,0,1,0,0,1.0,6.123233995736766e-17,0.43388373911755823,-0.900968867902419,0,0,0,,,,,,,,,5301842.45,4915987.31
2023-03-24,,,Test,2023,3,24,4,0,1,0,0,1.0,6.123233995736766e-17,-0.433883739117558,-0.9009688679024191,0,0,0,,,,,,,,,5052034.89,4744310.26
2023-03-25,,,Test,2023,3,25,5,1,1,0,0,1.0,6.123233995736766e-17,-0.9749279121818236,-0.2225209339563146,0,0,0,,,,,,,,,4122489.22,4014534.97
2023-03-26,,,Test,2023,3,26,6,1,1,0,0,1.0,6.123233995736766e-17,-0.7818314824680299,0.6234898018587334,0,0,0,,,,,,,,,4325007.4,4010228.32
2023-03-27,,,Test,2023,3,27,0,0,1,0,0,1.0,6.123233995736766e-17,0.0,1.0,0,0,0,,,,,,,,,5169170.11,4775502.11
2023-03-28,,,Test,2023,3,28,1,0,1,0,0,1.0,6.123233995736766e-17,0.7818314824680298,0.6234898018587336,0,0,0,,,,,,,,,4855258.01,4607293.73
2023-03-29,,,Test,2023,3,29,2,0,1,0,0,1.0,6.123233995736766e-17,0.9749279121818236,-0.22252093395631434,0,0,0,,,,,,,,,4908504.49,4613958.54
2023-03-30,,,Test,2023,3,30,3,0,1,0,0,1.0,6.123233995736766e-17,0.43388373911755823,-0.900968867902419,0,0,0,,,,,,,,,11643208.73,10896036.48
2023-03-31,,,Test,2023,3,31,4,0,1,0,1,1.0,6.123233995736766e-17,-0.433883739117558,-0.9009688679024191,0,0,0,,,,,,,,,9233141.0,8773718.15
2023-04-01,,,Test,2023,4,1,5,1,2,1,0,0.8660254037844387,-0.4999999999999998,-0.9749279121818236,-0.2225209339563146,0,0,0,,,,,,,,,8299060.74,8041756.19
2023-04-02,,,Test,2023,4,2,6,1,2,0,0,0.8660254037844387,-0.4999999999999998,-0.7818314824680299,0.6234898018587334,0,0,0,,,,,,,,,8289456.22,7808017.19
2023-04-03,,,Test,2023,4,3,0,0,2,0,0,0.8660254037844387,-0.4999999999999998,0.0,1.0,0,0,0,,,,,,,,,6547965.12,6148445.74
2023-04-04,,,Test,2023,4,4,1,0,2,0,0,0.8660254037844387,-0.4999999999999998,0.7818314824680298,0.6234898018587336,0,0,0,,,,,,,,,1974536.55,1802524.97
2023-04-05,,,Test,2023,4,5,2,0,2,0,0,0.8660254037844387,-0.4999999999999998,0.9749279121818236,-0.22252093395631434,0,0,0,,,,,,,,,3017582.3,2782222.29
2023-04-06,,,Test,2023,4,6,3,0,2,0,0,0.8660254037844387,-0.4999999999999998,0.43388373911755823,-0.900968867902419,0,0,0,,,,,,,,,2934004.6,2645021.55
2023-04-07,,,Test,2023,4,7,4,0,2,0,0,0.8660254037844387,-0.4999999999999998,-0.433883739117558,-0.9009688679024191,0,0,0,,,,,,,,,1947894.58,1833343.52
2023-04-08,,,Test,2023,4,8,5,1,2,0,0,0.8660254037844387,-0.4999999999999998,-0.9749279121818236,-0.2225209339563146,0,0,0,,,,,,,,,2516364.3,2311523.71
2023-04-09,,,Test,2023,4,9,6,1,2,0,0,0.8660254037844387,-0.4999999999999998,-0.7818314824680299,0.6234898018587334,0,0,0,,,,,,,,,3523261.24,3380510.41
2023-04-10,,,Test,2023,4,10,0,0,2,0,0,0.8660254037844387,-0.4999999999999998,0.0,1.0,0,0,0,,,,,,,,,3747690.93,3511278.1
2023-04-11,,,Test,2023,4,11,1,0,2,0,0,0.8660254037844387,-0.4999999999999998,0.7818314824680298,0.6234898018587336,0,0,0,,,,,,,,,4187283.4,3982564.11
2023-04-12,,,Test,2023,4,12,2,0,2,0,0,0.8660254037844387,-0.4999999999999998,0.9749279121818236,-0.22252093395631434,0,0,0,,,,,,,,,4300020.35,4061975.74
2023-04-13,,,Test,2023,4,13,3,0,2,0,0,0.8660254037844387,-0.4999999999999998,0.43388373911755823,-0.900968867902419,0,0,0,,,,,,,,,4888627.31,4546028.85
2023-04-14,,,Test,2023,4,14,4,0,2,0,0,0.8660254037844387,-0.4999999999999998,-0.433883739117558,-0.9009688679024191,0,0,0,,,,,,,,,4670014.27,4407778.78
2023-04-15,,,Test,2023,4,15,5,1,2,0,0,0.8660254037844387,-0.4999999999999998,-0.9749279121818236,-0.2225209339563146,0,0,0,,,,,,,,,4908291.49,4288050.23
2023-04-16,,,Test,2023,4,16,6,1,2,0,0,0.8660254037844387,-0.4999999999999998,-0.7818314824680299,0.6234898018587334,0,0,0,,,,,,,,,5147946.06,4540748.11
2023-04-17,,,Test,2023,4,17,0,0,2,0,0,0.8660254037844387,-0.4999999999999998,0.0,1.0,0,0,0,,,,,,,,,4470361.38,3877207.22
2023-04-18,,,Test,2023,4,18,1,0,2,0,0,0.8660254037844387,-0.4999999999999998,0.7818314824680298,0.6234898018587336,0,0,0,,,,,,,,,3680888.01,2995894.73
2023-04-19,,,Test,2023,4,19,2,0,2,0,0,0.8660254037844387,-0.4999999999999998,0.9749279121818236,-0.22252093395631434,0,0,0,,,,,,,,,4426735.65,3630694.51
2023-04-20,,,Test,2023,4,20,3,0,2,0,0,0.8660254037844387,-0.4999999999999998,0.43388373911755823,-0.900968867902419,0,0,0,,,,,,,,,4874458.71,4017615.85
2023-04-21,,,Test,2023,4,21,4,0,2,0,0,0.8660254037844387,-0.4999999999999998,-0.433883739117558,-0.9009688679024191,0,0,0,,,,,,,,,2926459.0,2418771.53
2023-04-22,,,Test,2023,4,22,5,1,2,0,0,0.8660254037844387,-0.4999999999999998,-0.9749279121818236,-0.2225209339563146,0,0,0,,,,,,,,,4609506.19,3890393.56
2023-04-23,,,Test,2023,4,23,6,1,2,0,0,0.8660254037844387,-0.4999999999999998,-0.7818314824680299,0.6234898018587334,0,0,0,,,,,,,,,4709847.04,3925675.06
2023-04-24,,,Test,2023,4,24,0,0,2,0,0,0.8660254037844387,-0.4999999999999998,0.0,1.0,0,0,0,,,,,,,,,5020542.99,4173556.86
2023-04-25,,,Test,2023,4,25,1,0,2,0,0,0.8660254037844387,-0.4999999999999998,0.7818314824680298,0.6234898018587336,0,0,0,,,,,,,,,4873788.42,3954819.04
2023-04-26,,,Test,2023,4,26,2,0,2,0,0,0.8660254037844387,-0.4999999999999998,0.9749279121818236,-0.22252093395631434,0,0,0,,,,,,,,,5688161.6,4770812.83
2023-04-27,,,Test,2023,4,27,3,0,2,0,0,0.8660254037844387,-0.4999999999999998,0.43388373911755823,-0.900968867902419,0,0,0,,,,,,,,,5361513.76,4376745.35
2023-04-28,,,Test,2023,4,28,4,0,2,0,0,0.8660254037844387,-0.4999999999999998,-0.433883739117558,-0.9009688679024191,0,0,0,,,,,,,,,5590934.3,4645081.23
2023-04-29,,,Test,2023,4,29,5,1,2,0,0,0.8660254037844387,-0.4999999999999998,-0.9749279121818236,-0.2225209339563146,0,0,0,,,,,,,,,7579535.07,6187238.79
2023-04-30,,,Test,2023,4,30,6,1,2,0,1,0.8660254037844387,-0.4999999999999998,-0.7818314824680299,0.6234898018587334,1,0,0,,,,,,,,,6592777.23,5405333.92
2023-05-01,,,Test,2023,5,1,0,0,2,1,0,0.49999999999999994,-0.8660254037844387,0.0,1.0,1,0,0,,,,,,,,,5680859.44,4706859.17
2023-05-02,,,Test,2023,5,2,1,0,2,0,0,0.49999999999999994,-0.8660254037844387,0.7818314824680298,0.6234898018587336,0,0,0,,,,,,,,,4291036.44,3434252.59
2023-05-03,,,Test,2023,5,3,2,0,2,0,0,0.49999999999999994,-0.8660254037844387,0.9749279121818236,-0.22252093395631434,0,0,0,,,,,,,,,5504853.65,4531490.74
2023-05-04,,,Test,2023,5,4,3,0,2,0,0,0.49999999999999994,-0.8660254037844387,0.43388373911755823,-0.900968867902419,0,0,0,,,,,,,,,1792730.62,1492900.17
2023-05-05,,,Test,2023,5,5,4,0,2,0,0,0.49999999999999994,-0.8660254037844387,-0.433883739117558,-0.9009688679024191,0,0,0,,,,,,,,,3556300.98,2916616.09
2023-05-06,,,Test,2023,5,6,5,1,2,0,0,0.49999999999999994,-0.8660254037844387,-0.9749279121818236,-0.2225209339563146,0,0,0,,,,,,,,,2532060.94,2027456.78
2023-05-07,,,Test,2023,5,7,6,1,2,0,0,0.49999999999999994,-0.8660254037844387,-0.7818314824680299,0.6234898018587334,0,0,0,,,,,,,,,3620303.23,3000039.1
2023-05-08,,,Test,2023,5,8,0,0,2,0,0,0.49999999999999994,-0.8660254037844387,0.0,1.0,0,0,0,,,,,,,,,2468343.71,1923320.47
2023-05-09,,,Test,2023,5,9,1,0,2,0,0,0.49999999999999994,-0.8660254037844387,0.7818314824680298,0.6234898018587336,0,0,0,,,,,,,,,2985986.67,2430054.67
2023-05-10,,,Test,2023,5,10,2,0,2,0,0,0.49999999999999994,-0.8660254037844387,0.9749279121818236,-0.22252093395631434,0,0,0,,,,,,,,,3668495.19,2955983.75
2023-05-11,,,Test,2023,5,11,3,0,2,0,0,0.49999999999999994,-0.8660254037844387,0.43388373911755823,-0.900968867902419,0,0,0,,,,,,,,,4347378.73,3521156.43
2023-05-12,,,Test,2023,5,12,4,0,2,0,0,0.49999999999999994,-0.8660254037844387,-0.433883739117558,-0.9009688679024191,0,0,0,,,,,,,,,4753134.02,3878195.49
2023-05-13,,,Test,2023,5,13,5,1,2,0,0,0.49999999999999994,-0.8660254037844387,-0.9749279121818236,-0.2225209339563146,0,0,0,,,,,,,,,3479131.38,2953956.65
2023-05-14,,,Test,2023,5,14,6,1,2,0,0,0.49999999999999994,-0.8660254037844387,-0.7818314824680299,0.6234898018587334,0,0,0,,,,,,,,,4406804.98,3730445.32
2023-05-15,,,Test,2023,5,15,0,0,2,0,0,0.49999999999999994,-0.8660254037844387,0.0,1.0,0,0,0,,,,,,,,,4455089.7,3604418.84
2023-05-16,,,Test,2023,5,16,1,0,2,0,0,0.49999999999999994,-0.8660254037844387,0.7818314824680298,0.6234898018587336,0,0,0,,,,,,,,,4323621.35,3469983.75
2023-05-17,,,Test,2023,5,17,2,0,2,0,0,0.49999999999999994,-0.8660254037844387,0.9749279121818236,-0.22252093395631434,0,0,0,,,,,,,,,4158982.96,3363524.3
2023-05-18,,,Test,2023,5,18,3,0,2,0,0,0.49999999999999994,-0.8660254037844387,0.43388373911755823,-0.900968867902419,0,0,0,,,,,,,,,6094171.87,4997123.61
2023-05-19,,,Test,2023,5,19,4,0,2,0,0,0.49999999999999994,-0.8660254037844387,-0.433883739117558,-0.9009688679024191,0,0,0,,,,,,,,,5824908.18,4737898.72
2023-05-20,,,Test,2023,5,20,5,1,2,0,0,0.49999999999999994,-0.8660254037844387,-0.9749279121818236,-0.2225209339563146,0,0,0,,,,,,,,,2226534.2,1797128.71
2023-05-21,,,Test,2023,5,21,6,1,2,0,0,0.49999999999999994,-0.8660254037844387,-0.7818314824680299,0.6234898018587334,0,0,0,,,,,,,,,4033154.28,3341369.82
2023-05-22,,,Test,2023,5,22,0,0,2,0,0,0.49999999999999994,-0.8660254037844387,0.0,1.0,0,0,0,,,,,,,,,5000275.74,4124194.76
2023-05-23,,,Test,2023,5,23,1,0,2,0,0,0.49999999999999994,-0.8660254037844387,0.7818314824680298,0.6234898018587336,0,0,0,,,,,,,,,3647180.26,3055864.88
2023-05-24,,,Test,2023,5,24,2,0,2,0,0,0.49999999999999994,-0.8660254037844387,0.9749279121818236,-0.22252093395631434,0,0,0,,,,,,,,,4442598.36,3584450.45
2023-05-25,,,Test,2023,5,25,3,0,2,0,0,0.49999999999999994,-0.8660254037844387,0.43388373911755823,-0.900968867902419,0,0,0,,,,,,,,,6573956.43,5501922.55
2023-05-26,,,Test,2023,5,26,4,0,2,0,0,0.49999999999999994,-0.8660254037844387,-0.433883739117558,-0.9009688679024191,0,0,0,,,,,,,,,6284218.49,5141408.99
2023-05-27,,,Test,2023,5,27,5,1,2,0,0,0.49999999999999994,-0.8660254037844387,-0.9749279121818236,-0.2225209339563146,0,0,0,,,,,,,,,3652675.9,2933129.2
2023-05-28,,,Test,2023,5,28,6,1,2,0,0,0.49999999999999994,-0.8660254037844387,-0.7818314824680299,0.6234898018587334,0,0,0,,,,,,,,,3223975.84,2664148.14
2023-05-29,,,Test,2023,5,29,0,0,2,0,0,0.49999999999999994,-0.8660254037844387,0.0,1.0,0,0,0,,,,,,,,,5327455.25,4413502.81
2023-05-30,,,Test,2023,5,30,1,0,2,0,0,0.49999999999999994,-0.8660254037844387,0.7818314824680298,0.6234898018587336,0,0,0,,,,,,,,,8158502.0,6931185.72
2023-05-31,,,Test,2023,5,31,2,0,2,0,1,0.49999999999999994,-0.8660254037844387,0.9749279121818236,-0.22252093395631434,0,0,0,,,,,,,,,8513166.37,6787523.6
2023-06-01,,,Test,2023,6,1,3,0,2,1,0,1.2246467991473532e-16,-1.0,0.43388373911755823,-0.900968867902419,0,0,0,,,,,,,,,8373363.4,7038218.52
2023-06-02,,,Test,2023,6,2,4,0,2,0,0,1.2246467991473532e-16,-1.0,-0.433883739117558,-0.9009688679024191,0,0,0,,,,,,,,,8325437.52,6796380.79
2023-06-03,,,Test,2023,6,3,5,1,2,0,0,1.2246467991473532e-16,-1.0,-0.9749279121818236,-0.2225209339563146,0,0,0,,,,,,,,,6585522.44,5345747.87
2023-06-04,,,Test,2023,6,4,6,1,2,0,0,1.2246467991473532e-16,-1.0,-0.7818314824680299,0.6234898018587334,0,0,0,,,,,,,,,2998952.42,2492875.15
2023-06-05,,,Test,2023,6,5,0,0,2,0,0,1.2246467991473532e-16,-1.0,0.0,1.0,0,0,0,,,,,,,,,2945501.79,2481566.23
2023-06-06,,,Test,2023,6,6,1,0,2,0,0,1.2246467991473532e-16,-1.0,0.7818314824680298,0.6234898018587336,0,0,0,,,,,,,,,3100859.0,2519872.17
2023-06-07,,,Test,2023,6,7,2,0,2,0,0,1.2246467991473532e-16,-1.0,0.9749279121818236,-0.22252093395631434,0,0,0,,,,,,,,,3673238.8,3096187.02
2023-06-08,,,Test,2023,6,8,3,0,2,0,0,1.2246467991473532e-16,-1.0,0.43388373911755823,-0.900968867902419,0,0,0,,,,,,,,,3686799.9,3086016.13
2023-06-09,,,Test,2023,6,9,4,0,2,0,0,1.2246467991473532e-16,-1.0,-0.433883739117558,-0.9009688679024191,0,0,0,,,,,,,,,2619038.14,2169844.13
2023-06-10,,,Test,2023,6,10,5,1,2,0,0,1.2246467991473532e-16,-1.0,-0.9749279121818236,-0.2225209339563146,0,0,0,,,,,,,,,3369544.01,2830537.04
2023-06-11,,,Test,2023,6,11,6,1,2,0,0,1.2246467991473532e-16,-1.0,-0.7818314824680299,0.6234898018587334,0,0,0,,,,,,,,,4463584.56,3478666.52
2023-06-12,,,Test,2023,6,12,0,0,2,0,0,1.2246467991473532e-16,-1.0,0.0,1.0,0,0,0,,,,,,,,,4561669.81,3820200.11
2023-06-13,,,Test,2023,6,13,1,0,2,0,0,1.2246467991473532e-16,-1.0,0.7818314824680298,0.6234898018587336,0,0,0,,,,,,,,,4221162.05,3579316.15
2023-06-14,,,Test,2023,6,14,2,0,2,0,0,1.2246467991473532e-16,-1.0,0.9749279121818236,-0.22252093395631434,0,0,0,,,,,,,,,4843640.76,3943051.0
2023-06-15,,,Test,2023,6,15,3,0,2,0,0,1.2246467991473532e-16,-1.0,0.43388373911755823,-0.900968867902419,0,0,0,,,,,,,,,4969823.53,4197066.37
2023-06-16,,,Test,2023,6,16,4,0,2,0,0,1.2246467991473532e-16,-1.0,-0.433883739117558,-0.9009688679024191,0,0,0,,,,,,,,,4143877.35,3546880.86
2023-06-17,,,Test,2023,6,17,5,1,2,0,0,1.2246467991473532e-16,-1.0,-0.9749279121818236,-0.2225209339563146,0,0,0,,,,,,,,,4914374.7,4127718.74
2023-06-18,,,Test,2023,6,18,6,1,2,0,0,1.2246467991473532e-16,-1.0,-0.7818314824680299,0.6234898018587334,0,0,0,,,,,,,,,4817780.87,3824360.06
2023-06-19,,,Test,2023,6,19,0,0,2,0,0,1.2246467991473532e-16,-1.0,0.0,1.0,0,0,0,,,,,,,,,3795086.21,3161112.99
2023-06-20,,,Test,2023,6,20,1,0,2,0,0,1.2246467991473532e-16,-1.0,0.7818314824680298,0.6234898018587336,0,0,0,,,,,,,,,3323030.57,2753309.16
2023-06-21,,,Test,2023,6,21,2,0,2,0,0,1.2246467991473532e-16,-1.0,0.9749279121818236,-0.22252093395631434,0,0,0,,,,,,,,,4271838.09,3517936.59
2023-06-22,,,Test,2023,6,22,3,0,2,0,0,1.2246467991473532e-16,-1.0,0.43388373911755823,-0.900968867902419,0,0,0,,,,,,,,,5182306.11,4283552.22
2023-06-23,,,Test,2023,6,23,4,0,2,0,0,1.2246467991473532e-16,-1.0,-0.433883739117558,-0.9009688679024191,0,0,0,,,,,,,,,3276933.23,2698817.37
2023-06-24,,,Test,2023,6,24,5,1,2,0,0,1.2246467991473532e-16,-1.0,-0.9749279121818236,-0.2225209339563146,0,0,0,,,,,,,,,4334289.08,3840132.24
2023-06-25,,,Test,2023,6,25,6,1,2,0,0,1.2246467991473532e-16,-1.0,-0.7818314824680299,0.6234898018587334,0,0,0,,,,,,,,,3650772.37,3465656.03
2023-06-26,,,Test,2023,6,26,0,0,2,0,0,1.2246467991473532e-16,-1.0,0.0,1.0,0,0,0,,,,,,,,,3313898.55,3251613.07
2023-06-27,,,Test,2023,6,27,1,0,2,0,0,1.2246467991473532e-16,-1.0,0.7818314824680298,0.6234898018587336,0,0,0,,,,,,,,,3481464.68,3545701.77
2023-06-28,,,Test,2023,6,28,2,0,2,0,0,1.2246467991473532e-16,-1.0,0.9749279121818236,-0.22252093395631434,0,0,0,,,,,,,,,5799352.35,5797836.84
2023-06-29,,,Test,2023,6,29,3,0,2,0,0,1.2246467991473532e-16,-1.0,0.43388373911755823,-0.900968867902419,0,0,0,,,,,,,,,7265484.49,7471904.08
2023-06-30,,,Test,2023,6,30,4,0,2,0,1,1.2246467991473532e-16,-1.0,-0.433883739117558,-0.9009688679024191,0,0,0,,,,,,,,,5503799.91,5548808.71
2023-07-01,,,Test,2023,7,1,5,1,3,1,0,-0.4999999999999997,-0.8660254037844388,-0.9749279121818236,-0.2225209339563146,0,0,0,,,,,,,,,5150082.22,5158929.6
2023-07-02,,,Test,2023,7,2,6,1,3,0,0,-0.4999999999999997,-0.8660254037844388,-0.7818314824680299,0.6234898018587334,0,0,0,,,,,,,,,4591824.74,4681370.69
2023-07-03,,,Test,2023,7,3,0,0,3,0,0,-0.4999999999999997,-0.8660254037844388,0.0,1.0,0,0,0,,,,,,,,,3487232.0,3467227.39
2023-07-04,,,Test,2023,7,4,1,0,3,0,0,-0.4999999999999997,-0.8660254037844388,0.7818314824680298,0.6234898018587336,0,0,0,,,,,,,,,1208545.64,1210803.29
2023-07-05,,,Test,2023,7,5,2,0,3,0,0,-0.4999999999999997,-0.8660254037844388,0.9749279121818236,-0.22252093395631434,0,0,0,,,,,,,,,1079245.09,1067117.75
2023-07-06,,,Test,2023,7,6,3,0,3,0,0,-0.4999999999999997,-0.8660254037844388,0.43388373911755823,-0.900968867902419,0,0,0,,,,,,,,,2003115.26,1958001.67
2023-07-07,,,Test,2023,7,7,4,0,3,0,0,-0.4999999999999997,-0.8660254037844388,-0.433883739117558,-0.9009688679024191,0,0,0,,,,,,,,,2178171.4,2191625.58
2023-07-08,,,Test,2023,7,8,5,1,3,0,0,-0.4999999999999997,-0.8660254037844388,-0.9749279121818236,-0.2225209339563146,0,0,0,,,,,,,,,1881078.1,1982500.01
2023-07-09,,,Test,2023,7,9,6,1,3,0,0,-0.4999999999999997,-0.8660254037844388,-0.7818314824680299,0.6234898018587334,0,0,0,,,,,,,,,1988747.3,2091746.39
2023-07-10,,,Test,2023,7,10,0,0,3,0,0,-0.4999999999999997,-0.8660254037844388,0.0,1.0,0,0,0,,,,,,,,,2250020.87,2249417.16
2023-07-11,,,Test,2023,7,11,1,0,3,0,0,-0.4999999999999997,-0.8660254037844388,0.7818314824680298,0.6234898018587336,0,0,0,,,,,,,,,3085208.06,3120714.69
2023-07-12,,,Test,2023,7,12,2,0,3,0,0,-0.4999999999999997,-0.8660254037844388,0.9749279121818236,-0.22252093395631434,0,0,0,,,,,,,,,3275001.85,3465716.5
2023-07-13,,,Test,2023,7,13,3,0,3,0,0,-0.4999999999999997,-0.8660254037844388,0.43388373911755823,-0.900968867902419,0,0,0,,,,,,,,,3331997.68,3265956.0
2023-07-14,,,Test,2023,7,14,4,0,3,0,0,-0.4999999999999997,-0.8660254037844388,-0.433883739117558,-0.9009688679024191,0,0,0,,,,,,,,,3428606.64,3482102.84
2023-07-15,,,Test,2023,7,15,5,1,3,0,0,-0.4999999999999997,-0.8660254037844388,-0.9749279121818236,-0.2225209339563146,0,0,0,,,,,,,,,3272104.3,3382105.17
2023-07-16,,,Test,2023,7,16,6,1,3,0,0,-0.4999999999999997,-0.8660254037844388,-0.7818314824680299,0.6234898018587334,0,0,0,,,,,,,,,3060600.17,3054594.29
2023-07-17,,,Test,2023,7,17,0,0,3,0,0,-0.4999999999999997,-0.8660254037844388,0.0,1.0,0,0,0,,,,,,,,,3238870.01,3239433.47
2023-07-18,,,Test,2023,7,18,1,0,3,0,0,-0.4999999999999997,-0.8660254037844388,0.7818314824680298,0.6234898018587336,0,0,0,,,,,,,,,3305333.1,3363292.96
2023-07-19,,,Test,2023,7,19,2,0,3,0,0,-0.4999999999999997,-0.8660254037844388,0.9749279121818236,-0.22252093395631434,0,0,0,,,,,,,,,3101945.44,3019090.18
2023-07-20,,,Test,2023,7,20,3,0,3,0,0,-0.4999999999999997,-0.8660254037844388,0.43388373911755823,-0.900968867902419,0,0,0,,,,,,,,,3436240.82,3222539.9
2023-07-21,,,Test,2023,7,21,4,0,3,0,0,-0.4999999999999997,-0.8660254037844388,-0.433883739117558,-0.9009688679024191,0,0,0,,,,,,,,,3596036.01,3119249.05
2023-07-22,,,Test,2023,7,22,5,1,3,0,0,-0.4999999999999997,-0.8660254037844388,-0.9749279121818236,-0.2225209339563146,0,0,0,,,,,,,,,2771453.13,2364982.84
2023-07-23,,,Test,2023,7,23,6,1,3,0,0,-0.4999999999999997,-0.8660254037844388,-0.7818314824680299,0.6234898018587334,0,0,0,,,,,,,,,4190232.53,3612754.83
2023-07-24,,,Test,2023,7,24,0,0,3,0,0,-0.4999999999999997,-0.8660254037844388,0.0,1.0,0,0,0,,,,,,,,,3833852.9,3118207.38
2023-07-25,,,Test,2023,7,25,1,0,3,0,0,-0.4999999999999997,-0.8660254037844388,0.7818314824680298,0.6234898018587336,0,0,0,,,,,,,,,2614143.21,2099890.98
2023-07-26,,,Test,2023,7,26,2,0,3,0,0,-0.4999999999999997,-0.8660254037844388,0.9749279121818236,-0.22252093395631434,0,0,0,,,,,,,,,3176075.37,2651641.17
2023-07-27,,,Test,2023,7,27,3,0,3,0,0,-0.4999999999999997,-0.8660254037844388,0.43388373911755823,-0.900968867902419,0,0,0,,,,,,,,,4214912.76,3467925.47
2023-07-28,,,Test,2023,7,28,4,0,3,0,0,-0.4999999999999997,-0.8660254037844388,-0.433883739117558,-0.9009688679024191,0,0,0,,,,,,,,,4859620.98,3942867.94
2023-07-29,,,Test,2023,7,29,5,1,3,0,0,-0.4999999999999997,-0.8660254037844388,-0.9749279121818236,-0.2225209339563146,0,0,0,,,,,,,,,3226100.81,2681143.22
2023-07-30,,,Test,2023,7,30,6,1,3,0,0,-0.4999999999999997,-0.8660254037844388,-0.7818314824680299,0.6234898018587334,0,0,0,,,,,,,,,2682461.47,2137462.32
2023-07-31,,,Test,2023,7,31,0,0,3,0,1,-0.4999999999999997,-0.8660254037844388,0.0,1.0,0,0,0,,,,,,,,,4622917.86,3735517.99
2023-08-01,,,Test,2023,8,1,1,0,3,1,0,-0.8660254037844385,-0.5000000000000004,0.7818314824680298,0.6234898018587336,0,0,0,,,,,,,,,4081818.17,3201046.8
2023-08-02,,,Test,2023,8,2,2,0,3,0,0,-0.8660254037844385,-0.5000000000000004,0.9749279121818236,-0.22252093395631434,0,0,0,,,,,,,,,4490226.96,3711709.11
2023-08-03,,,Test,2023,8,3,3,0,3,0,0,-0.8660254037844385,-0.5000000000000004,0.43388373911755823,-0.900968867902419,0,0,0,,,,,,,,,5085558.26,4209543.55
2023-08-04,,,Test,2023,8,4,4,0,3,0,0,-0.8660254037844385,-0.5000000000000004,-0.433883739117558,-0.9009688679024191,0,0,0,,,,,,,,,4345026.44,3614349.89
2023-08-05,,,Test,2023,8,5,5,1,3,0,0,-0.8660254037844385,-0.5000000000000004,-0.9749279121818236,-0.2225209339563146,0,0,0,,,,,,,,,2114789.45,1780212.48
2023-08-06,,,Test,2023,8,6,6,1,3,0,0,-0.8660254037844385,-0.5000000000000004,-0.7818314824680299,0.6234898018587334,0,0,0,,,,,,,,,2325289.52,2017328.21
2023-08-07,,,Test,2023,8,7,0,0,3,0,0,-0.8660254037844385,-0.5000000000000004,0.0,1.0,0,0,0,,,,,,,,,2331541.43,1882527.46
2023-08-08,,,Test,2023,8,8,1,0,3,0,0,-0.8660254037844385,-0.5000000000000004,0.7818314824680298,0.6234898018587336,0,0,0,,,,,,,,,3054473.91,2576748.48
2023-08-09,,,Test,2023,8,9,2,0,3,0,0,-0.8660254037844385,-0.5000000000000004,0.9749279121818236,-0.22252093395631434,0,0,0,,,,,,,,,2488386.71,1932711.49
2023-08-10,,,Test,2023,8,10,3,0,3,0,0,-0.8660254037844385,-0.5000000000000004,0.43388373911755823,-0.900968867902419,0,0,0,,,,,,,,,2963483.62,2399743.47
2023-08-11,,,Test,2023,8,11,4,0,3,0,0,-0.8660254037844385,-0.5000000000000004,-0.433883739117558,-0.9009688679024191,0,0,0,,,,,,,,,3674343.1,3109434.98
2023-08-12,,,Test,2023,8,12,5,1,3,0,0,-0.8660254037844385,-0.5000000000000004,-0.9749279121818236,-0.2225209339563146,0,0,0,,,,,,,,,2787707.25,2241846.4
2023-08-13,,,Test,2023,8,13,6,1,3,0,0,-0.8660254037844385,-0.5000000000000004,-0.7818314824680299,0.6234898018587334,0,0,0,,,,,,,,,1789226.45,1446390.99
2023-08-14,,,Test,2023,8,14,0,0,3,0,0,-0.8660254037844385,-0.5000000000000004,0.0,1.0,0,0,0,,,,,,,,,2557373.24,2109123.95
2023-08-15,,,Test,2023,8,15,1,0,3,0,0,-0.8660254037844385,-0.5000000000000004,0.7818314824680298,0.6234898018587336,0,0,0,,,,,,,,,3869248.63,3309171.5
2023-08-16,,,Test,2023,8,16,2,0,3,0,0,-0.8660254037844385,-0.5000000000000004,0.9749279121818236,-0.22252093395631434,0,0,0,,,,,,,,,3139997.28,2622848.5
2023-08-17,,,Test,2023,8,17,3,0,3,0,0,-0.8660254037844385,-0.5000000000000004,0.43388373911755823,-0.900968867902419,0,0,0,,,,,,,,,3480892.06,2948849.64
2023-08-18,,,Test,2023,8,18,4,0,3,0,0,-0.8660254037844385,-0.5000000000000004,-0.433883739117558,-0.9009688679024191,0,0,0,,,,,,,,,4171974.77,3471070.42
2023-08-19,,,Test,2023,8,19,5,1,3,0,0,-0.8660254037844385,-0.5000000000000004,-0.9749279121818236,-0.2225209339563146,0,0,0,,,,,,,,,2011108.63,1643391.76
2023-08-20,,,Test,2023,8,20,6,1,3,0,0,-0.8660254037844385,-0.5000000000000004,-0.7818314824680299,0.6234898018587334,0,0,0,,,,,,,,,2479005.37,2092133.98
2023-08-21,,,Test,2023,8,21,0,0,3,0,0,-0.8660254037844385,-0.5000000000000004,0.0,1.0,0,0,0,,,,,,,,,2235990.02,1905397.24
2023-08-22,,,Test,2023,8,22,1,0,3,0,0,-0.8660254037844385,-0.5000000000000004,0.7818314824680298,0.6234898018587336,0,0,0,,,,,,,,,3743695.22,3095599.8
2023-08-23,,,Test,2023,8,23,2,0,3,0,0,-0.8660254037844385,-0.5000000000000004,0.9749279121818236,-0.22252093395631434,0,0,0,,,,,,,,,2422220.1,1951701.71
2023-08-24,,,Test,2023,8,24,3,0,3,0,0,-0.8660254037844385,-0.5000000000000004,0.43388373911755823,-0.900968867902419,0,0,0,,,,,,,,,3292983.26,2679505.93
2023-08-25,,,Test,2023,8,25,4,0,3,0,0,-0.8660254037844385,-0.5000000000000004,-0.433883739117558,-0.9009688679024191,0,0,0,,,,,,,,,3512475.16,2996327.54
2023-08-26,,,Test,2023,8,26,5,1,3,0,0,-0.8660254037844385,-0.5000000000000004,-0.9749279121818236,-0.2225209339563146,0,0,0,,,,,,,,,3544046.7,2980867.4
2023-08-27,,,Test,2023,8,27,6,1,3,0,0,-0.8660254037844385,-0.5000000000000004,-0.7818314824680299,0.6234898018587334,0,0,0,,,,,,,,,2367664.33,1897436.06
2023-08-28,,,Test,2023,8,28,0,0,3,0,0,-0.8660254037844385,-0.5000000000000004,0.0,1.0,0,0,0,,,,,,,,,7051722.27,5879145.36
2023-08-29,,,Test,2023,8,29,1,0,3,0,0,-0.8660254037844385,-0.5000000000000004,0.7818314824680298,0.6234898018587336,0,0,0,,,,,,,,,7928796.83,6503005.43
2023-08-30,,,Test,2023,8,30,2,0,3,0,0,-0.8660254037844385,-0.5000000000000004,0.9749279121818236,-0.22252093395631434,0,0,0,,,,,,,,,6574345.89,5482415.72
2023-08-31,,,Test,2023,8,31,3,0,3,0,1,-0.8660254037844385,-0.5000000000000004,0.43388373911755823,-0.900968867902419,0,0,0,,,,,,,,,7627532.44,6341793.09
2023-09-01,,,Test,2023,9,1,4,0,3,1,0,-1.0,-1.8369701987210297e-16,-0.433883739117558,-0.9009688679024191,0,0,0,,,,,,,,,6284732.49,5155753.38
2023-09-02,,,Test,2023,9,2,5,1,3,0,0,-1.0,-1.8369701987210297e-16,-0.9749279121818236,-0.2225209339563146,1,0,0,,,,,,,,,1902817.9,1746845.19
2023-09-03,,,Test,2023,9,3,6,1,3,0,0,-1.0,-1.8369701987210297e-16,-0.7818314824680299,0.6234898018587334,0,0,0,,,,,,,,,1443083.36,1319555.66
2023-09-04,,,Test,2023,9,4,0,0,3,0,0,-1.0,-1.8369701987210297e-16,0.0,1.0,0,0,0,,,,,,,,,1814811.35,1668265.18
2023-09-05,,,Test,2023,9,5,1,0,3,0,0,-1.0,-1.8369701987210297e-16,0.7818314824680298,0.6234898018587336,0,0,0,,,,,,,,,2214621.47,2091481.45
2023-09-06,,,Test,2023,9,6,2,0,3,0,0,-1.0,-1.8369701987210297e-16,0.9749279121818236,-0.22252093395631434,0,0,0,,,,,,,,,1440405.44,1324005.11
2023-09-07,,,Test,2023,9,7,3,0,3,0,0,-1.0,-1.8369701987210297e-16,0.43388373911755823,-0.900968867902419,0,0,0,,,,,,,,,1890879.55,1717460.94
2023-09-08,,,Test,2023,9,8,4,0,3,0,0,-1.0,-1.8369701987210297e-16,-0.433883739117558,-0.9009688679024191,0,0,0,,,,,,,,,3137260.99,2854328.48
2023-09-09,,,Test,2023,9,9,5,1,3,0,0,-1.0,-1.8369701987210297e-16,-0.9749279121818236,-0.2225209339563146,0,0,0,,,,,,,,,1905843.43,1773901.8
2023-09-10,,,Test,2023,9,10,6,1,3,0,0,-1.0,-1.8369701987210297e-16,-0.7818314824680299,0.6234898018587334,0,0,0,,,,,,,,,3003150.84,2629180.97
2023-09-11,,,Test,2023,9,11,0,0,3,0,0,-1.0,-1.8369701987210297e-16,0.0,1.0,0,0,0,,,,,,,,,3574194.77,3355823.68
2023-09-12,,,Test,2023,9,12,1,0,3,0,0,-1.0,-1.8369701987210297e-16,0.7818314824680298,0.6234898018587336,0,0,0,,,,,,,,,3415849.51,3102681.39
2023-09-13,,,Test,2023,9,13,2,0,3,0,0,-1.0,-1.8369701987210297e-16,0.9749279121818236,-0.22252093395631434,0,0,0,,,,,,,,,2521208.91,2449598.89
2023-09-14,,,Test,2023,9,14,3,0,3,0,0,-1.0,-1.8369701987210297e-16,0.43388373911755823,-0.900968867902419,0,0,0,,,,,,,,,2125189.04,1992207.12
2023-09-15,,,Test,2023,9,15,4,0,3,0,0,-1.0,-1.8369701987210297e-16,-0.433883739117558,-0.9009688679024191,0,0,0,,,,,,,,,3154006.65,2833555.37
2023-09-16,,,Test,2023,9,16,5,1,3,0,0,-1.0,-1.8369701987210297e-16,-0.9749279121818236,-0.2225209339563146,0,0,0,,,,,,,,,2557894.76,2402816.85
2023-09-17,,,Test,2023,9,17,6,1,3,0,0,-1.0,-1.8369701987210297e-16,-0.7818314824680299,0.6234898018587334,0,0,0,,,,,,,,,1810510.0,1735920.18
2023-09-18,,,Test,2023,9,18,0,0,3,0,0,-1.0,-1.8369701987210297e-16,0.0,1.0,0,0,0,,,,,,,,,2355578.71,2098692.33
2023-09-19,,,Test,2023,9,19,1,0,3,0,0,-1.0,-1.8369701987210297e-16,0.7818314824680298,0.6234898018587336,0,0,0,,,,,,,,,2832515.44,2618684.64
2023-09-20,,,Test,2023,9,20,2,0,3,0,0,-1.0,-1.8369701987210297e-16,0.9749279121818236,-0.22252093395631434,0,0,0,,,,,,,,,1813002.77,1685796.46
2023-09-21,,,Test,2023,9,21,3,0,3,0,0,-1.0,-1.8369701987210297e-16,0.43388373911755823,-0.900968867902419,0,0,0,,,,,,,,,2262085.02,2156585.58
2023-09-22,,,Test,2023,9,22,4,0,3,0,0,-1.0,-1.8369701987210297e-16,-0.433883739117558,-0.9009688679024191,0,0,0,,,,,,,,,3106149.95,2910964.29
2023-09-23,,,Test,2023,9,23,5,1,3,0,0,-1.0,-1.8369701987210297e-16,-0.9749279121818236,-0.2225209339563146,0,0,0,,,,,,,,,2634119.24,2453809.45
2023-09-24,,,Test,2023,9,24,6,1,3,0,0,-1.0,-1.8369701987210297e-16,-0.7818314824680299,0.6234898018587334,0,0,0,,,,,,,,,2896411.14,2694695.72
2023-09-25,,,Test,2023,9,25,0,0,3,0,0,-1.0,-1.8369701987210297e-16,0.0,1.0,0,0,0,,,,,,,,,3041369.47,2753150.12
2023-09-26,,,Test,2023,9,26,1,0,3,0,0,-1.0,-1.8369701987210297e-16,0.7818314824680298,0.6234898018587336,0,0,0,,,,,,,,,5205389.57,4849044.63
2023-09-27,,,Test,2023,9,27,2,0,3,0,0,-1.0,-1.8369701987210297e-16,0.9749279121818236,-0.22252093395631434,0,0,0,,,,,,,,,4259834.95,3803492.23
2023-09-28,,,Test,2023,9,28,3,0,3,0,0,-1.0,-1.8369701987210297e-16,0.43388373911755823,-0.900968867902419,0,0,0,,,,,,,,,4257301.76,3860995.61
2023-09-29,,,Test,2023,9,29,4,0,3,0,0,-1.0,-1.8369701987210297e-16,-0.433883739117558,-0.9009688679024191,0,0,0,,,,,,,,,4352754.23,4023586.93
2023-09-30,,,Test,2023,9,30,5,1,3,0,1,-1.0,-1.8369701987210297e-16,-0.9749279121818236,-0.2225209339563146,0,0,0,,,,,,,,,2551313.88,2332362.64
2023-10-01,,,Test,2023,10,1,6,1,4,1,0,-0.8660254037844386,0.5000000000000001,-0.7818314824680299,0.6234898018587334,0,0,0,,,,,,,,,1469771.93,1293984.1
2023-10-02,,,Test,2023,10,2,0,0,4,0,0,-0.8660254037844386,0.5000000000000001,0.0,1.0,0,0,0,,,,,,,,,1289798.82,1015484.47
2023-10-03,,,Test,2023,10,3,1,0,4,0,0,-0.8660254037844386,0.5000000000000001,0.7818314824680298,0.6234898018587336,0,0,0,,,,,,,,,2179072.88,1799910.69
2023-10-04,,,Test,2023,10,4,2,0,4,0,0,-0.8660254037844386,0.5000000000000001,0.9749279121818236,-0.22252093395631434,0,0,0,,,,,,,,,2751920.12,2302490.12
2023-10-05,,,Test,2023,10,5,3,0,4,0,0,-0.8660254037844386,0.5000000000000001,0.43388373911755823,-0.900968867902419,0,0,0,,,,,,,,,1527341.84,1209546.76
2023-10-06,,,Test,2023,10,6,4,0,4,0,0,-0.8660254037844386,0.5000000000000001,-0.433883739117558,-0.9009688679024191,0,0,0,,,,,,,,,2026518.43,1678609.18
2023-10-07,,,Test,2023,10,7,5,1,4,0,0,-0.8660254037844386,0.5000000000000001,-0.9749279121818236,-0.2225209339563146,0,0,0,,,,,,,,,1406363.3,1112130.94
2023-10-08,,,Test,2023,10,8,6,1,4,0,0,-0.8660254037844386,0.5000000000000001,-0.7818314824680299,0.6234898018587334,0,0,0,,,,,,,,,2137543.63,1805932.34
2023-10-09,,,Test,2023,10,9,0,0,4,0,0,-0.8660254037844386,0.5000000000000001,0.0,1.0,0,0,0,,,,,,,,,1805775.79,1488842.7
2023-10-10,,,Test,2023,10,10,1,0,4,0,0,-0.8660254037844386,0.5000000000000001,0.7818314824680298,0.6234898018587336,0,0,0,,,,,,,,,2356440.12,1975941.69
2023-10-11,,,Test,2023,10,11,2,0,4,0,0,-0.8660254037844386,0.5000000000000001,0.9749279121818236,-0.22252093395631434,0,0,0,,,,,,,,,2270162.6,1955651.17
2023-10-12,,,Test,2023,10,12,3,0,4,0,0,-0.8660254037844386,0.5000000000000001,0.43388373911755823,-0.900968867902419,0,0,0,,,,,,,,,1976207.14,1617749.24
2023-10-13,,,Test,2023,10,13,4,0,4,0,0,-0.8660254037844386,0.5000000000000001,-0.433883739117558,-0.9009688679024191,0,0,0,,,,,,,,,2430819.33,1940628.06
2023-10-14,,,Test,2023,10,14,5,1,4,0,0,-0.8660254037844386,0.5000000000000001,-0.9749279121818236,-0.2225209339563146,0,0,0,,,,,,,,,1927818.67,1586067.15
2023-10-15,,,Test,2023,10,15,6,1,4,0,0,-0.8660254037844386,0.5000000000000001,-0.7818314824680299,0.6234898018587334,0,0,0,,,,,,,,,1986495.19,1576156.75
2023-10-16,,,Test,2023,10,16,0,0,4,0,0,-0.8660254037844386,0.5000000000000001,0.0,1.0,0,0,0,,,,,,,,,1897952.11,1655869.65
2023-10-17,,,Test,2023,10,17,1,0,4,0,0,-0.8660254037844386,0.5000000000000001,0.7818314824680298,0.6234898018587336,0,0,0,,,,,,,,,2507328.8,2119354.36
2023-10-18,,,Test,2023,10,18,2,0,4,0,0,-0.8660254037844386,0.5000000000000001,0.9749279121818236,-0.22252093395631434,0,0,0,,,,,,,,,3170696.65,2645141.42
2023-10-19,,,Test,2023,10,19,3,0,4,0,0,-0.8660254037844386,0.5000000000000001,0.43388373911755823,-0.900968867902419,0,0,0,,,,,,,,,2324314.45,1931007.25
2023-10-20,,,Test,2023,10,20,4,0,4,0,0,-0.8660254037844386,0.5000000000000001,-0.433883739117558,-0.9009688679024191,0,0,0,,,,,,,,,2591151.06,2095872.66
2023-10-21,,,Test,2023,10,21,5,1,4,0,0,-0.8660254037844386,0.5000000000000001,-0.9749279121818236,-0.2225209339563146,0,0,0,,,,,,,,,2662328.56,2201489.2
2023-10-22,,,Test,2023,10,22,6,1,4,0,0,-0.8660254037844386,0.5000000000000001,-0.7818314824680299,0.6234898018587334,0,0,0,,,,,,,,,2407124.47,1949055.98
2023-10-23,,,Test,2023,10,23,0,0,4,0,0,-0.8660254037844386,0.5000000000000001,0.0,1.0,0,0,0,,,,,,,,,1971627.46,1628494.03
2023-10-24,,,Test,2023,10,24,1,0,4,0,0,-0.8660254037844386,0.5000000000000001,0.7818314824680298,0.6234898018587336,0,0,0,,,,,,,,,2678456.17,2245907.36
2023-10-25,,,Test,2023,10,25,2,0,4,0,0,-0.8660254037844386,0.5000000000000001,0.9749279121818236,-0.22252093395631434,0,0,0,,,,,,,,,3003375.87,2373976.27
2023-10-26,,,Test,2023,10,26,3,0,4,0,0,-0.8660254037844386,0.5000000000000001,0.43388373911755823,-0.900968867902419,0,0,0,,,,,,,,,2345490.55,1902512.75
2023-10-27,,,Test,2023,10,27,4,0,4,0,0,-0.8660254037844386,0.5000000000000001,-0.433883739117558,-0.9009688679024191,0,0,0,,,,,,,,,2493935.72,2087492.57
2023-10-28,,,Test,2023,10,28,5,1,4,0,0,-0.8660254037844386,0.5000000000000001,-0.9749279121818236,-0.2225209339563146,0,0,0,,,,,,,,,4210212.53,3513694.7
2023-10-29,,,Test,2023,10,29,6,1,4,0,0,-0.8660254037844386,0.5000000000000001,-0.7818314824680299,0.6234898018587334,0,0,0,,,,,,,,,3626939.26,2918150.87
2023-10-30,,,Test,2023,10,30,0,0,4,0,0,-0.8660254037844386,0.5000000000000001,0.0,1.0,0,0,0,,,,,,,,,3130677.4,2518990.77
2023-10-31,,,Test,2023,10,31,1,0,4,0,1,-0.8660254037844386,0.5000000000000001,0.7818314824680298,0.6234898018587336,0,0,0,,,,,,,,,4630791.46,3823758.6
2023-11-01,,,Test,2023,11,1,2,0,4,1,0,-0.5000000000000004,0.8660254037844384,0.9749279121818236,-0.22252093395631434,0,0,0,,,,,,,,,3025164.28,2504688.31
2023-11-02,,,Test,2023,11,2,3,0,4,0,0,-0.5000000000000004,0.8660254037844384,0.43388373911755823,-0.900968867902419,0,0,0,,,,,,,,,1338326.56,1136192.76
2023-11-03,,,Test,2023,11,3,4,0,4,0,0,-0.5000000000000004,0.8660254037844384,-0.433883739117558,-0.9009688679024191,0,0,0,,,,,,,,,1253721.23,994106.82
2023-11-04,,,Test,2023,11,4,5,1,4,0,0,-0.5000000000000004,0.8660254037844384,-0.9749279121818236,-0.2225209339563146,0,0,0,,,,,,,,,1065066.0,908402.36
2023-11-05,,,Test,2023,11,5,6,1,4,0,0,-0.5000000000000004,0.8660254037844384,-0.7818314824680299,0.6234898018587334,0,0,0,,,,,,,,,1826120.07,1592683.79
2023-11-06,,,Test,2023,11,6,0,0,4,0,0,-0.5000000000000004,0.8660254037844384,0.0,1.0,0,0,0,,,,,,,,,2207719.98,1750011.7
2023-11-07,,,Test,2023,11,7,1,0,4,0,0,-0.5000000000000004,0.8660254037844384,0.7818314824680298,0.6234898018587336,0,0,0,,,,,,,,,1655852.99,1340974.43
2023-11-08,,,Test,2023,11,8,2,0,4,0,0,-0.5000000000000004,0.8660254037844384,0.9749279121818236,-0.22252093395631434,0,0,0,,,,,,,,,1781413.12,1480654.53
2023-11-09,,,Test,2023,11,9,3,0,4,0,0,-0.5000000000000004,0.8660254037844384,0.43388373911755823,-0.900968867902419,0,0,0,,,,,,,,,845358.47,699535.31
2023-11-10,,,Test,2023,11,10,4,0,4,0,0,-0.5000000000000004,0.8660254037844384,-0.433883739117558,-0.9009688679024191,0,0,0,,,,,,,,,2079598.87,1694276.76
2023-11-11,,,Test,2023,11,11,5,1,4,0,0,-0.5000000000000004,0.8660254037844384,-0.9749279121818236,-0.2225209339563146,0,0,0,,,,,,,,,1581745.15,1307363.48
2023-11-12,,,Test,2023,11,12,6,1,4,0,0,-0.5000000000000004,0.8660254037844384,-0.7818314824680299,0.6234898018587334,0,0,0,,,,,,,,,1354235.95,1091940.76
2023-11-13,,,Test,2023,11,13,0,0,4,0,0,-0.5000000000000004,0.8660254037844384,0.0,1.0,0,0,0,,,,,,,,,2903552.41,2399414.44
2023-11-14,,,Test,2023,11,14,1,0,4,0,0,-0.5000000000000004,0.8660254037844384,0.7818314824680298,0.6234898018587336,0,0,0,,,,,,,,,1656739.7,1428653.75
2023-11-15,,,Test,2023,11,15,2,0,4,0,0,-0.5000000000000004,0.8660254037844384,0.9749279121818236,-0.22252093395631434,0,0,0,,,,,,,,,1547150.37,1239694.48
2023-11-16,,,Test,2023,11,16,3,0,4,0,0,-0.5000000000000004,0.8660254037844384,0.43388373911755823,-0.900968867902419,0,0,0,,,,,,,,,1436853.58,1152791.3
2023-11-17,,,Test,2023,11,17,4,0,4,0,0,-0.5000000000000004,0.8660254037844384,-0.433883739117558,-0.9009688679024191,0,0,0,,,,,,,,,1542318.91,1326508.48
2023-11-18,,,Test,2023,11,18,5,1,4,0,0,-0.5000000000000004,0.8660254037844384,-0.9749279121818236,-0.2225209339563146,0,0,0,,,,,,,,,2067584.69,1767319.2
2023-11-19,,,Test,2023,11,19,6,1,4,0,0,-0.5000000000000004,0.8660254037844384,-0.7818314824680299,0.6234898018587334,0,0,0,,,,,,,,,1496563.56,1377725.1
2023-11-20,,,Test,2023,11,20,0,0,4,0,0,-0.5000000000000004,0.8660254037844384,0.0,1.0,0,0,0,,,,,,,,,1857748.24,1631718.89
2023-11-21,,,Test,2023,11,21,1,0,4,0,0,-0.5000000000000004,0.8660254037844384,0.7818314824680298,0.6234898018587336,0,0,0,,,,,,,,,1349907.06,1276634.29
2023-11-22,,,Test,2023,11,22,2,0,4,0,0,-0.5000000000000004,0.8660254037844384,0.9749279121818236,-0.22252093395631434,0,0,0,,,,,,,,,853188.02,904694.78
2023-11-23,,,Test,2023,11,23,3,0,4,0,0,-0.5000000000000004,0.8660254037844384,0.43388373911755823,-0.900968867902419,0,0,0,,,,,,,,,1060969.69,1157743.64
2023-11-24,,,Test,2023,11,24,4,0,4,0,0,-0.5000000000000004,0.8660254037844384,-0.433883739117558,-0.9009688679024191,0,0,0,,,,,,,,,1729664.2,1775190.25
2023-11-25,,,Test,2023,11,25,5,1,4,0,0,-0.5000000000000004,0.8660254037844384,-0.9749279121818236,-0.2225209339563146,0,0,0,,,,,,,,,1527923.9,1576795.62
2023-11-26,,,Test,2023,11,26,6,1,4,0,0,-0.5000000000000004,0.8660254037844384,-0.7818314824680299,0.6234898018587334,0,0,0,,,,,,,,,2035639.78,2105948.81
2023-11-27,,,Test,2023,11,27,0,0,4,0,0,-0.5000000000000004,0.8660254037844384,0.0,1.0,0,0,0,,,,,,,,,3138619.13,3283279.48
2023-11-28,,,Test,2023,11,28,1,0,4,0,0,-0.5000000000000004,0.8660254037844384,0.7818314824680298,0.6234898018587336,0,0,0,,,,,,,,,2104917.42,2152332.4
2023-11-29,,,Test,2023,11,29,2,0,4,0,0,-0.5000000000000004,0.8660254037844384,0.9749279121818236,-0.22252093395631434,0,0,0,,,,,,,,,2558728.79,2694391.19
2023-11-30,,,Test,2023,11,30,3,0,4,0,1,-0.5000000000000004,0.8660254037844384,0.43388373911755823,-0.900968867902419,0,0,0,,,,,,,,,1317689.52,1346354.39
2023-12-01,,,Test,2023,12,1,4,0,4,1,0,-2.4492935982947064e-16,1.0,-0.433883739117558,-0.9009688679024191,0,0,0,,,,,,,,,1668445.9,1683082.9
2023-12-02,,,Test,2023,12,2,5,1,4,0,0,-2.4492935982947064e-16,1.0,-0.9749279121818236,-0.2225209339563146,0,0,0,,,,,,,,,720381.04,726739.78
2023-12-03,,,Test,2023,12,3,6,1,4,0,0,-2.4492935982947064e-16,1.0,-0.7818314824680299,0.6234898018587334,0,0,0,,,,,,,,,753704.17,751384.0
2023-12-04,,,Test,2023,12,4,0,0,4,0,0,-2.4492935982947064e-16,1.0,0.0,1.0,0,0,0,,,,,,,,,664409.51,678890.04
2023-12-05,,,Test,2023,12,5,1,0,4,0,0,-2.4492935982947064e-16,1.0,0.7818314824680298,0.6234898018587336,0,0,0,,,,,,,,,1607335.1,1688255.85
2023-12-06,,,Test,2023,12,6,2,0,4,0,0,-2.4492935982947064e-16,1.0,0.9749279121818236,-0.22252093395631434,0,0,0,,,,,,,,,1436188.44,1460346.38
2023-12-07,,,Test,2023,12,7,3,0,4,0,0,-2.4492935982947064e-16,1.0,0.43388373911755823,-0.900968867902419,0,0,0,,,,,,,,,760218.13,731672.82
2023-12-08,,,Test,2023,12,8,4,0,4,0,0,-2.4492935982947064e-16,1.0,-0.433883739117558,-0.9009688679024191,0,0,0,,,,,,,,,818209.67,832757.07
2023-12-09,,,Test,2023,12,9,5,1,4,0,0,-2.4492935982947064e-16,1.0,-0.9749279121818236,-0.2225209339563146,0,0,0,,,,,,,,,1323267.85,1366777.35
2023-12-10,,,Test,2023,12,10,6,1,4,0,0,-2.4492935982947064e-16,1.0,-0.7818314824680299,0.6234898018587334,0,0,0,,,,,,,,,1598936.84,1616981.65
2023-12-11,,,Test,2023,12,11,0,0,4,0,0,-2.4492935982947064e-16,1.0,0.0,1.0,0,0,0,,,,,,,,,1420910.74,1526398.5
2023-12-12,,,Test,2023,12,12,1,0,4,0,0,-2.4492935982947064e-16,1.0,0.7818314824680298,0.6234898018587336,0,0,0,,,,,,,,,1983085.06,2071778.79
2023-12-13,,,Test,2023,12,13,2,0,4,0,0,-2.4492935982947064e-16,1.0,0.9749279121818236,-0.22252093395631434,0,0,0,,,,,,,,,1652309.19,1687562.98
2023-12-14,,,Test,2023,12,14,3,0,4,0,0,-2.4492935982947064e-16,1.0,0.43388373911755823,-0.900968867902419,0,0,0,,,,,,,,,1662243.59,1688191.22
2023-12-15,,,Test,2023,12,15,4,0,4,0,0,-2.4492935982947064e-16,1.0,-0.433883739117558,-0.9009688679024191,0,0,0,,,,,,,,,1494318.64,1554407.68
2023-12-16,,,Test,2023,12,16,5,1,4,0,0,-2.4492935982947064e-16,1.0,-0.9749279121818236,-0.2225209339563146,0,0,0,,,,,,,,,1482192.97,1521540.05
2023-12-17,,,Test,2023,12,17,6,1,4,0,0,-2.4492935982947064e-16,1.0,-0.7818314824680299,0.6234898018587334,0,0,0,,,,,,,,,1302193.74,1321522.92
2023-12-18,,,Test,2023,12,18,0,0,4,0,0,-2.4492935982947064e-16,1.0,0.0,1.0,0,0,0,,,,,,,,,2201374.59,2308997.06
2023-12-19,,,Test,2023,12,19,1,0,4,0,0,-2.4492935982947064e-16,1.0,0.7818314824680298,0.6234898018587336,0,0,0,,,,,,,,,2250767.39,2245767.23
2023-12-20,,,Test,2023,12,20,2,0,4,0,0,-2.4492935982947064e-16,1.0,0.9749279121818236,-0.22252093395631434,0,0,0,,,,,,,,,2026810.08,2053084.16
2023-12-21,,,Test,2023,12,21,3,0,4,0,0,-2.4492935982947064e-16,1.0,0.43388373911755823,-0.900968867902419,0,0,0,,,,,,,,,1795395.02,1806884.57
2023-12-22,,,Test,2023,12,22,4,0,4,0,0,-2.4492935982947064e-16,1.0,-0.433883739117558,-0.9009688679024191,0,0,0,,,,,,,,,1791622.46,1773829.08
2023-12-23,,,Test,2023,12,23,5,1,4,0,0,-2.4492935982947064e-16,1.0,-0.9749279121818236,-0.2225209339563146,0,0,0,,,,,,,,,1501209.11,1499234.75
2023-12-24,,,Test,2023,12,24,6,1,4,0,0,-2.4492935982947064e-16,1.0,-0.7818314824680299,0.6234898018587334,0,0,0,,,,,,,,,1390870.89,1401661.67
2023-12-25,,,Test,2023,12,25,0,0,4,0,0,-2.4492935982947064e-16,1.0,0.0,1.0,0,0,0,,,,,,,,,1136772.53,1160100.63
2023-12-26,,,Test,2023,12,26,1,0,4,0,0,-2.4492935982947064e-16,1.0,0.7818314824680298,0.6234898018587336,0,0,0,,,,,,,,,2110830.12,2160963.69
2023-12-27,,,Test,2023,12,27,2,0,4,0,0,-2.4492935982947064e-16,1.0,0.9749279121818236,-0.22252093395631434,0,0,0,,,,,,,,,2100553.66,2184872.24
2023-12-28,,,Test,2023,12,28,3,0,4,0,0,-2.4492935982947064e-16,1.0,0.43388373911755823,-0.900968867902419,0,0,0,,,,,,,,,3448729.2,3513621.0
2023-12-29,,,Test,2023,12,29,4,0,4,0,0,-2.4492935982947064e-16,1.0,-0.433883739117558,-0.9009688679024191,0,0,0,,,,,,,,,3083944.33,3170787.1
2023-12-30,,,Test,2023,12,30,5,1,4,0,0,-2.4492935982947064e-16,1.0,-0.9749279121818236,-0.2225209339563146,0,0,0,,,,,,,,,2884668.76,3022292.15
2023-12-31,,,Test,2023,12,31,6,1,4,0,1,-2.4492935982947064e-16,1.0,-0.7818314824680299,0.6234898018587334,0,0,0,,,,,,,,,2383037.48,2279288.13
2024-01-01,,,Test,2024,1,1,0,0,1,1,0,0.49999999999999994,0.8660254037844387,0.0,1.0,1,0,0,,,,,,,,,,
2024-01-02,,,Test,2024,1,2,1,0,1,0,0,0.49999999999999994,0.8660254037844387,0.7818314824680298,0.6234898018587336,0,0,0,,,,,,,,,,
2024-01-03,,,Test,2024,1,3,2,0,1,0,0,0.49999999999999994,0.8660254037844387,0.9749279121818236,-0.22252093395631434,0,0,0,,,,,,,,,,
2024-01-04,,,Test,2024,1,4,3,0,1,0,0,0.49999999999999994,0.8660254037844387,0.43388373911755823,-0.900968867902419,0,0,0,,,,,,,,,,
2024-01-05,,,Test,2024,1,5,4,0,1,0,0,0.49999999999999994,0.8660254037844387,-0.433883739117558,-0.9009688679024191,0,0,0,,,,,,,,,,
2024-01-06,,,Test,2024,1,6,5,1,1,0,0,0.49999999999999994,0.8660254037844387,-0.9749279121818236,-0.2225209339563146,0,0,0,,,,,,,,,,
2024-01-07,,,Test,2024,1,7,6,1,1,0,0,0.49999999999999994,0.8660254037844387,-0.7818314824680299,0.6234898018587334,0,0,0,,,,,,,,,,
2024-01-08,,,Test,2024,1,8,0,0,1,0,0,0.49999999999999994,0.8660254037844387,0.0,1.0,0,0,0,,,,,,,,,,
2024-01-09,,,Test,2024,1,9,1,0,1,0,0,0.49999999999999994,0.8660254037844387,0.7818314824680298,0.6234898018587336,0,0,0,,,,,,,,,,
2024-01-10,,,Test,2024,1,10,2,0,1,0,0,0.49999999999999994,0.8660254037844387,0.9749279121818236,-0.22252093395631434,0,0,0,,,,,,,,,,
2024-01-11,,,Test,2024,1,11,3,0,1,0,0,0.49999999999999994,0.8660254037844387,0.43388373911755823,-0.900968867902419,0,0,0,,,,,,,,,,
2024-01-12,,,Test,2024,1,12,4,0,1,0,0,0.49999999999999994,0.8660254037844387,-0.433883739117558,-0.9009688679024191,0,0,0,,,,,,,,,,
2024-01-13,,,Test,2024,1,13,5,1,1,0,0,0.49999999999999994,0.8660254037844387,-0.9749279121818236,-0.2225209339563146,0,0,0,,,,,,,,,,
2024-01-14,,,Test,2024,1,14,6,1,1,0,0,0.49999999999999994,0.8660254037844387,-0.7818314824680299,0.6234898018587334,0,0,0,,,,,,,,,,
2024-01-15,,,Test,2024,1,15,0,0,1,0,0,0.49999999999999994,0.8660254037844387,0.0,1.0,0,0,0,,,,,,,,,,
2024-01-16,,,Test,2024,1,16,1,0,1,0,0,0.49999999999999994,0.8660254037844387,0.7818314824680298,0.6234898018587336,0,0,0,,,,,,,,,,
2024-01-17,,,Test,2024,1,17,2,0,1,0,0,0.49999999999999994,0.8660254037844387,0.9749279121818236,-0.22252093395631434,0,0,0,,,,,,,,,,
2024-01-18,,,Test,2024,1,18,3,0,1,0,0,0.49999999999999994,0.8660254037844387,0.43388373911755823,-0.900968867902419,0,0,0,,,,,,,,,,
2024-01-19,,,Test,2024,1,19,4,0,1,0,0,0.49999999999999994,0.8660254037844387,-0.433883739117558,-0.9009688679024191,0,0,0,,,,,,,,,,
2024-01-20,,,Test,2024,1,20,5,1,1,0,0,0.49999999999999994,0.8660254037844387,-0.9749279121818236,-0.2225209339563146,0,0,0,,,,,,,,,,
2024-01-21,,,Test,2024,1,21,6,1,1,0,0,0.49999999999999994,0.8660254037844387,-0.7818314824680299,0.6234898018587334,0,0,0,,,,,,,,,,
2024-01-22,,,Test,2024,1,22,0,0,1,0,0,0.49999999999999994,0.8660254037844387,0.0,1.0,0,0,0,,,,,,,,,,
2024-01-23,,,Test,2024,1,23,1,0,1,0,0,0.49999999999999994,0.8660254037844387,0.7818314824680298,0.6234898018587336,0,0,0,,,,,,,,,,
2024-01-24,,,Test,2024,1,24,2,0,1,0,0,0.49999999999999994,0.8660254037844387,0.9749279121818236,-0.22252093395631434,0,0,0,,,,,,,,,,
2024-01-25,,,Test,2024,1,25,3,0,1,0,0,0.49999999999999994,0.8660254037844387,0.43388373911755823,-0.900968867902419,0,0,0,,,,,,,,,,
2024-01-26,,,Test,2024,1,26,4,0,1,0,0,0.49999999999999994,0.8660254037844387,-0.433883739117558,-0.9009688679024191,0,0,0,,,,,,,,,,
2024-01-27,,,Test,2024,1,27,5,1,1,0,0,0.49999999999999994,0.8660254037844387,-0.9749279121818236,-0.2225209339563146,0,0,0,,,,,,,,,,
2024-01-28,,,Test,2024,1,28,6,1,1,0,0,0.49999999999999994,0.8660254037844387,-0.7818314824680299,0.6234898018587334,0,0,0,,,,,,,,,,
2024-01-29,,,Test,2024,1,29,0,0,1,0,0,0.49999999999999994,0.8660254037844387,0.0,1.0,0,0,0,,,,,,,,,,
2024-01-30,,,Test,2024,1,30,1,0,1,0,0,0.49999999999999994,0.8660254037844387,0.7818314824680298,0.6234898018587336,0,0,0,,,,,,,,,,
2024-01-31,,,Test,2024,1,31,2,0,1,0,1,0.49999999999999994,0.8660254037844387,0.9749279121818236,-0.22252093395631434,0,0,0,,,,,,,,,,
2024-02-01,,,Test,2024,2,1,3,0,1,1,0,0.8660254037844386,0.5000000000000001,0.43388373911755823,-0.900968867902419,0,0,0,,,,,,,,,,
2024-02-02,,,Test,2024,2,2,4,0,1,0,0,0.8660254037844386,0.5000000000000001,-0.433883739117558,-0.9009688679024191,0,0,0,,,,,,,,,,
2024-02-03,,,Test,2024,2,3,5,1,1,0,0,0.8660254037844386,0.5000000000000001,-0.9749279121818236,-0.2225209339563146,0,0,0,,,,,,,,,,
2024-02-04,,,Test,2024,2,4,6,1,1,0,0,0.8660254037844386,0.5000000000000001,-0.7818314824680299,0.6234898018587334,0,0,0,,,,,,,,,,
2024-02-05,,,Test,2024,2,5,0,0,1,0,0,0.8660254037844386,0.5000000000000001,0.0,1.0,0,0,0,,,,,,,,,,
2024-02-06,,,Test,2024,2,6,1,0,1,0,0,0.8660254037844386,0.5000000000000001,0.7818314824680298,0.6234898018587336,0,0,0,,,,,,,,,,
2024-02-07,,,Test,2024,2,7,2,0,1,0,0,0.8660254037844386,0.5000000000000001,0.9749279121818236,-0.22252093395631434,0,0,0,,,,,,,,,,
2024-02-08,,,Test,2024,2,8,3,0,1,0,0,0.8660254037844386,0.5000000000000001,0.43388373911755823,-0.900968867902419,0,0,0,,,,,,,,,,
2024-02-09,,,Test,2024,2,9,4,0,1,0,0,0.8660254037844386,0.5000000000000001,-0.433883739117558,-0.9009688679024191,0,1,0,,,,,,,,,,
2024-02-10,,,Test,2024,2,10,5,1,1,0,0,0.8660254037844386,0.5000000000000001,-0.9749279121818236,-0.2225209339563146,0,1,0,,,,,,,,,,
2024-02-11,,,Test,2024,2,11,6,1,1,0,0,0.8660254037844386,0.5000000000000001,-0.7818314824680299,0.6234898018587334,0,1,0,,,,,,,,,,
2024-02-12,,,Test,2024,2,12,0,0,1,0,0,0.8660254037844386,0.5000000000000001,0.0,1.0,0,0,0,,,,,,,,,,
2024-02-13,,,Test,2024,2,13,1,0,1,0,0,0.8660254037844386,0.5000000000000001,0.7818314824680298,0.6234898018587336,0,0,0,,,,,,,,,,
2024-02-14,,,Test,2024,2,14,2,0,1,0,0,0.8660254037844386,0.5000000000000001,0.9749279121818236,-0.22252093395631434,0,0,0,,,,,,,,,,
2024-02-15,,,Test,2024,2,15,3,0,1,0,0,0.8660254037844386,0.5000000000000001,0.43388373911755823,-0.900968867902419,0,0,0,,,,,,,,,,
2024-02-16,,,Test,2024,2,16,4,0,1,0,0,0.8660254037844386,0.5000000000000001,-0.433883739117558,-0.9009688679024191,0,0,0,,,,,,,,,,
2024-02-17,,,Test,2024,2,17,5,1,1,0,0,0.8660254037844386,0.5000000000000001,-0.9749279121818236,-0.2225209339563146,0,0,0,,,,,,,,,,
2024-02-18,,,Test,2024,2,18,6,1,1,0,0,0.8660254037844386,0.5000000000000001,-0.7818314824680299,0.6234898018587334,0,0,0,,,,,,,,,,
2024-02-19,,,Test,2024,2,19,0,0,1,0,0,0.8660254037844386,0.5000000000000001,0.0,1.0,0,0,0,,,,,,,,,,
2024-02-20,,,Test,2024,2,20,1,0,1,0,0,0.8660254037844386,0.5000000000000001,0.7818314824680298,0.6234898018587336,0,0,0,,,,,,,,,,
2024-02-21,,,Test,2024,2,21,2,0,1,0,0,0.8660254037844386,0.5000000000000001,0.9749279121818236,-0.22252093395631434,0,0,0,,,,,,,,,,
2024-02-22,,,Test,2024,2,22,3,0,1,0,0,0.8660254037844386,0.5000000000000001,0.43388373911755823,-0.900968867902419,0,0,0,,,,,,,,,,
2024-02-23,,,Test,2024,2,23,4,0,1,0,0,0.8660254037844386,0.5000000000000001,-0.433883739117558,-0.9009688679024191,0,0,0,,,,,,,,,,
2024-02-24,,,Test,2024,2,24,5,1,1,0,0,0.8660254037844386,0.5000000000000001,-0.9749279121818236,-0.2225209339563146,0,0,0,,,,,,,,,,
2024-02-25,,,Test,2024,2,25,6,1,1,0,0,0.8660254037844386,0.5000000000000001,-0.7818314824680299,0.6234898018587334,0,0,0,,,,,,,,,,
2024-02-26,,,Test,2024,2,26,0,0,1,0,0,0.8660254037844386,0.5000000000000001,0.0,1.0,0,0,0,,,,,,,,,,
2024-02-27,,,Test,2024,2,27,1,0,1,0,0,0.8660254037844386,0.5000000000000001,0.7818314824680298,0.6234898018587336,0,0,0,,,,,,,,,,
2024-02-28,,,Test,2024,2,28,2,0,1,0,0,0.8660254037844386,0.5000000000000001,0.9749279121818236,-0.22252093395631434,0,0,0,,,,,,,,,,
2024-02-29,,,Test,2024,2,29,3,0,1,0,1,0.8660254037844386,0.5000000000000001,0.43388373911755823,-0.900968867902419,0,0,0,,,,,,,,,,
2024-03-01,,,Test,2024,3,1,4,0,1,1,0,1.0,6.123233995736766e-17,-0.433883739117558,-0.9009688679024191,0,0,0,,,,,,,,,,
2024-03-02,,,Test,2024,3,2,5,1,1,0,0,1.0,6.123233995736766e-17,-0.9749279121818236,-0.2225209339563146,0,0,0,,,,,,,,,,
2024-03-03,,,Test,2024,3,3,6,1,1,0,0,1.0,6.123233995736766e-17,-0.7818314824680299,0.6234898018587334,0,0,0,,,,,,,,,,
2024-03-04,,,Test,2024,3,4,0,0,1,0,0,1.0,6.123233995736766e-17,0.0,1.0,0,0,0,,,,,,,,,,
2024-03-05,,,Test,2024,3,5,1,0,1,0,0,1.0,6.123233995736766e-17,0.7818314824680298,0.6234898018587336,0,0,0,,,,,,,,,,
2024-03-06,,,Test,2024,3,6,2,0,1,0,0,1.0,6.123233995736766e-17,0.9749279121818236,-0.22252093395631434,0,0,0,,,,,,,,,,
2024-03-07,,,Test,2024,3,7,3,0,1,0,0,1.0,6.123233995736766e-17,0.43388373911755823,-0.900968867902419,0,0,0,,,,,,,,,,
2024-03-08,,,Test,2024,3,8,4,0,1,0,0,1.0,6.123233995736766e-17,-0.433883739117558,-0.9009688679024191,0,0,0,,,,,,,,,,
2024-03-09,,,Test,2024,3,9,5,1,1,0,0,1.0,6.123233995736766e-17,-0.9749279121818236,-0.2225209339563146,0,0,0,,,,,,,,,,
2024-03-10,,,Test,2024,3,10,6,1,1,0,0,1.0,6.123233995736766e-17,-0.7818314824680299,0.6234898018587334,0,0,0,,,,,,,,,,
2024-03-11,,,Test,2024,3,11,0,0,1,0,0,1.0,6.123233995736766e-17,0.0,1.0,0,0,0,,,,,,,,,,
2024-03-12,,,Test,2024,3,12,1,0,1,0,0,1.0,6.123233995736766e-17,0.7818314824680298,0.6234898018587336,0,0,0,,,,,,,,,,
2024-03-13,,,Test,2024,3,13,2,0,1,0,0,1.0,6.123233995736766e-17,0.9749279121818236,-0.22252093395631434,0,0,0,,,,,,,,,,
2024-03-14,,,Test,2024,3,14,3,0,1,0,0,1.0,6.123233995736766e-17,0.43388373911755823,-0.900968867902419,0,0,0,,,,,,,,,,
2024-03-15,,,Test,2024,3,15,4,0,1,0,0,1.0,6.123233995736766e-17,-0.433883739117558,-0.9009688679024191,0,0,0,,,,,,,,,,
2024-03-16,,,Test,2024,3,16,5,1,1,0,0,1.0,6.123233995736766e-17,-0.9749279121818236,-0.2225209339563146,0,0,0,,,,,,,,,,
2024-03-17,,,Test,2024,3,17,6,1,1,0,0,1.0,6.123233995736766e-17,-0.7818314824680299,0.6234898018587334,0,0,0,,,,,,,,,,
2024-03-18,,,Test,2024,3,18,0,0,1,0,0,1.0,6.123233995736766e-17,0.0,1.0,0,0,0,,,,,,,,,,
2024-03-19,,,Test,2024,3,19,1,0,1,0,0,1.0,6.123233995736766e-17,0.7818314824680298,0.6234898018587336,0,0,0,,,,,,,,,,
2024-03-20,,,Test,2024,3,20,2,0,1,0,0,1.0,6.123233995736766e-17,0.9749279121818236,-0.22252093395631434,0,0,0,,,,,,,,,,
2024-03-21,,,Test,2024,3,21,3,0,1,0,0,1.0,6.123233995736766e-17,0.43388373911755823,-0.900968867902419,0,0,0,,,,,,,,,,
2024-03-22,,,Test,2024,3,22,4,0,1,0,0,1.0,6.123233995736766e-17,-0.433883739117558,-0.9009688679024191,0,0,0,,,,,,,,,,
2024-03-23,,,Test,2024,3,23,5,1,1,0,0,1.0,6.123233995736766e-17,-0.9749279121818236,-0.2225209339563146,0,0,0,,,,,,,,,,
2024-03-24,,,Test,2024,3,24,6,1,1,0,0,1.0,6.123233995736766e-17,-0.7818314824680299,0.6234898018587334,0,0,0,,,,,,,,,,
2024-03-25,,,Test,2024,3,25,0,0,1,0,0,1.0,6.123233995736766e-17,0.0,1.0,0,0,0,,,,,,,,,,
2024-03-26,,,Test,2024,3,26,1,0,1,0,0,1.0,6.123233995736766e-17,0.7818314824680298,0.6234898018587336,0,0,0,,,,,,,,,,
2024-03-27,,,Test,2024,3,27,2,0,1,0,0,1.0,6.123233995736766e-17,0.9749279121818236,-0.22252093395631434,0,0,0,,,,,,,,,,
2024-03-28,,,Test,2024,3,28,3,0,1,0,0,1.0,6.123233995736766e-17,0.43388373911755823,-0.900968867902419,0,0,0,,,,,,,,,,
2024-03-29,,,Test,2024,3,29,4,0,1,0,0,1.0,6.123233995736766e-17,-0.433883739117558,-0.9009688679024191,0,0,0,,,,,,,,,,
2024-03-30,,,Test,2024,3,30,5,1,1,0,0,1.0,6.123233995736766e-17,-0.9749279121818236,-0.2225209339563146,0,0,0,,,,,,,,,,
2024-03-31,,,Test,2024,3,31,6,1,1,0,1,1.0,6.123233995736766e-17,-0.7818314824680299,0.6234898018587334,0,0,0,,,,,,,,,,
2024-04-01,,,Test,2024,4,1,0,0,2,1,0,0.8660254037844387,-0.4999999999999998,0.0,1.0,0,0,0,,,,,,,,,,
2024-04-02,,,Test,2024,4,2,1,0,2,0,0,0.8660254037844387,-0.4999999999999998,0.7818314824680298,0.6234898018587336,0,0,0,,,,,,,,,,
2024-04-03,,,Test,2024,4,3,2,0,2,0,0,0.8660254037844387,-0.4999999999999998,0.9749279121818236,-0.22252093395631434,0,0,0,,,,,,,,,,
2024-04-04,,,Test,2024,4,4,3,0,2,0,0,0.8660254037844387,-0.4999999999999998,0.43388373911755823,-0.900968867902419,0,0,0,,,,,,,,,,
2024-04-05,,,Test,2024,4,5,4,0,2,0,0,0.8660254037844387,-0.4999999999999998,-0.433883739117558,-0.9009688679024191,0,0,0,,,,,,,,,,
2024-04-06,,,Test,2024,4,6,5,1,2,0,0,0.8660254037844387,-0.4999999999999998,-0.9749279121818236,-0.2225209339563146,0,0,0,,,,,,,,,,
2024-04-07,,,Test,2024,4,7,6,1,2,0,0,0.8660254037844387,-0.4999999999999998,-0.7818314824680299,0.6234898018587334,0,0,0,,,,,,,,,,
2024-04-08,,,Test,2024,4,8,0,0,2,0,0,0.8660254037844387,-0.4999999999999998,0.0,1.0,0,0,0,,,,,,,,,,
2024-04-09,,,Test,2024,4,9,1,0,2,0,0,0.8660254037844387,-0.4999999999999998,0.7818314824680298,0.6234898018587336,0,0,0,,,,,,,,,,
2024-04-10,,,Test,2024,4,10,2,0,2,0,0,0.8660254037844387,-0.4999999999999998,0.9749279121818236,-0.22252093395631434,0,0,0,,,,,,,,,,
2024-04-11,,,Test,2024,4,11,3,0,2,0,0,0.8660254037844387,-0.4999999999999998,0.43388373911755823,-0.900968867902419,0,0,0,,,,,,,,,,
2024-04-12,,,Test,2024,4,12,4,0,2,0,0,0.8660254037844387,-0.4999999999999998,-0.433883739117558,-0.9009688679024191,0,0,0,,,,,,,,,,
2024-04-13,,,Test,2024,4,13,5,1,2,0,0,0.8660254037844387,-0.4999999999999998,-0.9749279121818236,-0.2225209339563146,0,0,0,,,,,,,,,,
2024-04-14,,,Test,2024,4,14,6,1,2,0,0,0.8660254037844387,-0.4999999999999998,-0.7818314824680299,0.6234898018587334,0,0,0,,,,,,,,,,
2024-04-15,,,Test,2024,4,15,0,0,2,0,0,0.8660254037844387,-0.4999999999999998,0.0,1.0,0,0,0,,,,,,,,,,
2024-04-16,,,Test,2024,4,16,1,0,2,0,0,0.8660254037844387,-0.4999999999999998,0.7818314824680298,0.6234898018587336,0,0,0,,,,,,,,,,
2024-04-17,,,Test,2024,4,17,2,0,2,0,0,0.8660254037844387,-0.4999999999999998,0.9749279121818236,-0.22252093395631434,0,0,0,,,,,,,,,,
2024-04-18,,,Test,2024,4,18,3,0,2,0,0,0.8660254037844387,-0.4999999999999998,0.43388373911755823,-0.900968867902419,0,0,0,,,,,,,,,,
2024-04-19,,,Test,2024,4,19,4,0,2,0,0,0.8660254037844387,-0.4999999999999998,-0.433883739117558,-0.9009688679024191,0,0,0,,,,,,,,,,
2024-04-20,,,Test,2024,4,20,5,1,2,0,0,0.8660254037844387,-0.4999999999999998,-0.9749279121818236,-0.2225209339563146,0,0,0,,,,,,,,,,
2024-04-21,,,Test,2024,4,21,6,1,2,0,0,0.8660254037844387,-0.4999999999999998,-0.7818314824680299,0.6234898018587334,0,0,0,,,,,,,,,,
2024-04-22,,,Test,2024,4,22,0,0,2,0,0,0.8660254037844387,-0.4999999999999998,0.0,1.0,0,0,0,,,,,,,,,,
2024-04-23,,,Test,2024,4,23,1,0,2,0,0,0.8660254037844387,-0.4999999999999998,0.7818314824680298,0.6234898018587336,0,0,0,,,,,,,,,,
2024-04-24,,,Test,2024,4,24,2,0,2,0,0,0.8660254037844387,-0.4999999999999998,0.9749279121818236,-0.22252093395631434,0,0,0,,,,,,,,,,
2024-04-25,,,Test,2024,4,25,3,0,2,0,0,0.8660254037844387,-0.4999999999999998,0.43388373911755823,-0.900968867902419,0,0,0,,,,,,,,,,
2024-04-26,,,Test,2024,4,26,4,0,2,0,0,0.8660254037844387,-0.4999999999999998,-0.433883739117558,-0.9009688679024191,0,0,0,,,,,,,,,,
2024-04-27,,,Test,2024,4,27,5,1,2,0,0,0.8660254037844387,-0.4999999999999998,-0.9749279121818236,-0.2225209339563146,0,0,0,,,,,,,,,,
2024-04-28,,,Test,2024,4,28,6,1,2,0,0,0.8660254037844387,-0.4999999999999998,-0.7818314824680299,0.6234898018587334,0,0,0,,,,,,,,,,
2024-04-29,,,Test,2024,4,29,0,0,2,0,0,0.8660254037844387,-0.4999999999999998,0.0,1.0,0,0,0,,,,,,,,,,
2024-04-30,,,Test,2024,4,30,1,0,2,0,1,0.8660254037844387,-0.4999999999999998,0.7818314824680298,0.6234898018587336,1,0,0,,,,,,,,,,
2024-05-01,,,Test,2024,5,1,2,0,2,1,0,0.49999999999999994,-0.8660254037844387,0.9749279121818236,-0.22252093395631434,1,0,0,,,,,,,,,,
2024-05-02,,,Test,2024,5,2,3,0,2,0,0,0.49999999999999994,-0.8660254037844387,0.43388373911755823,-0.900968867902419,0,0,0,,,,,,,,,,
2024-05-03,,,Test,2024,5,3,4,0,2,0,0,0.49999999999999994,-0.8660254037844387,-0.433883739117558,-0.9009688679024191,0,0,0,,,,,,,,,,
2024-05-04,,,Test,2024,5,4,5,1,2,0,0,0.49999999999999994,-0.8660254037844387,-0.9749279121818236,-0.2225209339563146,0,0,0,,,,,,,,,,
2024-05-05,,,Test,2024,5,5,6,1,2,0,0,0.49999999999999994,-0.8660254037844387,-0.7818314824680299,0.6234898018587334,0,0,0,,,,,,,,,,
2024-05-06,,,Test,2024,5,6,0,0,2,0,0,0.49999999999999994,-0.8660254037844387,0.0,1.0,0,0,0,,,,,,,,,,
2024-05-07,,,Test,2024,5,7,1,0,2,0,0,0.49999999999999994,-0.8660254037844387,0.7818314824680298,0.6234898018587336,0,0,0,,,,,,,,,,
2024-05-08,,,Test,2024,5,8,2,0,2,0,0,0.49999999999999994,-0.8660254037844387,0.9749279121818236,-0.22252093395631434,0,0,0,,,,,,,,,,
2024-05-09,,,Test,2024,5,9,3,0,2,0,0,0.49999999999999994,-0.8660254037844387,0.43388373911755823,-0.900968867902419,0,0,0,,,,,,,,,,
2024-05-10,,,Test,2024,5,10,4,0,2,0,0,0.49999999999999994,-0.8660254037844387,-0.433883739117558,-0.9009688679024191,0,0,0,,,,,,,,,,
2024-05-11,,,Test,2024,5,11,5,1,2,0,0,0.49999999999999994,-0.8660254037844387,-0.9749279121818236,-0.2225209339563146,0,0,0,,,,,,,,,,
2024-05-12,,,Test,2024,5,12,6,1,2,0,0,0.49999999999999994,-0.8660254037844387,-0.7818314824680299,0.6234898018587334,0,0,0,,,,,,,,,,
2024-05-13,,,Test,2024,5,13,0,0,2,0,0,0.49999999999999994,-0.8660254037844387,0.0,1.0,0,0,0,,,,,,,,,,
2024-05-14,,,Test,2024,5,14,1,0,2,0,0,0.49999999999999994,-0.8660254037844387,0.7818314824680298,0.6234898018587336,0,0,0,,,,,,,,,,
2024-05-15,,,Test,2024,5,15,2,0,2,0,0,0.49999999999999994,-0.8660254037844387,0.9749279121818236,-0.22252093395631434,0,0,0,,,,,,,,,,
2024-05-16,,,Test,2024,5,16,3,0,2,0,0,0.49999999999999994,-0.8660254037844387,0.43388373911755823,-0.900968867902419,0,0,0,,,,,,,,,,
2024-05-17,,,Test,2024,5,17,4,0,2,0,0,0.49999999999999994,-0.8660254037844387,-0.433883739117558,-0.9009688679024191,0,0,0,,,,,,,,,,
2024-05-18,,,Test,2024,5,18,5,1,2,0,0,0.49999999999999994,-0.8660254037844387,-0.9749279121818236,-0.2225209339563146,0,0,0,,,,,,,,,,
2024-05-19,,,Test,2024,5,19,6,1,2,0,0,0.49999999999999994,-0.8660254037844387,-0.7818314824680299,0.6234898018587334,0,0,0,,,,,,,,,,
2024-05-20,,,Test,2024,5,20,0,0,2,0,0,0.49999999999999994,-0.8660254037844387,0.0,1.0,0,0,0,,,,,,,,,,
2024-05-21,,,Test,2024,5,21,1,0,2,0,0,0.49999999999999994,-0.8660254037844387,0.7818314824680298,0.6234898018587336,0,0,0,,,,,,,,,,
2024-05-22,,,Test,2024,5,22,2,0,2,0,0,0.49999999999999994,-0.8660254037844387,0.9749279121818236,-0.22252093395631434,0,0,0,,,,,,,,,,
2024-05-23,,,Test,2024,5,23,3,0,2,0,0,0.49999999999999994,-0.8660254037844387,0.43388373911755823,-0.900968867902419,0,0,0,,,,,,,,,,
2024-05-24,,,Test,2024,5,24,4,0,2,0,0,0.49999999999999994,-0.8660254037844387,-0.433883739117558,-0.9009688679024191,0,0,0,,,,,,,,,,
2024-05-25,,,Test,2024,5,25,5,1,2,0,0,0.49999999999999994,-0.8660254037844387,-0.9749279121818236,-0.2225209339563146,0,0,0,,,,,,,,,,
2024-05-26,,,Test,2024,5,26,6,1,2,0,0,0.49999999999999994,-0.8660254037844387,-0.7818314824680299,0.6234898018587334,0,0,0,,,,,,,,,,
2024-05-27,,,Test,2024,5,27,0,0,2,0,0,0.49999999999999994,-0.8660254037844387,0.0,1.0,0,0,0,,,,,,,,,,
2024-05-28,,,Test,2024,5,28,1,0,2,0,0,0.49999999999999994,-0.8660254037844387,0.7818314824680298,0.6234898018587336,0,0,0,,,,,,,,,,
2024-05-29,,,Test,2024,5,29,2,0,2,0,0,0.49999999999999994,-0.8660254037844387,0.9749279121818236,-0.22252093395631434,0,0,0,,,,,,,,,,
2024-05-30,,,Test,2024,5,30,3,0,2,0,0,0.49999999999999994,-0.8660254037844387,0.43388373911755823,-0.900968867902419,0,0,0,,,,,,,,,,
2024-05-31,,,Test,2024,5,31,4,0,2,0,1,0.49999999999999994,-0.8660254037844387,-0.433883739117558,-0.9009688679024191,0,0,0,,,,,,,,,,
2024-06-01,,,Test,2024,6,1,5,1,2,1,0,1.2246467991473532e-16,-1.0,-0.9749279121818236,-0.2225209339563146,0,0,0,,,,,,,,,,
2024-06-02,,,Test,2024,6,2,6,1,2,0,0,1.2246467991473532e-16,-1.0,-0.7818314824680299,0.6234898018587334,0,0,0,,,,,,,,,,
2024-06-03,,,Test,2024,6,3,0,0,2,0,0,1.2246467991473532e-16,-1.0,0.0,1.0,0,0,0,,,,,,,,,,
2024-06-04,,,Test,2024,6,4,1,0,2,0,0,1.2246467991473532e-16,-1.0,0.7818314824680298,0.6234898018587336,0,0,0,,,,,,,,,,
2024-06-05,,,Test,2024,6,5,2,0,2,0,0,1.2246467991473532e-16,-1.0,0.9749279121818236,-0.22252093395631434,0,0,0,,,,,,,,,,
2024-06-06,,,Test,2024,6,6,3,0,2,0,0,1.2246467991473532e-16,-1.0,0.43388373911755823,-0.900968867902419,0,0,0,,,,,,,,,,
2024-06-07,,,Test,2024,6,7,4,0,2,0,0,1.2246467991473532e-16,-1.0,-0.433883739117558,-0.9009688679024191,0,0,0,,,,,,,,,,
2024-06-08,,,Test,2024,6,8,5,1,2,0,0,1.2246467991473532e-16,-1.0,-0.9749279121818236,-0.2225209339563146,0,0,0,,,,,,,,,,
2024-06-09,,,Test,2024,6,9,6,1,2,0,0,1.2246467991473532e-16,-1.0,-0.7818314824680299,0.6234898018587334,0,0,0,,,,,,,,,,
2024-06-10,,,Test,2024,6,10,0,0,2,0,0,1.2246467991473532e-16,-1.0,0.0,1.0,0,0,0,,,,,,,,,,
2024-06-11,,,Test,2024,6,11,1,0,2,0,0,1.2246467991473532e-16,-1.0,0.7818314824680298,0.6234898018587336,0,0,0,,,,,,,,,,
2024-06-12,,,Test,2024,6,12,2,0,2,0,0,1.2246467991473532e-16,-1.0,0.9749279121818236,-0.22252093395631434,0,0,0,,,,,,,,,,
2024-06-13,,,Test,2024,6,13,3,0,2,0,0,1.2246467991473532e-16,-1.0,0.43388373911755823,-0.900968867902419,0,0,0,,,,,,,,,,
2024-06-14,,,Test,2024,6,14,4,0,2,0,0,1.2246467991473532e-16,-1.0,-0.433883739117558,-0.9009688679024191,0,0,0,,,,,,,,,,
2024-06-15,,,Test,2024,6,15,5,1,2,0,0,1.2246467991473532e-16,-1.0,-0.9749279121818236,-0.2225209339563146,0,0,0,,,,,,,,,,
2024-06-16,,,Test,2024,6,16,6,1,2,0,0,1.2246467991473532e-16,-1.0,-0.7818314824680299,0.6234898018587334,0,0,0,,,,,,,,,,
2024-06-17,,,Test,2024,6,17,0,0,2,0,0,1.2246467991473532e-16,-1.0,0.0,1.0,0,0,0,,,,,,,,,,
2024-06-18,,,Test,2024,6,18,1,0,2,0,0,1.2246467991473532e-16,-1.0,0.7818314824680298,0.6234898018587336,0,0,0,,,,,,,,,,
2024-06-19,,,Test,2024,6,19,2,0,2,0,0,1.2246467991473532e-16,-1.0,0.9749279121818236,-0.22252093395631434,0,0,0,,,,,,,,,,
2024-06-20,,,Test,2024,6,20,3,0,2,0,0,1.2246467991473532e-16,-1.0,0.43388373911755823,-0.900968867902419,0,0,0,,,,,,,,,,
2024-06-21,,,Test,2024,6,21,4,0,2,0,0,1.2246467991473532e-16,-1.0,-0.433883739117558,-0.9009688679024191,0,0,0,,,,,,,,,,
2024-06-22,,,Test,2024,6,22,5,1,2,0,0,1.2246467991473532e-16,-1.0,-0.9749279121818236,-0.2225209339563146,0,0,0,,,,,,,,,,
2024-06-23,,,Test,2024,6,23,6,1,2,0,0,1.2246467991473532e-16,-1.0,-0.7818314824680299,0.6234898018587334,0,0,0,,,,,,,,,,
2024-06-24,,,Test,2024,6,24,0,0,2,0,0,1.2246467991473532e-16,-1.0,0.0,1.0,0,0,0,,,,,,,,,,
2024-06-25,,,Test,2024,6,25,1,0,2,0,0,1.2246467991473532e-16,-1.0,0.7818314824680298,0.6234898018587336,0,0,0,,,,,,,,,,
2024-06-26,,,Test,2024,6,26,2,0,2,0,0,1.2246467991473532e-16,-1.0,0.9749279121818236,-0.22252093395631434,0,0,0,,,,,,,,,,
2024-06-27,,,Test,2024,6,27,3,0,2,0,0,1.2246467991473532e-16,-1.0,0.43388373911755823,-0.900968867902419,0,0,0,,,,,,,,,,
2024-06-28,,,Test,2024,6,28,4,0,2,0,0,1.2246467991473532e-16,-1.0,-0.433883739117558,-0.9009688679024191,0,0,0,,,,,,,,,,
2024-06-29,,,Test,2024,6,29,5,1,2,0,0,1.2246467991473532e-16,-1.0,-0.9749279121818236,-0.2225209339563146,0,0,0,,,,,,,,,,
2024-06-30,,,Test,2024,6,30,6,1,2,0,1,1.2246467991473532e-16,-1.0,-0.7818314824680299,0.6234898018587334,0,0,0,,,,,,,,,,
2024-07-01,,,Test,2024,7,1,0,0,3,1,0,-0.4999999999999997,-0.8660254037844388,0.0,1.0,0,0,0,,,,,,,,,,
